datetime,dry_bulb_C,ghi_Wm2
2026-01-01 00:00:00,6.5888593600654515,0.0
2026-01-01 01:00:00,5.865316495373015,0.0
2026-01-01 02:00:00,5.088859360065452,0.0
2026-01-01 03:00:00,4.312402224757889,0.0
2026-01-01 04:00:00,3.5888593600654524,0.0
2026-01-01 05:00:00,2.9675390165058095,0.0
2026-01-01 06:00:00,2.4907831487121364,0.0
2026-01-01 07:00:00,2.1910818811982473,155.29142706151245
2026-01-01 08:00:00,2.0888593600654524,299.99999999999994
2026-01-01 09:00:00,2.1910818811982473,424.2640687119285
2026-01-01 10:00:00,2.4907831487121364,519.6152422706632
2026-01-01 11:00:00,2.96753901650581,579.555495773441
2026-01-01 12:00:00,3.5888593600654524,600.0
2026-01-01 13:00:00,4.31240222475789,579.555495773441
2026-01-01 14:00:00,5.088859360065452,519.6152422706632
2026-01-01 15:00:00,5.865316495373015,424.26406871192853
2026-01-01 16:00:00,6.588859360065452,299.99999999999994
2026-01-01 17:00:00,7.210179703625094,155.29142706151262
2026-01-01 18:00:00,7.686935571418768,7.347880794884119e-14
2026-01-01 19:00:00,7.986636838932657,0.0
2026-01-01 20:00:00,8.088859360065452,0.0
2026-01-01 21:00:00,7.986636838932657,0.0
2026-01-01 22:00:00,7.686935571418768,0.0
2026-01-01 23:00:00,7.210179703625095,0.0
2026-01-02 00:00:00,6.567431507325856,0.0
2026-01-02 01:00:00,5.843888642633419,0.0
2026-01-02 02:00:00,5.067431507325857,0.0
2026-01-02 03:00:00,4.290974372018294,0.0
2026-01-02 04:00:00,3.567431507325857,0.0
2026-01-02 05:00:00,2.946111163766214,0.0
2026-01-02 06:00:00,2.469355295972541,0.0
2026-01-02 07:00:00,2.169654028458652,155.29142706151245
2026-01-02 08:00:00,2.067431507325857,299.99999999999994
2026-01-02 09:00:00,2.169654028458652,424.2640687119285
2026-01-02 10:00:00,2.469355295972541,519.6152422706632
2026-01-02 11:00:00,2.9461111637662145,579.555495773441
2026-01-02 12:00:00,3.567431507325857,600.0
2026-01-02 13:00:00,4.290974372018295,579.555495773441
2026-01-02 14:00:00,5.067431507325857,519.6152422706632
2026-01-02 15:00:00,5.843888642633419,424.26406871192853
2026-01-02 16:00:00,6.567431507325857,299.99999999999994
2026-01-02 17:00:00,7.188751850885499,155.29142706151262
2026-01-02 18:00:00,7.665507718679173,7.347880794884119e-14
2026-01-02 19:00:00,7.965208986193062,0.0
2026-01-02 20:00:00,8.067431507325857,0.0
2026-01-02 21:00:00,7.965208986193062,0.0
2026-01-02 22:00:00,7.665507718679173,0.0
2026-01-02 23:00:00,7.1887518508855,0.0
2026-01-03 00:00:00,6.548946888993023,0.0
2026-01-03 01:00:00,5.825404024300586,0.0
2026-01-03 02:00:00,5.048946888993024,0.0
2026-01-03 03:00:00,4.272489753685461,0.0
2026-01-03 04:00:00,3.548946888993024,0.0
2026-01-03 05:00:00,2.927626545433381,0.0
2026-01-03 06:00:00,2.450870677639708,0.0
2026-01-03 07:00:00,2.151169410125819,155.29142706151245
2026-01-03 08:00:00,2.048946888993024,299.99999999999994
2026-01-03 09:00:00,2.151169410125819,424.2640687119285
2026-01-03 10:00:00,2.450870677639708,519.6152422706632
2026-01-03 11:00:00,2.9276265454333816,579.555495773441
2026-01-03 12:00:00,3.548946888993024,600.0
2026-01-03 13:00:00,4.272489753685462,579.555495773441
2026-01-03 14:00:00,5.048946888993024,519.6152422706632
2026-01-03 15:00:00,5.825404024300586,424.26406871192853
2026-01-03 16:00:00,6.548946888993024,299.99999999999994
2026-01-03 17:00:00,7.170267232552666,155.29142706151262
2026-01-03 18:00:00,7.64702310034634,7.347880794884119e-14
2026-01-03 19:00:00,7.946724367860229,0.0
2026-01-03 20:00:00,8.048946888993024,0.0
2026-01-03 21:00:00,7.946724367860229,0.0
2026-01-03 22:00:00,7.64702310034634,0.0
2026-01-03 23:00:00,7.170267232552667,0.0
2026-01-04 00:00:00,6.533410982458297,0.0
2026-01-04 01:00:00,5.80986811776586,0.0
2026-01-04 02:00:00,5.033410982458298,0.0
2026-01-04 03:00:00,4.256953847150735,0.0
2026-01-04 04:00:00,3.5334109824582978,0.0
2026-01-04 05:00:00,2.912090638898655,0.0
2026-01-04 06:00:00,2.4353347711049818,0.0
2026-01-04 07:00:00,2.1356335035910927,155.29142706151245
2026-01-04 08:00:00,2.0334109824582978,299.99999999999994
2026-01-04 09:00:00,2.1356335035910927,424.2640687119285
2026-01-04 10:00:00,2.4353347711049818,519.6152422706632
2026-01-04 11:00:00,2.9120906388986554,579.555495773441
2026-01-04 12:00:00,3.5334109824582978,600.0
2026-01-04 13:00:00,4.2569538471507355,579.555495773441
2026-01-04 14:00:00,5.033410982458298,519.6152422706632
2026-01-04 15:00:00,5.80986811776586,424.26406871192853
2026-01-04 16:00:00,6.533410982458298,299.99999999999994
2026-01-04 17:00:00,7.15473132601794,155.29142706151262
2026-01-04 18:00:00,7.631487193811614,7.347880794884119e-14
2026-01-04 19:00:00,7.931188461325503,0.0
2026-01-04 20:00:00,8.033410982458298,0.0
2026-01-04 21:00:00,7.931188461325503,0.0
2026-01-04 22:00:00,7.631487193811614,0.0
2026-01-04 23:00:00,7.154731326017941,0.0
2026-01-05 00:00:00,6.520828391346078,0.0
2026-01-05 01:00:00,5.797285526653641,0.0
2026-01-05 02:00:00,5.020828391346079,0.0
2026-01-05 03:00:00,4.244371256038516,0.0
2026-01-05 04:00:00,3.520828391346079,0.0
2026-01-05 05:00:00,2.899508047786436,0.0
2026-01-05 06:00:00,2.422752179992763,0.0
2026-01-05 07:00:00,2.123050912478874,155.29142706151245
2026-01-05 08:00:00,2.020828391346079,299.99999999999994
2026-01-05 09:00:00,2.123050912478874,424.2640687119285
2026-01-05 10:00:00,2.422752179992763,519.6152422706632
2026-01-05 11:00:00,2.8995080477864366,579.555495773441
2026-01-05 12:00:00,3.520828391346079,600.0
2026-01-05 13:00:00,4.244371256038517,579.555495773441
2026-01-05 14:00:00,5.020828391346079,519.6152422706632
2026-01-05 15:00:00,5.797285526653641,424.26406871192853
2026-01-05 16:00:00,6.520828391346079,299.99999999999994
2026-01-05 17:00:00,7.142148734905721,155.29142706151262
2026-01-05 18:00:00,7.618904602699395,7.347880794884119e-14
2026-01-05 19:00:00,7.918605870213284,0.0
2026-01-05 20:00:00,8.020828391346079,0.0
2026-01-05 21:00:00,7.918605870213284,0.0
2026-01-05 22:00:00,7.618904602699395,0.0
2026-01-05 23:00:00,7.142148734905722,0.0
2026-01-06 00:00:00,6.511202844149662,0.0
2026-01-06 01:00:00,5.787659979457225,0.0
2026-01-06 02:00:00,5.011202844149663,0.0
2026-01-06 03:00:00,4.2347457088421,0.0
2026-01-06 04:00:00,3.511202844149663,0.0
2026-01-06 05:00:00,2.88988250059002,0.0
2026-01-06 06:00:00,2.413126632796347,0.0
2026-01-06 07:00:00,2.113425365282458,155.29142706151245
2026-01-06 08:00:00,2.011202844149663,299.99999999999994
2026-01-06 09:00:00,2.113425365282458,424.2640687119285
2026-01-06 10:00:00,2.413126632796347,519.6152422706632
2026-01-06 11:00:00,2.8898825005900206,579.555495773441
2026-01-06 12:00:00,3.511202844149663,600.0
2026-01-06 13:00:00,4.234745708842101,579.555495773441
2026-01-06 14:00:00,5.011202844149663,519.6152422706632
2026-01-06 15:00:00,5.787659979457225,424.26406871192853
2026-01-06 16:00:00,6.511202844149663,299.99999999999994
2026-01-06 17:00:00,7.132523187709305,155.29142706151262
2026-01-06 18:00:00,7.609279055502979,7.347880794884119e-14
2026-01-06 19:00:00,7.908980323016868,0.0
2026-01-06 20:00:00,8.011202844149663,0.0
2026-01-06 21:00:00,7.908980323016868,0.0
2026-01-06 22:00:00,7.609279055502979,0.0
2026-01-06 23:00:00,7.132523187709306,0.0
2026-01-07 00:00:00,6.504537193126427,0.0
2026-01-07 01:00:00,5.78099432843399,0.0
2026-01-07 02:00:00,5.004537193126428,0.0
2026-01-07 03:00:00,4.228080057818865,0.0
2026-01-07 04:00:00,3.5045371931264278,0.0
2026-01-07 05:00:00,2.883216849566785,0.0
2026-01-07 06:00:00,2.4064609817731117,0.0
2026-01-07 07:00:00,2.1067597142592227,155.29142706151245
2026-01-07 08:00:00,2.0045371931264278,299.99999999999994
2026-01-07 09:00:00,2.1067597142592227,424.2640687119285
2026-01-07 10:00:00,2.4064609817731117,519.6152422706632
2026-01-07 11:00:00,2.8832168495667854,579.555495773441
2026-01-07 12:00:00,3.5045371931264278,600.0
2026-01-07 13:00:00,4.2280800578188655,579.555495773441
2026-01-07 14:00:00,5.004537193126428,519.6152422706632
2026-01-07 15:00:00,5.78099432843399,424.26406871192853
2026-01-07 16:00:00,6.504537193126428,299.99999999999994
2026-01-07 17:00:00,7.12585753668607,155.29142706151262
2026-01-07 18:00:00,7.602613404479744,7.347880794884119e-14
2026-01-07 19:00:00,7.902314671993633,0.0
2026-01-07 20:00:00,8.004537193126428,0.0
2026-01-07 21:00:00,7.902314671993633,0.0
2026-01-07 22:00:00,7.602613404479744,0.0
2026-01-07 23:00:00,7.125857536686071,0.0
2026-01-08 00:00:00,6.500833413452621,0.0
2026-01-08 01:00:00,5.777290548760184,0.0
2026-01-08 02:00:00,5.000833413452622,0.0
2026-01-08 03:00:00,4.2243762781450584,0.0
2026-01-08 04:00:00,3.5008334134526216,0.0
2026-01-08 05:00:00,2.8795130698929787,0.0
2026-01-08 06:00:00,2.4027572020993055,0.0
2026-01-08 07:00:00,2.1030559345854165,155.29142706151245
2026-01-08 08:00:00,2.0008334134526216,299.99999999999994
2026-01-08 09:00:00,2.1030559345854165,424.2640687119285
2026-01-08 10:00:00,2.4027572020993055,519.6152422706632
2026-01-08 11:00:00,2.879513069892979,579.555495773441
2026-01-08 12:00:00,3.5008334134526216,600.0
2026-01-08 13:00:00,4.224376278145059,579.555495773441
2026-01-08 14:00:00,5.000833413452622,519.6152422706632
2026-01-08 15:00:00,5.777290548760184,424.26406871192853
2026-01-08 16:00:00,6.500833413452622,299.99999999999994
2026-01-08 17:00:00,7.1221537570122635,155.29142706151262
2026-01-08 18:00:00,7.598909624805938,7.347880794884119e-14
2026-01-08 19:00:00,7.898610892319827,0.0
2026-01-08 20:00:00,8.000833413452622,0.0
2026-01-08 21:00:00,7.898610892319827,0.0
2026-01-08 22:00:00,7.598909624805938,0.0
2026-01-08 23:00:00,7.122153757012264,0.0
2026-01-09 00:00:00,6.500092602638097,0.0
2026-01-09 01:00:00,5.77654973794566,0.0
2026-01-09 02:00:00,5.000092602638098,0.0
2026-01-09 03:00:00,4.223635467330535,0.0
2026-01-09 04:00:00,3.500092602638098,0.0
2026-01-09 05:00:00,2.8787722590784552,0.0
2026-01-09 06:00:00,2.402016391284782,0.0
2026-01-09 07:00:00,2.102315123770893,155.29142706151245
2026-01-09 08:00:00,2.000092602638098,299.99999999999994
2026-01-09 09:00:00,2.102315123770893,424.2640687119285
2026-01-09 10:00:00,2.402016391284782,519.6152422706632
2026-01-09 11:00:00,2.8787722590784557,579.555495773441
2026-01-09 12:00:00,3.500092602638098,600.0
2026-01-09 13:00:00,4.223635467330536,579.555495773441
2026-01-09 14:00:00,5.000092602638098,519.6152422706632
2026-01-09 15:00:00,5.77654973794566,424.26406871192853
2026-01-09 16:00:00,6.500092602638098,299.99999999999994
2026-01-09 17:00:00,7.12141294619774,155.29142706151262
2026-01-09 18:00:00,7.598168813991414,7.347880794884119e-14
2026-01-09 19:00:00,7.897870081505303,0.0
2026-01-09 20:00:00,8.000092602638098,0.0
2026-01-09 21:00:00,7.897870081505303,0.0
2026-01-09 22:00:00,7.598168813991414,0.0
2026-01-09 23:00:00,7.121412946197741,0.0
2026-01-10 00:00:00,6.502314980201091,0.0
2026-01-10 01:00:00,5.778772115508654,0.0
2026-01-10 02:00:00,5.002314980201092,0.0
2026-01-10 03:00:00,4.225857844893529,0.0
2026-01-10 04:00:00,3.502314980201092,0.0
2026-01-10 05:00:00,2.880994636641449,0.0
2026-01-10 06:00:00,2.404238768847776,0.0
2026-01-10 07:00:00,2.104537501333887,155.29142706151245
2026-01-10 08:00:00,2.002314980201092,299.99999999999994
2026-01-10 09:00:00,2.104537501333887,424.2640687119285
2026-01-10 10:00:00,2.404238768847776,519.6152422706632
2026-01-10 11:00:00,2.8809946366414496,579.555495773441
2026-01-10 12:00:00,3.502314980201092,600.0
2026-01-10 13:00:00,4.22585784489353,579.555495773441
2026-01-10 14:00:00,5.002314980201092,519.6152422706632
2026-01-10 15:00:00,5.778772115508654,424.26406871192853
2026-01-10 16:00:00,6.502314980201092,299.99999999999994
2026-01-10 17:00:00,7.123635323760734,155.29142706151262
2026-01-10 18:00:00,7.600391191554408,7.347880794884119e-14
2026-01-10 19:00:00,7.900092459068297,0.0
2026-01-10 20:00:00,8.002314980201092,0.0
2026-01-10 21:00:00,7.900092459068297,0.0
2026-01-10 22:00:00,7.600391191554408,0.0
2026-01-10 23:00:00,7.123635323760735,0.0
2026-01-11 00:00:00,6.5074998876031644,0.0
2026-01-11 01:00:00,5.7839570229107276,0.0
2026-01-11 02:00:00,5.007499887603165,0.0
2026-01-11 03:00:00,4.231042752295602,0.0
2026-01-11 04:00:00,3.5074998876031653,0.0
2026-01-11 05:00:00,2.8861795440435225,0.0
2026-01-11 06:00:00,2.4094236762498493,0.0
2026-01-11 07:00:00,2.1097224087359603,155.29142706151245
2026-01-11 08:00:00,2.0074998876031653,299.99999999999994
2026-01-11 09:00:00,2.1097224087359603,424.2640687119285
2026-01-11 10:00:00,2.4094236762498493,519.6152422706632
2026-01-11 11:00:00,2.886179544043523,579.555495773441
2026-01-11 12:00:00,3.5074998876031653,600.0
2026-01-11 13:00:00,4.231042752295603,579.555495773441
2026-01-11 14:00:00,5.007499887603165,519.6152422706632
2026-01-11 15:00:00,5.7839570229107276,424.26406871192853
2026-01-11 16:00:00,6.507499887603165,299.99999999999994
2026-01-11 17:00:00,7.128820231162807,155.29142706151262
2026-01-11 18:00:00,7.605576098956481,7.347880794884119e-14
2026-01-11 19:00:00,7.90527736647037,0.0
2026-01-11 20:00:00,8.007499887603165,0.0
2026-01-11 21:00:00,7.90527736647037,0.0
2026-01-11 22:00:00,7.605576098956481,0.0
2026-01-11 23:00:00,7.128820231162808,0.0
2026-01-12 00:00:00,6.515645788444357,0.0
2026-01-12 01:00:00,5.79210292375192,0.0
2026-01-12 02:00:00,5.015645788444358,0.0
2026-01-12 03:00:00,4.239188653136795,0.0
2026-01-12 04:00:00,3.515645788444358,0.0
2026-01-12 05:00:00,2.894325444884715,0.0
2026-01-12 06:00:00,2.417569577091042,0.0
2026-01-12 07:00:00,2.117868309577153,155.29142706151245
2026-01-12 08:00:00,2.015645788444358,299.99999999999994
2026-01-12 09:00:00,2.117868309577153,424.2640687119285
2026-01-12 10:00:00,2.417569577091042,519.6152422706632
2026-01-12 11:00:00,2.8943254448847155,579.555495773441
2026-01-12 12:00:00,3.515645788444358,600.0
2026-01-12 13:00:00,4.239188653136796,579.555495773441
2026-01-12 14:00:00,5.015645788444358,519.6152422706632
2026-01-12 15:00:00,5.79210292375192,424.26406871192853
2026-01-12 16:00:00,6.515645788444358,299.99999999999994
2026-01-12 17:00:00,7.136966132004,155.29142706151262
2026-01-12 18:00:00,7.613721999797674,7.347880794884119e-14
2026-01-12 19:00:00,7.913423267311563,0.0
2026-01-12 20:00:00,8.015645788444358,0.0
2026-01-12 21:00:00,7.913423267311563,0.0
2026-01-12 22:00:00,7.613721999797674,0.0
2026-01-12 23:00:00,7.136966132004001,0.0
2026-01-13 00:00:00,6.526750268918444,0.0
2026-01-13 01:00:00,5.803207404226007,0.0
2026-01-13 02:00:00,5.026750268918445,0.0
2026-01-13 03:00:00,4.250293133610882,0.0
2026-01-13 04:00:00,3.5267502689184447,0.0
2026-01-13 05:00:00,2.905429925358802,0.0
2026-01-13 06:00:00,2.4286740575651287,0.0
2026-01-13 07:00:00,2.1289727900512396,155.29142706151245
2026-01-13 08:00:00,2.0267502689184447,299.99999999999994
2026-01-13 09:00:00,2.1289727900512396,424.2640687119285
2026-01-13 10:00:00,2.4286740575651287,519.6152422706632
2026-01-13 11:00:00,2.9054299253588023,579.555495773441
2026-01-13 12:00:00,3.5267502689184447,600.0
2026-01-13 13:00:00,4.2502931336108825,579.555495773441
2026-01-13 14:00:00,5.026750268918445,519.6152422706632
2026-01-13 15:00:00,5.803207404226007,424.26406871192853
2026-01-13 16:00:00,6.526750268918445,299.99999999999994
2026-01-13 17:00:00,7.148070612478087,155.29142706151262
2026-01-13 18:00:00,7.624826480271761,7.347880794884119e-14
2026-01-13 19:00:00,7.92452774778565,0.0
2026-01-13 20:00:00,8.026750268918445,0.0
2026-01-13 21:00:00,7.92452774778565,0.0
2026-01-13 22:00:00,7.624826480271761,0.0
2026-01-13 23:00:00,7.1480706124780875,0.0
2026-01-14 00:00:00,6.5408100385282095,0.0
2026-01-14 01:00:00,5.817267173835773,0.0
2026-01-14 02:00:00,5.04081003852821,0.0
2026-01-14 03:00:00,4.264352903220647,0.0
2026-01-14 04:00:00,3.5408100385282104,0.0
2026-01-14 05:00:00,2.9194896949685676,0.0
2026-01-14 06:00:00,2.4427338271748944,0.0
2026-01-14 07:00:00,2.1430325596610054,155.29142706151245
2026-01-14 08:00:00,2.0408100385282104,299.99999999999994
2026-01-14 09:00:00,2.1430325596610054,424.2640687119285
2026-01-14 10:00:00,2.4427338271748944,519.6152422706632
2026-01-14 11:00:00,2.919489694968568,579.555495773441
2026-01-14 12:00:00,3.5408100385282104,600.0
2026-01-14 13:00:00,4.264352903220648,579.555495773441
2026-01-14 14:00:00,5.04081003852821,519.6152422706632
2026-01-14 15:00:00,5.817267173835773,424.26406871192853
2026-01-14 16:00:00,6.54081003852821,299.99999999999994
2026-01-14 17:00:00,7.162130382087852,155.29142706151262
2026-01-14 18:00:00,7.638886249881526,7.347880794884119e-14
2026-01-14 19:00:00,7.9385875173954155,0.0
2026-01-14 20:00:00,8.04081003852821,0.0
2026-01-14 21:00:00,7.9385875173954155,0.0
2026-01-14 22:00:00,7.638886249881526,0.0
2026-01-14 23:00:00,7.162130382087853,0.0
2026-01-15 00:00:00,6.557820931060479,0.0
2026-01-15 01:00:00,5.834278066368042,0.0
2026-01-15 02:00:00,5.05782093106048,0.0
2026-01-15 03:00:00,4.281363795752917,0.0
2026-01-15 04:00:00,3.55782093106048,0.0
2026-01-15 05:00:00,2.936500587500837,0.0
2026-01-15 06:00:00,2.459744719707164,0.0
2026-01-15 07:00:00,2.1600434521932748,155.29142706151245
2026-01-15 08:00:00,2.05782093106048,299.99999999999994
2026-01-15 09:00:00,2.1600434521932748,424.2640687119285
2026-01-15 10:00:00,2.459744719707164,519.6152422706632
2026-01-15 11:00:00,2.9365005875008374,579.555495773441
2026-01-15 12:00:00,3.55782093106048,600.0
2026-01-15 13:00:00,4.281363795752918,579.555495773441
2026-01-15 14:00:00,5.05782093106048,519.6152422706632
2026-01-15 15:00:00,5.834278066368042,424.26406871192853
2026-01-15 16:00:00,6.55782093106048,299.99999999999994
2026-01-15 17:00:00,7.179141274620122,155.29142706151262
2026-01-15 18:00:00,7.655897142413796,7.347880794884119e-14
2026-01-15 19:00:00,7.955598409927685,0.0
2026-01-15 20:00:00,8.05782093106048,0.0
2026-01-15 21:00:00,7.955598409927685,0.0
2026-01-15 22:00:00,7.655897142413796,0.0
2026-01-15 23:00:00,7.179141274620123,0.0
2026-01-16 00:00:00,6.577777905820677,0.0
2026-01-16 01:00:00,5.8542350411282404,0.0
2026-01-16 02:00:00,5.077777905820678,0.0
2026-01-16 03:00:00,4.301320770513115,0.0
2026-01-16 04:00:00,3.5777779058206782,0.0
2026-01-16 05:00:00,2.9564575622610354,0.0
2026-01-16 06:00:00,2.479701694467362,0.0
2026-01-16 07:00:00,2.180000426953473,155.29142706151245
2026-01-16 08:00:00,2.0777779058206782,299.99999999999994
2026-01-16 09:00:00,2.180000426953473,424.2640687119285
2026-01-16 10:00:00,2.479701694467362,519.6152422706632
2026-01-16 11:00:00,2.956457562261036,579.555495773441
2026-01-16 12:00:00,3.5777779058206782,600.0
2026-01-16 13:00:00,4.301320770513116,579.555495773441
2026-01-16 14:00:00,5.077777905820678,519.6152422706632
2026-01-16 15:00:00,5.8542350411282404,424.26406871192853
2026-01-16 16:00:00,6.577777905820678,299.99999999999994
2026-01-16 17:00:00,7.19909824938032,155.29142706151262
2026-01-16 18:00:00,7.675854117173994,7.347880794884119e-14
2026-01-16 19:00:00,7.975555384687883,0.0
2026-01-16 20:00:00,8.077777905820678,0.0
2026-01-16 21:00:00,7.975555384687883,0.0
2026-01-16 22:00:00,7.675854117173994,0.0
2026-01-16 23:00:00,7.199098249380321,0.0
2026-01-17 00:00:00,6.600675049126468,0.0
2026-01-17 01:00:00,5.877132184434031,0.0
2026-01-17 02:00:00,5.100675049126469,0.0
2026-01-17 03:00:00,4.324217913818906,0.0
2026-01-17 04:00:00,3.600675049126469,0.0
2026-01-17 05:00:00,2.979354705566826,0.0
2026-01-17 06:00:00,2.502598837773153,0.0
2026-01-17 07:00:00,2.202897570259264,155.29142706151245
2026-01-17 08:00:00,2.100675049126469,299.99999999999994
2026-01-17 09:00:00,2.202897570259264,424.2640687119285
2026-01-17 10:00:00,2.502598837773153,519.6152422706632
2026-01-17 11:00:00,2.9793547055668266,579.555495773441
2026-01-17 12:00:00,3.600675049126469,600.0
2026-01-17 13:00:00,4.324217913818907,579.555495773441
2026-01-17 14:00:00,5.100675049126469,519.6152422706632
2026-01-17 15:00:00,5.877132184434031,424.26406871192853
2026-01-17 16:00:00,6.600675049126469,299.99999999999994
2026-01-17 17:00:00,7.221995392686111,155.29142706151262
2026-01-17 18:00:00,7.698751260479785,7.347880794884119e-14
2026-01-17 19:00:00,7.998452527993674,0.0
2026-01-17 20:00:00,8.100675049126469,0.0
2026-01-17 21:00:00,7.998452527993674,0.0
2026-01-17 22:00:00,7.698751260479785,0.0
2026-01-17 23:00:00,7.221995392686112,0.0
2026-01-18 00:00:00,6.6265055760601355,0.0
2026-01-18 01:00:00,5.902962711367699,0.0
2026-01-18 02:00:00,5.126505576060136,0.0
2026-01-18 03:00:00,4.350048440752573,0.0
2026-01-18 04:00:00,3.6265055760601363,0.0
2026-01-18 05:00:00,3.0051852325004935,0.0
2026-01-18 06:00:00,2.5284293647068203,0.0
2026-01-18 07:00:00,2.2287280971929313,155.29142706151245
2026-01-18 08:00:00,2.1265055760601363,299.99999999999994
2026-01-18 09:00:00,2.2287280971929313,424.2640687119285
2026-01-18 10:00:00,2.5284293647068203,519.6152422706632
2026-01-18 11:00:00,3.005185232500494,579.555495773441
2026-01-18 12:00:00,3.6265055760601363,600.0
2026-01-18 13:00:00,4.350048440752574,579.555495773441
2026-01-18 14:00:00,5.126505576060136,519.6152422706632
2026-01-18 15:00:00,5.902962711367699,424.26406871192853
2026-01-18 16:00:00,6.626505576060136,299.99999999999994
2026-01-18 17:00:00,7.247825919619778,155.29142706151262
2026-01-18 18:00:00,7.724581787413452,7.347880794884119e-14
2026-01-18 19:00:00,8.024283054927341,0.0
2026-01-18 20:00:00,8.126505576060136,0.0
2026-01-18 21:00:00,8.024283054927341,0.0
2026-01-18 22:00:00,7.724581787413452,0.0
2026-01-18 23:00:00,7.247825919619779,0.0
2026-01-19 00:00:00,6.655261832479076,0.0
2026-01-19 01:00:00,5.931718967786639,0.0
2026-01-19 02:00:00,5.155261832479077,0.0
2026-01-19 03:00:00,4.378804697171514,0.0
2026-01-19 04:00:00,3.655261832479077,0.0
2026-01-19 05:00:00,3.0339414889194343,0.0
2026-01-19 06:00:00,2.557185621125761,0.0
2026-01-19 07:00:00,2.257484353611872,155.29142706151245
2026-01-19 08:00:00,2.155261832479077,299.99999999999994
2026-01-19 09:00:00,2.257484353611872,424.2640687119285
2026-01-19 10:00:00,2.557185621125761,519.6152422706632
2026-01-19 11:00:00,3.0339414889194347,579.555495773441
2026-01-19 12:00:00,3.655261832479077,600.0
2026-01-19 13:00:00,4.378804697171515,579.555495773441
2026-01-19 14:00:00,5.155261832479077,519.6152422706632
2026-01-19 15:00:00,5.931718967786639,424.26406871192853
2026-01-19 16:00:00,6.655261832479077,299.99999999999994
2026-01-19 17:00:00,7.276582176038719,155.29142706151262
2026-01-19 18:00:00,7.753338043832393,7.347880794884119e-14
2026-01-19 19:00:00,8.053039311346282,0.0
2026-01-19 20:00:00,8.155261832479077,0.0
2026-01-19 21:00:00,8.053039311346282,0.0
2026-01-19 22:00:00,7.753338043832393,0.0
2026-01-19 23:00:00,7.27658217603872,0.0
2026-01-20 00:00:00,6.686935297283905,0.0
2026-01-20 01:00:00,5.963392432591468,0.0
2026-01-20 02:00:00,5.186935297283906,0.0
2026-01-20 03:00:00,4.410478161976343,0.0
2026-01-20 04:00:00,3.686935297283906,0.0
2026-01-20 05:00:00,3.065614953724263,0.0
2026-01-20 06:00:00,2.58885908593059,0.0
2026-01-20 07:00:00,2.289157818416701,155.29142706151245
2026-01-20 08:00:00,2.186935297283906,299.99999999999994
2026-01-20 09:00:00,2.289157818416701,424.2640687119285
2026-01-20 10:00:00,2.58885908593059,519.6152422706632
2026-01-20 11:00:00,3.0656149537242636,579.555495773441
2026-01-20 12:00:00,3.686935297283906,600.0
2026-01-20 13:00:00,4.410478161976344,579.555495773441
2026-01-20 14:00:00,5.186935297283906,519.6152422706632
2026-01-20 15:00:00,5.963392432591468,424.26406871192853
2026-01-20 16:00:00,6.686935297283906,299.99999999999994
2026-01-20 17:00:00,7.308255640843548,155.29142706151262
2026-01-20 18:00:00,7.785011508637222,7.347880794884119e-14
2026-01-20 19:00:00,8.084712776151111,0.0
2026-01-20 20:00:00,8.186935297283906,0.0
2026-01-20 21:00:00,8.084712776151111,0.0
2026-01-20 22:00:00,7.785011508637222,0.0
2026-01-20 23:00:00,7.308255640843549,0.0
2026-01-21 00:00:00,6.721516584943431,0.0
2026-01-21 01:00:00,5.997973720250994,0.0
2026-01-21 02:00:00,5.221516584943432,0.0
2026-01-21 03:00:00,4.445059449635869,0.0
2026-01-21 04:00:00,3.7215165849434317,0.0
2026-01-21 05:00:00,3.100196241383789,0.0
2026-01-21 06:00:00,2.6234403735901157,0.0
2026-01-21 07:00:00,2.3237391060762267,155.29142706151245
2026-01-21 08:00:00,2.2215165849434317,299.99999999999994
2026-01-21 09:00:00,2.3237391060762267,424.2640687119285
2026-01-21 10:00:00,2.6234403735901157,519.6152422706632
2026-01-21 11:00:00,3.1001962413837894,579.555495773441
2026-01-21 12:00:00,3.7215165849434317,600.0
2026-01-21 13:00:00,4.4450594496358695,579.555495773441
2026-01-21 14:00:00,5.221516584943432,519.6152422706632
2026-01-21 15:00:00,5.997973720250994,424.26406871192853
2026-01-21 16:00:00,6.721516584943432,299.99999999999994
2026-01-21 17:00:00,7.342836928503074,155.29142706151262
2026-01-21 18:00:00,7.819592796296748,7.347880794884119e-14
2026-01-21 19:00:00,8.119294063810637,0.0
2026-01-21 20:00:00,8.221516584943432,0.0
2026-01-21 21:00:00,8.119294063810637,0.0
2026-01-21 22:00:00,7.819592796296748,0.0
2026-01-21 23:00:00,7.342836928503075,0.0
2026-01-22 00:00:00,6.758995448275795,0.0
2026-01-22 01:00:00,6.035452583583358,0.0
2026-01-22 02:00:00,5.258995448275796,0.0
2026-01-22 03:00:00,4.482538312968233,0.0
2026-01-22 04:00:00,3.7589954482757957,0.0
2026-01-22 05:00:00,3.137675104716153,0.0
2026-01-22 06:00:00,2.6609192369224797,0.0
2026-01-22 07:00:00,2.3612179694085906,155.29142706151245
2026-01-22 08:00:00,2.2589954482757957,299.99999999999994
2026-01-22 09:00:00,2.3612179694085906,424.2640687119285
2026-01-22 10:00:00,2.6609192369224797,519.6152422706632
2026-01-22 11:00:00,3.1376751047161533,579.555495773441
2026-01-22 12:00:00,3.7589954482757957,600.0
2026-01-22 13:00:00,4.4825383129682335,579.555495773441
2026-01-22 14:00:00,5.258995448275796,519.6152422706632
2026-01-22 15:00:00,6.035452583583358,424.26406871192853
2026-01-22 16:00:00,6.758995448275796,299.99999999999994
2026-01-22 17:00:00,7.380315791835438,155.29142706151262
2026-01-22 18:00:00,7.857071659629112,7.347880794884119e-14
2026-01-22 19:00:00,8.156772927143,0.0
2026-01-22 20:00:00,8.258995448275796,0.0
2026-01-22 21:00:00,8.156772927143,0.0
2026-01-22 22:00:00,7.857071659629112,0.0
2026-01-22 23:00:00,7.3803157918354385,0.0
2026-01-23 00:00:00,6.7993607814849275,0.0
2026-01-23 01:00:00,6.075817916792491,0.0
2026-01-23 02:00:00,5.299360781484928,0.0
2026-01-23 03:00:00,4.522903646177365,0.0
2026-01-23 04:00:00,3.7993607814849284,0.0
2026-01-23 05:00:00,3.1780404379252856,0.0
2026-01-23 06:00:00,2.7012845701316124,0.0
2026-01-23 07:00:00,2.4015833026177233,155.29142706151245
2026-01-23 08:00:00,2.2993607814849284,299.99999999999994
2026-01-23 09:00:00,2.4015833026177233,424.2640687119285
2026-01-23 10:00:00,2.7012845701316124,519.6152422706632
2026-01-23 11:00:00,3.178040437925286,579.555495773441
2026-01-23 12:00:00,3.7993607814849284,600.0
2026-01-23 13:00:00,4.522903646177366,579.555495773441
2026-01-23 14:00:00,5.299360781484928,519.6152422706632
2026-01-23 15:00:00,6.075817916792491,424.26406871192853
2026-01-23 16:00:00,6.799360781484928,299.99999999999994
2026-01-23 17:00:00,7.42068112504457,155.29142706151262
2026-01-23 18:00:00,7.897436992838244,7.347880794884119e-14
2026-01-23 19:00:00,8.197138260352133,0.0
2026-01-23 20:00:00,8.299360781484928,0.0
2026-01-23 21:00:00,8.197138260352133,0.0
2026-01-23 22:00:00,7.897436992838244,0.0
2026-01-23 23:00:00,7.420681125044571,0.0
2026-01-24 00:00:00,6.8426006234514505,0.0
2026-01-24 01:00:00,6.119057758759014,0.0
2026-01-24 02:00:00,5.342600623451451,0.0
2026-01-24 03:00:00,4.566143488143888,0.0
2026-01-24 04:00:00,3.8426006234514514,0.0
2026-01-24 05:00:00,3.2212802798918085,0.0
2026-01-24 06:00:00,2.7445244120981354,0.0
2026-01-24 07:00:00,2.4448231445842463,155.29142706151245
2026-01-24 08:00:00,2.3426006234514514,299.99999999999994
2026-01-24 09:00:00,2.4448231445842463,424.2640687119285
2026-01-24 10:00:00,2.7445244120981354,519.6152422706632
2026-01-24 11:00:00,3.221280279891809,579.555495773441
2026-01-24 12:00:00,3.8426006234514514,600.0
2026-01-24 13:00:00,4.566143488143889,579.555495773441
2026-01-24 14:00:00,5.342600623451451,519.6152422706632
2026-01-24 15:00:00,6.119057758759014,424.26406871192853
2026-01-24 16:00:00,6.842600623451451,299.99999999999994
2026-01-24 17:00:00,7.463920967011093,155.29142706151262
2026-01-24 18:00:00,7.940676834804767,7.347880794884119e-14
2026-01-24 19:00:00,8.240378102318656,0.0
2026-01-24 20:00:00,8.342600623451451,0.0
2026-01-24 21:00:00,8.240378102318656,0.0
2026-01-24 22:00:00,7.940676834804767,0.0
2026-01-24 23:00:00,7.463920967011094,0.0
2026-01-25 00:00:00,6.888702161276991,0.0
2026-01-25 01:00:00,6.165159296584554,0.0
2026-01-25 02:00:00,5.388702161276992,0.0
2026-01-25 03:00:00,4.612245025969429,0.0
2026-01-25 04:00:00,3.888702161276992,0.0
2026-01-25 05:00:00,3.2673818177173493,0.0
2026-01-25 06:00:00,2.790625949923676,0.0
2026-01-25 07:00:00,2.490924682409787,155.29142706151245
2026-01-25 08:00:00,2.388702161276992,299.99999999999994
2026-01-25 09:00:00,2.490924682409787,424.2640687119285
2026-01-25 10:00:00,2.790625949923676,519.6152422706632
2026-01-25 11:00:00,3.2673818177173497,579.555495773441
2026-01-25 12:00:00,3.888702161276992,600.0
2026-01-25 13:00:00,4.61224502596943,579.555495773441
2026-01-25 14:00:00,5.388702161276992,519.6152422706632
2026-01-25 15:00:00,6.165159296584554,424.26406871192853
2026-01-25 16:00:00,6.888702161276992,299.99999999999994
2026-01-25 17:00:00,7.510022504836634,155.29142706151262
2026-01-25 18:00:00,7.986778372630308,7.347880794884119e-14
2026-01-25 19:00:00,8.286479640144197,0.0
2026-01-25 20:00:00,8.388702161276992,0.0
2026-01-25 21:00:00,8.286479640144197,0.0
2026-01-25 22:00:00,7.986778372630308,0.0
2026-01-25 23:00:00,7.510022504836635,0.0
2026-01-26 00:00:00,6.937651734080943,0.0
2026-01-26 01:00:00,6.2141088693885065,0.0
2026-01-26 02:00:00,5.437651734080944,0.0
2026-01-26 03:00:00,4.661194598773381,0.0
2026-01-26 04:00:00,3.9376517340809443,0.0
2026-01-26 05:00:00,3.3163313905213014,0.0
2026-01-26 06:00:00,2.8395755227276283,0.0
2026-01-26 07:00:00,2.539874255213739,155.29142706151245
2026-01-26 08:00:00,2.4376517340809443,299.99999999999994
2026-01-26 09:00:00,2.539874255213739,424.2640687119285
2026-01-26 10:00:00,2.8395755227276283,519.6152422706632
2026-01-26 11:00:00,3.316331390521302,579.555495773441
2026-01-26 12:00:00,3.9376517340809443,600.0
2026-01-26 13:00:00,4.661194598773382,579.555495773441
2026-01-26 14:00:00,5.437651734080944,519.6152422706632
2026-01-26 15:00:00,6.2141088693885065,424.26406871192853
2026-01-26 16:00:00,6.937651734080944,299.99999999999994
2026-01-26 17:00:00,7.558972077640586,155.29142706151262
2026-01-26 18:00:00,8.03572794543426,7.347880794884119e-14
2026-01-26 19:00:00,8.33542921294815,0.0
2026-01-26 20:00:00,8.437651734080944,0.0
2026-01-26 21:00:00,8.33542921294815,0.0
2026-01-26 22:00:00,8.03572794543426,0.0
2026-01-26 23:00:00,7.558972077640587,0.0
2026-01-27 00:00:00,6.9894348370484645,0.0
2026-01-27 01:00:00,6.265891972356028,0.0
2026-01-27 02:00:00,5.489434837048465,0.0
2026-01-27 03:00:00,4.712977701740902,0.0
2026-01-27 04:00:00,3.9894348370484654,0.0
2026-01-27 05:00:00,3.3681144934888225,0.0
2026-01-27 06:00:00,2.8913586256951493,0.0
2026-01-27 07:00:00,2.5916573581812603,155.29142706151245
2026-01-27 08:00:00,2.4894348370484654,299.99999999999994
2026-01-27 09:00:00,2.5916573581812603,424.2640687119285
2026-01-27 10:00:00,2.8913586256951493,519.6152422706632
2026-01-27 11:00:00,3.368114493488823,579.555495773441
2026-01-27 12:00:00,3.9894348370484654,600.0
2026-01-27 13:00:00,4.712977701740903,579.555495773441
2026-01-27 14:00:00,5.489434837048465,519.6152422706632
2026-01-27 15:00:00,6.265891972356028,424.26406871192853
2026-01-27 16:00:00,6.989434837048465,299.99999999999994
2026-01-27 17:00:00,7.610755180608107,155.29142706151262
2026-01-27 18:00:00,8.087511048401781,7.347880794884119e-14
2026-01-27 19:00:00,8.38721231591567,0.0
2026-01-27 20:00:00,8.489434837048465,0.0
2026-01-27 21:00:00,8.38721231591567,0.0
2026-01-27 22:00:00,8.087511048401781,0.0
2026-01-27 23:00:00,7.610755180608108,0.0
2026-01-28 00:00:00,7.0440361257285735,0.0
2026-01-28 01:00:00,6.320493261036137,0.0
2026-01-28 02:00:00,5.544036125728574,0.0
2026-01-28 03:00:00,4.767578990421011,0.0
2026-01-28 04:00:00,4.044036125728574,0.0
2026-01-28 05:00:00,3.4227157821689316,0.0
2026-01-28 06:00:00,2.9459599143752584,0.0
2026-01-28 07:00:00,2.6462586468613694,155.29142706151245
2026-01-28 08:00:00,2.5440361257285744,299.99999999999994
2026-01-28 09:00:00,2.6462586468613694,424.2640687119285
2026-01-28 10:00:00,2.9459599143752584,519.6152422706632
2026-01-28 11:00:00,3.422715782168932,579.555495773441
2026-01-28 12:00:00,4.044036125728574,600.0
2026-01-28 13:00:00,4.767578990421012,579.555495773441
2026-01-28 14:00:00,5.544036125728574,519.6152422706632
2026-01-28 15:00:00,6.320493261036137,424.26406871192853
2026-01-28 16:00:00,7.044036125728574,299.99999999999994
2026-01-28 17:00:00,7.665356469288216,155.29142706151262
2026-01-28 18:00:00,8.14211233708189,7.347880794884119e-14
2026-01-28 19:00:00,8.44181360459578,0.0
2026-01-28 20:00:00,8.544036125728574,0.0
2026-01-28 21:00:00,8.44181360459578,0.0
2026-01-28 22:00:00,8.14211233708189,0.0
2026-01-28 23:00:00,7.665356469288217,0.0
2026-01-29 00:00:00,7.101439420581046,0.0
2026-01-29 01:00:00,6.377896555888609,0.0
2026-01-29 02:00:00,5.6014394205810465,0.0
2026-01-29 03:00:00,4.824982285273483,0.0
2026-01-29 04:00:00,4.1014394205810465,0.0
2026-01-29 05:00:00,3.4801190770214037,0.0
2026-01-29 06:00:00,3.0033632092277305,0.0
2026-01-29 07:00:00,2.7036619417138414,155.29142706151245
2026-01-29 08:00:00,2.6014394205810465,299.99999999999994
2026-01-29 09:00:00,2.7036619417138414,424.2640687119285
2026-01-29 10:00:00,3.0033632092277305,519.6152422706632
2026-01-29 11:00:00,3.480119077021404,579.555495773441
2026-01-29 12:00:00,4.1014394205810465,600.0
2026-01-29 13:00:00,4.824982285273484,579.555495773441
2026-01-29 14:00:00,5.6014394205810465,519.6152422706632
2026-01-29 15:00:00,6.377896555888609,424.26406871192853
2026-01-29 16:00:00,7.1014394205810465,299.99999999999994
2026-01-29 17:00:00,7.722759764140688,155.29142706151262
2026-01-29 18:00:00,8.199515631934363,7.347880794884119e-14
2026-01-29 19:00:00,8.499216899448252,0.0
2026-01-29 20:00:00,8.601439420581046,0.0
2026-01-29 21:00:00,8.499216899448252,0.0
2026-01-29 22:00:00,8.199515631934363,0.0
2026-01-29 23:00:00,7.722759764140689,0.0
2026-01-30 00:00:00,7.161627711770747,0.0
2026-01-30 01:00:00,6.4380848470783105,0.0
2026-01-30 02:00:00,5.661627711770748,0.0
2026-01-30 03:00:00,4.885170576463185,0.0
2026-01-30 04:00:00,4.161627711770748,0.0
2026-01-30 05:00:00,3.5403073682111055,0.0
2026-01-30 06:00:00,3.0635515004174323,0.0
2026-01-30 07:00:00,2.7638502329035433,155.29142706151245
2026-01-30 08:00:00,2.6616277117707483,299.99999999999994
2026-01-30 09:00:00,2.7638502329035433,424.2640687119285
2026-01-30 10:00:00,3.0635515004174323,519.6152422706632
2026-01-30 11:00:00,3.540307368211106,579.555495773441
2026-01-30 12:00:00,4.161627711770748,600.0
2026-01-30 13:00:00,4.885170576463186,579.555495773441
2026-01-30 14:00:00,5.661627711770748,519.6152422706632
2026-01-30 15:00:00,6.4380848470783105,424.26406871192853
2026-01-30 16:00:00,7.161627711770748,299.99999999999994
2026-01-30 17:00:00,7.78294805533039,155.29142706151262
2026-01-30 18:00:00,8.259703923124064,7.347880794884119e-14
2026-01-30 19:00:00,8.559405190637953,0.0
2026-01-30 20:00:00,8.661627711770748,0.0
2026-01-30 21:00:00,8.559405190637953,0.0
2026-01-30 22:00:00,8.259703923124064,0.0
2026-01-30 23:00:00,7.782948055330391,0.0
2026-01-31 00:00:00,7.224583164208032,0.0
2026-01-31 01:00:00,6.501040299515595,0.0
2026-01-31 02:00:00,5.724583164208033,0.0
2026-01-31 03:00:00,4.94812602890047,0.0
2026-01-31 04:00:00,4.224583164208033,0.0
2026-01-31 05:00:00,3.60326282064839,0.0
2026-01-31 06:00:00,3.126506952854717,0.0
2026-01-31 07:00:00,2.826805685340828,155.29142706151245
2026-01-31 08:00:00,2.724583164208033,299.99999999999994
2026-01-31 09:00:00,2.826805685340828,424.2640687119285
2026-01-31 10:00:00,3.126506952854717,519.6152422706632
2026-01-31 11:00:00,3.6032628206483905,579.555495773441
2026-01-31 12:00:00,4.224583164208033,600.0
2026-01-31 13:00:00,4.948126028900471,579.555495773441
2026-01-31 14:00:00,5.724583164208033,519.6152422706632
2026-01-31 15:00:00,6.501040299515595,424.26406871192853
2026-01-31 16:00:00,7.224583164208033,299.99999999999994
2026-01-31 17:00:00,7.845903507767675,155.29142706151262
2026-01-31 18:00:00,8.322659375561349,7.347880794884119e-14
2026-01-31 19:00:00,8.622360643075238,0.0
2026-01-31 20:00:00,8.724583164208033,0.0
2026-01-31 21:00:00,8.622360643075238,0.0
2026-01-31 22:00:00,8.322659375561349,0.0
2026-01-31 23:00:00,7.845903507767676,0.0
2026-02-01 00:00:00,7.290287122833653,0.0
2026-02-01 01:00:00,6.566744258141216,0.0
2026-02-01 02:00:00,5.790287122833654,0.0
2026-02-01 03:00:00,5.0138299875260905,0.0
2026-02-01 04:00:00,4.290287122833654,0.0
2026-02-01 05:00:00,3.668966779274011,0.0
2026-02-01 06:00:00,3.1922109114803376,0.0
2026-02-01 07:00:00,2.8925096439664486,155.29142706151245
2026-02-01 08:00:00,2.7902871228336537,299.99999999999994
2026-02-01 09:00:00,2.8925096439664486,424.2640687119285
2026-02-01 10:00:00,3.1922109114803376,519.6152422706632
2026-02-01 11:00:00,3.6689667792740113,579.555495773441
2026-02-01 12:00:00,4.290287122833654,600.0
2026-02-01 13:00:00,5.013829987526091,579.555495773441
2026-02-01 14:00:00,5.790287122833654,519.6152422706632
2026-02-01 15:00:00,6.566744258141216,424.26406871192853
2026-02-01 16:00:00,7.290287122833654,299.99999999999994
2026-02-01 17:00:00,7.911607466393296,155.29142706151262
2026-02-01 18:00:00,8.38836333418697,7.347880794884119e-14
2026-02-01 19:00:00,8.688064601700859,0.0
2026-02-01 20:00:00,8.790287122833654,0.0
2026-02-01 21:00:00,8.688064601700859,0.0
2026-02-01 22:00:00,8.38836333418697,0.0
2026-02-01 23:00:00,7.9116074663932965,0.0
2026-02-02 00:00:00,7.358720118146663,0.0
2026-02-02 01:00:00,6.635177253454226,0.0
2026-02-02 02:00:00,5.858720118146664,0.0
2026-02-02 03:00:00,5.082262982839101,0.0
2026-02-02 04:00:00,4.358720118146664,0.0
2026-02-02 05:00:00,3.737399774587021,0.0
2026-02-02 06:00:00,3.260643906793348,0.0
2026-02-02 07:00:00,2.960942639279459,155.29142706151245
2026-02-02 08:00:00,2.858720118146664,299.99999999999994
2026-02-02 09:00:00,2.960942639279459,424.2640687119285
2026-02-02 10:00:00,3.260643906793348,519.6152422706632
2026-02-02 11:00:00,3.7373997745870216,579.555495773441
2026-02-02 12:00:00,4.358720118146664,600.0
2026-02-02 13:00:00,5.082262982839102,579.555495773441
2026-02-02 14:00:00,5.858720118146664,519.6152422706632
2026-02-02 15:00:00,6.635177253454226,424.26406871192853
2026-02-02 16:00:00,7.358720118146664,299.99999999999994
2026-02-02 17:00:00,7.980040461706306,155.29142706151262
2026-02-02 18:00:00,8.45679632949998,7.347880794884119e-14
2026-02-02 19:00:00,8.756497597013869,0.0
2026-02-02 20:00:00,8.858720118146664,0.0
2026-02-02 21:00:00,8.756497597013869,0.0
2026-02-02 22:00:00,8.45679632949998,0.0
2026-02-02 23:00:00,7.980040461706307,0.0
2026-02-03 00:00:00,7.42986187197364,0.0
2026-02-03 01:00:00,6.706319007281203,0.0
2026-02-03 02:00:00,5.929861871973641,0.0
2026-02-03 03:00:00,5.153404736666078,0.0
2026-02-03 04:00:00,4.429861871973641,0.0
2026-02-03 05:00:00,3.808541528413998,0.0
2026-02-03 06:00:00,3.3317856606203247,0.0
2026-02-03 07:00:00,3.0320843931064356,155.29142706151245
2026-02-03 08:00:00,2.9298618719736407,299.99999999999994
2026-02-03 09:00:00,3.0320843931064356,424.2640687119285
2026-02-03 10:00:00,3.3317856606203247,519.6152422706632
2026-02-03 11:00:00,3.8085415284139983,579.555495773441
2026-02-03 12:00:00,4.429861871973641,600.0
2026-02-03 13:00:00,5.1534047366660785,579.555495773441
2026-02-03 14:00:00,5.929861871973641,519.6152422706632
2026-02-03 15:00:00,6.706319007281203,424.26406871192853
2026-02-03 16:00:00,7.429861871973641,299.99999999999994
2026-02-03 17:00:00,8.051182215533283,155.29142706151262
2026-02-03 18:00:00,8.527938083326957,7.347880794884119e-14
2026-02-03 19:00:00,8.827639350840846,0.0
2026-02-03 20:00:00,8.92986187197364,0.0
2026-02-03 21:00:00,8.827639350840846,0.0
2026-02-03 22:00:00,8.527938083326957,0.0
2026-02-03 23:00:00,8.051182215533284,0.0
2026-02-04 00:00:00,7.503691303477566,0.0
2026-02-04 01:00:00,6.780148438785129,0.0
2026-02-04 02:00:00,6.0036913034775665,0.0
2026-02-04 03:00:00,5.227234168170003,0.0
2026-02-04 04:00:00,4.5036913034775665,0.0
2026-02-04 05:00:00,3.8823709599179237,0.0
2026-02-04 06:00:00,3.4056150921242505,0.0
2026-02-04 07:00:00,3.1059138246103615,155.29142706151245
2026-02-04 08:00:00,3.0036913034775665,299.99999999999994
2026-02-04 09:00:00,3.1059138246103615,424.2640687119285
2026-02-04 10:00:00,3.4056150921242505,519.6152422706632
2026-02-04 11:00:00,3.882370959917924,579.555495773441
2026-02-04 12:00:00,4.5036913034775665,600.0
2026-02-04 13:00:00,5.227234168170004,579.555495773441
2026-02-04 14:00:00,6.0036913034775665,519.6152422706632
2026-02-04 15:00:00,6.780148438785129,424.26406871192853
2026-02-04 16:00:00,7.5036913034775665,299.99999999999994
2026-02-04 17:00:00,8.125011647037208,155.29142706151262
2026-02-04 18:00:00,8.601767514830883,7.347880794884119e-14
2026-02-04 19:00:00,8.901468782344772,0.0
2026-02-04 20:00:00,9.003691303477567,0.0
2026-02-04 21:00:00,8.901468782344772,0.0
2026-02-04 22:00:00,8.601767514830883,0.0
2026-02-04 23:00:00,8.125011647037208,0.0
2026-02-05 00:00:00,7.580186535404514,0.0
2026-02-05 01:00:00,6.856643670712077,0.0
2026-02-05 02:00:00,6.080186535404515,0.0
2026-02-05 03:00:00,5.303729400096952,0.0
2026-02-05 04:00:00,4.580186535404515,0.0
2026-02-05 05:00:00,3.958866191844872,0.0
2026-02-05 06:00:00,3.482110324051199,0.0
2026-02-05 07:00:00,3.1824090565373098,155.29142706151245
2026-02-05 08:00:00,3.080186535404515,299.99999999999994
2026-02-05 09:00:00,3.1824090565373098,424.2640687119285
2026-02-05 10:00:00,3.482110324051199,519.6152422706632
2026-02-05 11:00:00,3.9588661918448724,579.555495773441
2026-02-05 12:00:00,4.580186535404515,600.0
2026-02-05 13:00:00,5.303729400096953,579.555495773441
2026-02-05 14:00:00,6.080186535404515,519.6152422706632
2026-02-05 15:00:00,6.856643670712077,424.26406871192853
2026-02-05 16:00:00,7.580186535404515,299.99999999999994
2026-02-05 17:00:00,8.201506878964157,155.29142706151262
2026-02-05 18:00:00,8.67826274675783,7.347880794884119e-14
2026-02-05 19:00:00,8.97796401427172,0.0
2026-02-05 20:00:00,9.080186535404515,0.0
2026-02-05 21:00:00,8.97796401427172,0.0
2026-02-05 22:00:00,8.67826274675783,0.0
2026-02-05 23:00:00,8.201506878964157,0.0
2026-02-06 00:00:00,7.6593249005663635,0.0
2026-02-06 01:00:00,6.935782035873927,0.0
2026-02-06 02:00:00,6.159324900566364,0.0
2026-02-06 03:00:00,5.382867765258801,0.0
2026-02-06 04:00:00,4.659324900566364,0.0
2026-02-06 05:00:00,4.038004557006722,0.0
2026-02-06 06:00:00,3.5612486892130484,0.0
2026-02-06 07:00:00,3.2615474216991593,155.29142706151245
2026-02-06 08:00:00,3.1593249005663644,299.99999999999994
2026-02-06 09:00:00,3.2615474216991593,424.2640687119285
2026-02-06 10:00:00,3.5612486892130484,519.6152422706632
2026-02-06 11:00:00,4.0380045570067225,579.555495773441
2026-02-06 12:00:00,4.659324900566364,600.0
2026-02-06 13:00:00,5.382867765258802,579.555495773441
2026-02-06 14:00:00,6.159324900566364,519.6152422706632
2026-02-06 15:00:00,6.935782035873927,424.26406871192853
2026-02-06 16:00:00,7.659324900566364,299.99999999999994
2026-02-06 17:00:00,8.280645244126006,155.29142706151262
2026-02-06 18:00:00,8.75740111191968,7.347880794884119e-14
2026-02-06 19:00:00,9.05710237943357,0.0
2026-02-06 20:00:00,9.159324900566364,0.0
2026-02-06 21:00:00,9.05710237943357,0.0
2026-02-06 22:00:00,8.75740111191968,0.0
2026-02-06 23:00:00,8.280645244126006,0.0
2026-02-07 00:00:00,7.74108294855757,0.0
2026-02-07 01:00:00,7.017540083865133,0.0
2026-02-07 02:00:00,6.241082948557571,0.0
2026-02-07 03:00:00,5.464625813250008,0.0
2026-02-07 04:00:00,4.741082948557571,0.0
2026-02-07 05:00:00,4.119762604997928,0.0
2026-02-07 06:00:00,3.6430067372042547,0.0
2026-02-07 07:00:00,3.3433054696903657,155.29142706151245
2026-02-07 08:00:00,3.2410829485575707,299.99999999999994
2026-02-07 09:00:00,3.3433054696903657,424.2640687119285
2026-02-07 10:00:00,3.6430067372042547,519.6152422706632
2026-02-07 11:00:00,4.119762604997929,579.555495773441
2026-02-07 12:00:00,4.741082948557571,600.0
2026-02-07 13:00:00,5.4646258132500085,579.555495773441
2026-02-07 14:00:00,6.241082948557571,519.6152422706632
2026-02-07 15:00:00,7.017540083865133,424.26406871192853
2026-02-07 16:00:00,7.741082948557571,299.99999999999994
2026-02-07 17:00:00,8.362403292117213,155.29142706151262
2026-02-07 18:00:00,8.839159159910887,7.347880794884119e-14
2026-02-07 19:00:00,9.138860427424776,0.0
2026-02-07 20:00:00,9.24108294855757,0.0
2026-02-07 21:00:00,9.138860427424776,0.0
2026-02-07 22:00:00,8.839159159910887,0.0
2026-02-07 23:00:00,8.362403292117214,0.0
2026-02-08 00:00:00,7.825436452704031,0.0
2026-02-08 01:00:00,7.1018935880115945,0.0
2026-02-08 02:00:00,6.325436452704032,0.0
2026-02-08 03:00:00,5.548979317396469,0.0
2026-02-08 04:00:00,4.825436452704032,0.0
2026-02-08 05:00:00,4.2041161091443895,0.0
2026-02-08 06:00:00,3.7273602413507163,0.0
2026-02-08 07:00:00,3.4276589738368273,155.29142706151245
2026-02-08 08:00:00,3.3254364527040323,299.99999999999994
2026-02-08 09:00:00,3.4276589738368273,424.2640687119285
2026-02-08 10:00:00,3.7273602413507163,519.6152422706632
2026-02-08 11:00:00,4.20411610914439,579.555495773441
2026-02-08 12:00:00,4.825436452704032,600.0
2026-02-08 13:00:00,5.54897931739647,579.555495773441
2026-02-08 14:00:00,6.325436452704032,519.6152422706632
2026-02-08 15:00:00,7.1018935880115945,424.26406871192853
2026-02-08 16:00:00,7.825436452704032,299.99999999999994
2026-02-08 17:00:00,8.446756796263674,155.29142706151262
2026-02-08 18:00:00,8.923512664057348,7.347880794884119e-14
2026-02-08 19:00:00,9.223213931571237,0.0
2026-02-08 20:00:00,9.325436452704032,0.0
2026-02-08 21:00:00,9.223213931571237,0.0
2026-02-08 22:00:00,8.923512664057348,0.0
2026-02-08 23:00:00,8.446756796263674,0.0
2026-02-09 00:00:00,7.9123604172419695,0.0
2026-02-09 01:00:00,7.188817552549533,0.0
2026-02-09 02:00:00,6.41236041724197,0.0
2026-02-09 03:00:00,5.635903281934407,0.0
2026-02-09 04:00:00,4.91236041724197,0.0
2026-02-09 05:00:00,4.2910400736823275,0.0
2026-02-09 06:00:00,3.8142842058886544,0.0
2026-02-09 07:00:00,3.5145829383747653,155.29142706151245
2026-02-09 08:00:00,3.4123604172419704,299.99999999999994
2026-02-09 09:00:00,3.5145829383747653,424.2640687119285
2026-02-09 10:00:00,3.8142842058886544,519.6152422706632
2026-02-09 11:00:00,4.291040073682328,579.555495773441
2026-02-09 12:00:00,4.91236041724197,600.0
2026-02-09 13:00:00,5.635903281934408,579.555495773441
2026-02-09 14:00:00,6.41236041724197,519.6152422706632
2026-02-09 15:00:00,7.188817552549533,424.26406871192853
2026-02-09 16:00:00,7.91236041724197,299.99999999999994
2026-02-09 17:00:00,8.533680760801612,155.29142706151262
2026-02-09 18:00:00,9.010436628595286,7.347880794884119e-14
2026-02-09 19:00:00,9.310137896109175,0.0
2026-02-09 20:00:00,9.41236041724197,0.0
2026-02-09 21:00:00,9.310137896109175,0.0
2026-02-09 22:00:00,9.010436628595286,0.0
2026-02-09 23:00:00,8.533680760801612,0.0
2026-02-10 00:00:00,8.001829084724722,0.0
2026-02-10 01:00:00,7.278286220032284,0.0
2026-02-10 02:00:00,6.501829084724722,0.0
2026-02-10 03:00:00,5.725371949417159,0.0
2026-02-10 04:00:00,5.001829084724722,0.0
2026-02-10 05:00:00,4.380508741165079,0.0
2026-02-10 06:00:00,3.903752873371406,0.0
2026-02-10 07:00:00,3.604051605857517,155.29142706151245
2026-02-10 08:00:00,3.501829084724722,299.99999999999994
2026-02-10 09:00:00,3.604051605857517,424.2640687119285
2026-02-10 10:00:00,3.903752873371406,519.6152422706632
2026-02-10 11:00:00,4.38050874116508,579.555495773441
2026-02-10 12:00:00,5.001829084724722,600.0
2026-02-10 13:00:00,5.72537194941716,579.555495773441
2026-02-10 14:00:00,6.501829084724722,519.6152422706632
2026-02-10 15:00:00,7.278286220032284,424.26406871192853
2026-02-10 16:00:00,8.001829084724722,299.99999999999994
2026-02-10 17:00:00,8.623149428284364,155.29142706151262
2026-02-10 18:00:00,9.099905296078038,7.347880794884119e-14
2026-02-10 19:00:00,9.399606563591927,0.0
2026-02-10 20:00:00,9.501829084724722,0.0
2026-02-10 21:00:00,9.399606563591927,0.0
2026-02-10 22:00:00,9.099905296078038,0.0
2026-02-10 23:00:00,8.623149428284364,0.0
2026-02-11 00:00:00,8.093815943655216,0.0
2026-02-11 01:00:00,7.3702730789627795,0.0
2026-02-11 02:00:00,6.593815943655217,0.0
2026-02-11 03:00:00,5.817358808347654,0.0
2026-02-11 04:00:00,5.093815943655217,0.0
2026-02-11 05:00:00,4.4724956000955745,0.0
2026-02-11 06:00:00,3.9957397323019013,0.0
2026-02-11 07:00:00,3.6960384647880122,155.29142706151245
2026-02-11 08:00:00,3.5938159436552173,299.99999999999994
2026-02-11 09:00:00,3.6960384647880122,424.2640687119285
2026-02-11 10:00:00,3.9957397323019013,519.6152422706632
2026-02-11 11:00:00,4.472495600095575,579.555495773441
2026-02-11 12:00:00,5.093815943655217,600.0
2026-02-11 13:00:00,5.817358808347655,579.555495773441
2026-02-11 14:00:00,6.593815943655217,519.6152422706632
2026-02-11 15:00:00,7.3702730789627795,424.26406871192853
2026-02-11 16:00:00,8.093815943655217,299.99999999999994
2026-02-11 17:00:00,8.71513628721486,155.29142706151262
2026-02-11 18:00:00,9.191892155008533,7.347880794884119e-14
2026-02-11 19:00:00,9.491593422522422,0.0
2026-02-11 20:00:00,9.593815943655217,0.0
2026-02-11 21:00:00,9.491593422522422,0.0
2026-02-11 22:00:00,9.191892155008533,0.0
2026-02-11 23:00:00,8.715136287214861,0.0
2026-02-12 00:00:00,8.188293736341922,0.0
2026-02-12 01:00:00,7.464750871649485,0.0
2026-02-12 02:00:00,6.688293736341922,0.0
2026-02-12 03:00:00,5.911836601034359,0.0
2026-02-12 04:00:00,5.188293736341922,0.0
2026-02-12 05:00:00,4.5669733927822795,0.0
2026-02-12 06:00:00,4.090217524988606,0.0
2026-02-12 07:00:00,3.7905162574747173,155.29142706151245
2026-02-12 08:00:00,3.6882937363419224,299.99999999999994
2026-02-12 09:00:00,3.7905162574747173,424.2640687119285
2026-02-12 10:00:00,4.090217524988606,519.6152422706632
2026-02-12 11:00:00,4.56697339278228,579.555495773441
2026-02-12 12:00:00,5.188293736341922,600.0
2026-02-12 13:00:00,5.91183660103436,579.555495773441
2026-02-12 14:00:00,6.688293736341922,519.6152422706632
2026-02-12 15:00:00,7.464750871649485,424.26406871192853
2026-02-12 16:00:00,8.188293736341922,299.99999999999994
2026-02-12 17:00:00,8.809614079901564,155.29142706151262
2026-02-12 18:00:00,9.286369947695238,7.347880794884119e-14
2026-02-12 19:00:00,9.586071215209127,0.0
2026-02-12 20:00:00,9.688293736341922,0.0
2026-02-12 21:00:00,9.586071215209127,0.0
2026-02-12 22:00:00,9.286369947695238,0.0
2026-02-12 23:00:00,8.809614079901564,0.0
2026-02-13 00:00:00,8.285234466975858,0.0
2026-02-13 01:00:00,7.56169160228342,0.0
2026-02-13 02:00:00,6.785234466975858,0.0
2026-02-13 03:00:00,6.008777331668295,0.0
2026-02-13 04:00:00,5.285234466975858,0.0
2026-02-13 05:00:00,4.663914123416215,0.0
2026-02-13 06:00:00,4.187158255622542,0.0
2026-02-13 07:00:00,3.887456988108653,155.29142706151245
2026-02-13 08:00:00,3.785234466975858,299.99999999999994
2026-02-13 09:00:00,3.887456988108653,424.2640687119285
2026-02-13 10:00:00,4.187158255622542,519.6152422706632
2026-02-13 11:00:00,4.663914123416216,579.555495773441
2026-02-13 12:00:00,5.285234466975858,600.0
2026-02-13 13:00:00,6.008777331668296,579.555495773441
2026-02-13 14:00:00,6.785234466975858,519.6152422706632
2026-02-13 15:00:00,7.56169160228342,424.26406871192853
2026-02-13 16:00:00,8.285234466975858,299.99999999999994
2026-02-13 17:00:00,8.9065548105355,155.29142706151262
2026-02-13 18:00:00,9.383310678329174,7.347880794884119e-14
2026-02-13 19:00:00,9.683011945843063,0.0
2026-02-13 20:00:00,9.785234466975858,0.0
2026-02-13 21:00:00,9.683011945843063,0.0
2026-02-13 22:00:00,9.383310678329174,0.0
2026-02-13 23:00:00,8.9065548105355,0.0
2026-02-14 00:00:00,8.38460940992639,0.0
2026-02-14 01:00:00,7.661066545233953,0.0
2026-02-14 02:00:00,6.884609409926391,0.0
2026-02-14 03:00:00,6.108152274618828,0.0
2026-02-14 04:00:00,5.384609409926391,0.0
2026-02-14 05:00:00,4.763289066366748,0.0
2026-02-14 06:00:00,4.286533198573075,0.0
2026-02-14 07:00:00,3.9868319310591858,155.29142706151245
2026-02-14 08:00:00,3.884609409926391,299.99999999999994
2026-02-14 09:00:00,3.9868319310591858,424.2640687119285
2026-02-14 10:00:00,4.286533198573075,519.6152422706632
2026-02-14 11:00:00,4.763289066366749,579.555495773441
2026-02-14 12:00:00,5.384609409926391,600.0
2026-02-14 13:00:00,6.108152274618829,579.555495773441
2026-02-14 14:00:00,6.884609409926391,519.6152422706632
2026-02-14 15:00:00,7.661066545233953,424.26406871192853
2026-02-14 16:00:00,8.38460940992639,299.99999999999994
2026-02-14 17:00:00,9.005929753486033,155.29142706151262
2026-02-14 18:00:00,9.482685621279707,7.347880794884119e-14
2026-02-14 19:00:00,9.782386888793596,0.0
2026-02-14 20:00:00,9.88460940992639,0.0
2026-02-14 21:00:00,9.782386888793596,0.0
2026-02-14 22:00:00,9.482685621279707,0.0
2026-02-14 23:00:00,9.005929753486033,0.0
2026-02-15 00:00:00,8.486389118253232,0.0
2026-02-15 01:00:00,7.762846253560796,0.0
2026-02-15 02:00:00,6.986389118253234,0.0
2026-02-15 03:00:00,6.209931982945671,0.0
2026-02-15 04:00:00,5.486389118253234,0.0
2026-02-15 05:00:00,4.865068774693591,0.0
2026-02-15 06:00:00,4.388312906899918,0.0
2026-02-15 07:00:00,4.088611639386029,155.29142706151245
2026-02-15 08:00:00,3.986389118253234,299.99999999999994
2026-02-15 09:00:00,4.088611639386029,424.2640687119285
2026-02-15 10:00:00,4.388312906899918,519.6152422706632
2026-02-15 11:00:00,4.865068774693592,579.555495773441
2026-02-15 12:00:00,5.486389118253234,600.0
2026-02-15 13:00:00,6.209931982945672,579.555495773441
2026-02-15 14:00:00,6.986389118253234,519.6152422706632
2026-02-15 15:00:00,7.762846253560796,424.26406871192853
2026-02-15 16:00:00,8.486389118253234,299.99999999999994
2026-02-15 17:00:00,9.107709461812876,155.29142706151262
2026-02-15 18:00:00,9.58446532960655,7.347880794884119e-14
2026-02-15 19:00:00,9.884166597120439,0.0
2026-02-15 20:00:00,9.986389118253234,0.0
2026-02-15 21:00:00,9.884166597120439,0.0
2026-02-15 22:00:00,9.58446532960655,0.0
2026-02-15 23:00:00,9.107709461812878,0.0
2026-02-16 00:00:00,8.590543432432227,0.0
2026-02-16 01:00:00,7.86700056773979,0.0
2026-02-16 02:00:00,7.090543432432228,0.0
2026-02-16 03:00:00,6.314086297124665,0.0
2026-02-16 04:00:00,5.590543432432228,0.0
2026-02-16 05:00:00,4.969223088872585,0.0
2026-02-16 06:00:00,4.492467221078912,0.0
2026-02-16 07:00:00,4.192765953565023,155.29142706151245
2026-02-16 08:00:00,4.090543432432228,299.99999999999994
2026-02-16 09:00:00,4.192765953565023,424.2640687119285
2026-02-16 10:00:00,4.492467221078912,519.6152422706632
2026-02-16 11:00:00,4.969223088872585,579.555495773441
2026-02-16 12:00:00,5.590543432432228,600.0
2026-02-16 13:00:00,6.314086297124666,579.555495773441
2026-02-16 14:00:00,7.090543432432228,519.6152422706632
2026-02-16 15:00:00,7.86700056773979,424.26406871192853
2026-02-16 16:00:00,8.590543432432227,299.99999999999994
2026-02-16 17:00:00,9.211863775991871,155.29142706151262
2026-02-16 18:00:00,9.688619643785543,7.347880794884119e-14
2026-02-16 19:00:00,9.988320911299432,0.0
2026-02-16 20:00:00,10.090543432432227,0.0
2026-02-16 21:00:00,9.988320911299432,0.0
2026-02-16 22:00:00,9.688619643785543,0.0
2026-02-16 23:00:00,9.211863775991871,0.0
2026-02-17 00:00:00,8.697041489292245,0.0
2026-02-17 01:00:00,7.973498624599808,0.0
2026-02-17 02:00:00,7.197041489292245,0.0
2026-02-17 03:00:00,6.420584353984682,0.0
2026-02-17 04:00:00,5.697041489292245,0.0
2026-02-17 05:00:00,5.075721145732603,0.0
2026-02-17 06:00:00,4.598965277938929,0.0
2026-02-17 07:00:00,4.29926401042504,155.29142706151245
2026-02-17 08:00:00,4.197041489292245,299.99999999999994
2026-02-17 09:00:00,4.29926401042504,424.2640687119285
2026-02-17 10:00:00,4.598965277938929,519.6152422706632
2026-02-17 11:00:00,5.075721145732603,579.555495773441
2026-02-17 12:00:00,5.697041489292245,600.0
2026-02-17 13:00:00,6.420584353984683,579.555495773441
2026-02-17 14:00:00,7.197041489292245,519.6152422706632
2026-02-17 15:00:00,7.973498624599808,424.26406871192853
2026-02-17 16:00:00,8.697041489292245,299.99999999999994
2026-02-17 17:00:00,9.318361832851888,155.29142706151262
2026-02-17 18:00:00,9.795117700645562,7.347880794884119e-14
2026-02-17 19:00:00,10.094818968159451,0.0
2026-02-17 20:00:00,10.197041489292246,0.0
2026-02-17 21:00:00,10.094818968159451,0.0
2026-02-17 22:00:00,9.795117700645562,0.0
2026-02-17 23:00:00,9.318361832851888,0.0
2026-02-18 00:00:00,8.805851731160622,0.0
2026-02-18 01:00:00,8.082308866468185,0.0
2026-02-18 02:00:00,7.305851731160622,0.0
2026-02-18 03:00:00,6.529394595853059,0.0
2026-02-18 04:00:00,5.805851731160622,0.0
2026-02-18 05:00:00,5.1845313876009795,0.0
2026-02-18 06:00:00,4.707775519807306,0.0
2026-02-18 07:00:00,4.408074252293417,155.29142706151245
2026-02-18 08:00:00,4.305851731160622,299.99999999999994
2026-02-18 09:00:00,4.408074252293417,424.2640687119285
2026-02-18 10:00:00,4.707775519807306,519.6152422706632
2026-02-18 11:00:00,5.18453138760098,579.555495773441
2026-02-18 12:00:00,5.805851731160622,600.0
2026-02-18 13:00:00,6.52939459585306,579.555495773441
2026-02-18 14:00:00,7.305851731160622,519.6152422706632
2026-02-18 15:00:00,8.082308866468185,424.26406871192853
2026-02-18 16:00:00,8.805851731160622,299.99999999999994
2026-02-18 17:00:00,9.427172074720264,155.29142706151262
2026-02-18 18:00:00,9.903927942513938,7.347880794884119e-14
2026-02-18 19:00:00,10.203629210027827,0.0
2026-02-18 20:00:00,10.305851731160622,0.0
2026-02-18 21:00:00,10.203629210027827,0.0
2026-02-18 22:00:00,9.903927942513938,0.0
2026-02-18 23:00:00,9.427172074720264,0.0
2026-02-19 00:00:00,8.916941915214375,0.0
2026-02-19 01:00:00,8.193399050521938,0.0
2026-02-19 02:00:00,7.416941915214376,0.0
2026-02-19 03:00:00,6.640484779906813,0.0
2026-02-19 04:00:00,5.916941915214376,0.0
2026-02-19 05:00:00,5.295621571654733,0.0
2026-02-19 06:00:00,4.81886570386106,0.0
2026-02-19 07:00:00,4.519164436347171,155.29142706151245
2026-02-19 08:00:00,4.416941915214376,299.99999999999994
2026-02-19 09:00:00,4.519164436347171,424.2640687119285
2026-02-19 10:00:00,4.81886570386106,519.6152422706632
2026-02-19 11:00:00,5.295621571654733,579.555495773441
2026-02-19 12:00:00,5.916941915214376,600.0
2026-02-19 13:00:00,6.640484779906814,579.555495773441
2026-02-19 14:00:00,7.416941915214376,519.6152422706632
2026-02-19 15:00:00,8.193399050521938,424.26406871192853
2026-02-19 16:00:00,8.916941915214375,299.99999999999994
2026-02-19 17:00:00,9.538262258774019,155.29142706151262
2026-02-19 18:00:00,10.015018126567693,7.347880794884119e-14
2026-02-19 19:00:00,10.314719394081582,0.0
2026-02-19 20:00:00,10.416941915214377,0.0
2026-02-19 21:00:00,10.314719394081582,0.0
2026-02-19 22:00:00,10.015018126567693,0.0
2026-02-19 23:00:00,9.538262258774019,0.0
2026-02-20 00:00:00,9.030279123034447,0.0
2026-02-20 01:00:00,8.30673625834201,0.0
2026-02-20 02:00:00,7.530279123034448,0.0
2026-02-20 03:00:00,6.753821987726885,0.0
2026-02-20 04:00:00,6.030279123034448,0.0
2026-02-20 05:00:00,5.408958779474805,0.0
2026-02-20 06:00:00,4.932202911681132,0.0
2026-02-20 07:00:00,4.632501644167243,155.29142706151245
2026-02-20 08:00:00,4.530279123034448,299.99999999999994
2026-02-20 09:00:00,4.632501644167243,424.2640687119285
2026-02-20 10:00:00,4.932202911681132,519.6152422706632
2026-02-20 11:00:00,5.408958779474805,579.555495773441
2026-02-20 12:00:00,6.030279123034448,600.0
2026-02-20 13:00:00,6.7538219877268855,579.555495773441
2026-02-20 14:00:00,7.530279123034448,519.6152422706632
2026-02-20 15:00:00,8.30673625834201,424.26406871192853
2026-02-20 16:00:00,9.030279123034447,299.99999999999994
2026-02-20 17:00:00,9.65159946659409,155.29142706151262
2026-02-20 18:00:00,10.128355334387763,7.347880794884119e-14
2026-02-20 19:00:00,10.428056601901652,0.0
2026-02-20 20:00:00,10.530279123034447,0.0
2026-02-20 21:00:00,10.428056601901652,0.0
2026-02-20 22:00:00,10.128355334387763,0.0
2026-02-20 23:00:00,9.65159946659409,0.0
2026-02-21 00:00:00,9.145829770360145,0.0
2026-02-21 01:00:00,8.422286905667708,0.0
2026-02-21 02:00:00,7.645829770360145,0.0
2026-02-21 03:00:00,6.869372635052582,0.0
2026-02-21 04:00:00,6.145829770360145,0.0
2026-02-21 05:00:00,5.524509426800503,0.0
2026-02-21 06:00:00,5.047753559006829,0.0
2026-02-21 07:00:00,4.74805229149294,155.29142706151245
2026-02-21 08:00:00,4.645829770360145,299.99999999999994
2026-02-21 09:00:00,4.74805229149294,424.2640687119285
2026-02-21 10:00:00,5.047753559006829,519.6152422706632
2026-02-21 11:00:00,5.524509426800503,579.555495773441
2026-02-21 12:00:00,6.145829770360145,600.0
2026-02-21 13:00:00,6.869372635052583,579.555495773441
2026-02-21 14:00:00,7.645829770360145,519.6152422706632
2026-02-21 15:00:00,8.422286905667708,424.26406871192853
2026-02-21 16:00:00,9.145829770360145,299.99999999999994
2026-02-21 17:00:00,9.767150113919788,155.29142706151262
2026-02-21 18:00:00,10.24390598171346,7.347880794884119e-14
2026-02-21 19:00:00,10.54360724922735,0.0
2026-02-21 20:00:00,10.645829770360145,0.0
2026-02-21 21:00:00,10.54360724922735,0.0
2026-02-21 22:00:00,10.24390598171346,0.0
2026-02-21 23:00:00,9.767150113919788,0.0
2026-02-22 00:00:00,9.263559617040876,0.0
2026-02-22 01:00:00,8.54001675234844,0.0
2026-02-22 02:00:00,7.763559617040876,0.0
2026-02-22 03:00:00,6.987102481733313,0.0
2026-02-22 04:00:00,6.263559617040876,0.0
2026-02-22 05:00:00,5.642239273481233,0.0
2026-02-22 06:00:00,5.16548340568756,0.0
2026-02-22 07:00:00,4.865782138173671,155.29142706151245
2026-02-22 08:00:00,4.763559617040876,299.99999999999994
2026-02-22 09:00:00,4.865782138173671,424.2640687119285
2026-02-22 10:00:00,5.16548340568756,519.6152422706632
2026-02-22 11:00:00,5.642239273481234,579.555495773441
2026-02-22 12:00:00,6.263559617040876,600.0
2026-02-22 13:00:00,6.987102481733314,579.555495773441
2026-02-22 14:00:00,7.763559617040876,519.6152422706632
2026-02-22 15:00:00,8.54001675234844,424.26406871192853
2026-02-22 16:00:00,9.263559617040876,299.99999999999994
2026-02-22 17:00:00,9.884879960600518,155.29142706151262
2026-02-22 18:00:00,10.361635828394192,7.347880794884119e-14
2026-02-22 19:00:00,10.661337095908081,0.0
2026-02-22 20:00:00,10.763559617040876,0.0
2026-02-22 21:00:00,10.661337095908081,0.0
2026-02-22 22:00:00,10.361635828394192,0.0
2026-02-22 23:00:00,9.884879960600518,0.0
2026-02-23 00:00:00,9.383433777182253,0.0
2026-02-23 01:00:00,8.659890912489816,0.0
2026-02-23 02:00:00,7.883433777182254,0.0
2026-02-23 03:00:00,7.106976641874691,0.0
2026-02-23 04:00:00,6.383433777182254,0.0
2026-02-23 05:00:00,5.762113433622611,0.0
2026-02-23 06:00:00,5.285357565828938,0.0
2026-02-23 07:00:00,4.985656298315049,155.29142706151245
2026-02-23 08:00:00,4.883433777182254,299.99999999999994
2026-02-23 09:00:00,4.985656298315049,424.2640687119285
2026-02-23 10:00:00,5.285357565828938,519.6152422706632
2026-02-23 11:00:00,5.762113433622611,579.555495773441
2026-02-23 12:00:00,6.383433777182254,600.0
2026-02-23 13:00:00,7.106976641874692,579.555495773441
2026-02-23 14:00:00,7.883433777182254,519.6152422706632
2026-02-23 15:00:00,8.659890912489816,424.26406871192853
2026-02-23 16:00:00,9.383433777182253,299.99999999999994
2026-02-23 17:00:00,10.004754120741897,155.29142706151262
2026-02-23 18:00:00,10.48150998853557,7.347880794884119e-14
2026-02-23 19:00:00,10.78121125604946,0.0
2026-02-23 20:00:00,10.883433777182255,0.0
2026-02-23 21:00:00,10.78121125604946,0.0
2026-02-23 22:00:00,10.48150998853557,0.0
2026-02-23 23:00:00,10.004754120741897,0.0
2026-02-24 00:00:00,9.505416729483528,0.0
2026-02-24 01:00:00,8.781873864791091,0.0
2026-02-24 02:00:00,8.005416729483528,0.0
2026-02-24 03:00:00,7.228959594175965,0.0
2026-02-24 04:00:00,6.505416729483528,0.0
2026-02-24 05:00:00,5.884096385923885,0.0
2026-02-24 06:00:00,5.407340518130212,0.0
2026-02-24 07:00:00,5.107639250616323,155.29142706151245
2026-02-24 08:00:00,5.005416729483528,299.99999999999994
2026-02-24 09:00:00,5.107639250616323,424.2640687119285
2026-02-24 10:00:00,5.407340518130212,519.6152422706632
2026-02-24 11:00:00,5.884096385923886,579.555495773441
2026-02-24 12:00:00,6.505416729483528,600.0
2026-02-24 13:00:00,7.228959594175966,579.555495773441
2026-02-24 14:00:00,8.005416729483528,519.6152422706632
2026-02-24 15:00:00,8.781873864791091,424.26406871192853
2026-02-24 16:00:00,9.505416729483528,299.99999999999994
2026-02-24 17:00:00,10.12673707304317,155.29142706151262
2026-02-24 18:00:00,10.603492940836844,7.347880794884119e-14
2026-02-24 19:00:00,10.903194208350733,0.0
2026-02-24 20:00:00,11.005416729483528,0.0
2026-02-24 21:00:00,10.903194208350733,0.0
2026-02-24 22:00:00,10.603492940836844,0.0
2026-02-24 23:00:00,10.12673707304317,0.0
2026-02-25 00:00:00,9.629472327763331,0.0
2026-02-25 01:00:00,8.905929463070894,0.0
2026-02-25 02:00:00,8.129472327763331,0.0
2026-02-25 03:00:00,7.353015192455768,0.0
2026-02-25 04:00:00,6.629472327763331,0.0
2026-02-25 05:00:00,6.008151984203688,0.0
2026-02-25 06:00:00,5.531396116410015,0.0
2026-02-25 07:00:00,5.231694848896126,155.29142706151245
2026-02-25 08:00:00,5.129472327763331,299.99999999999994
2026-02-25 09:00:00,5.231694848896126,424.2640687119285
2026-02-25 10:00:00,5.531396116410015,519.6152422706632
2026-02-25 11:00:00,6.008151984203689,579.555495773441
2026-02-25 12:00:00,6.629472327763331,600.0
2026-02-25 13:00:00,7.353015192455769,579.555495773441
2026-02-25 14:00:00,8.129472327763331,519.6152422706632
2026-02-25 15:00:00,8.905929463070894,424.26406871192853
2026-02-25 16:00:00,9.629472327763331,299.99999999999994
2026-02-25 17:00:00,10.250792671322973,155.29142706151262
2026-02-25 18:00:00,10.727548539116647,7.347880794884119e-14
2026-02-25 19:00:00,11.027249806630536,0.0
2026-02-25 20:00:00,11.129472327763331,0.0
2026-02-25 21:00:00,11.027249806630536,0.0
2026-02-25 22:00:00,10.727548539116647,0.0
2026-02-25 23:00:00,10.250792671322973,0.0
2026-02-26 00:00:00,9.755563811670545,0.0
2026-02-26 01:00:00,9.032020946978108,0.0
2026-02-26 02:00:00,8.255563811670545,0.0
2026-02-26 03:00:00,7.479106676362981,0.0
2026-02-26 04:00:00,6.7555638116705445,0.0
2026-02-26 05:00:00,6.134243468110902,0.0
2026-02-26 06:00:00,5.6574876003172285,0.0
2026-02-26 07:00:00,5.3577863328033395,155.29142706151245
2026-02-26 08:00:00,5.2555638116705445,299.99999999999994
2026-02-26 09:00:00,5.3577863328033395,424.2640687119285
2026-02-26 10:00:00,5.6574876003172285,519.6152422706632
2026-02-26 11:00:00,6.134243468110903,579.555495773441
2026-02-26 12:00:00,6.7555638116705445,600.0
2026-02-26 13:00:00,7.479106676362982,579.555495773441
2026-02-26 14:00:00,8.255563811670545,519.6152422706632
2026-02-26 15:00:00,9.032020946978108,424.26406871192853
2026-02-26 16:00:00,9.755563811670545,299.99999999999994
2026-02-26 17:00:00,10.376884155230186,155.29142706151262
2026-02-26 18:00:00,10.85364002302386,7.347880794884119e-14
2026-02-26 19:00:00,11.15334129053775,0.0
2026-02-26 20:00:00,11.255563811670545,0.0
2026-02-26 21:00:00,11.15334129053775,0.0
2026-02-26 22:00:00,10.85364002302386,0.0
2026-02-26 23:00:00,10.376884155230186,0.0
2026-02-27 00:00:00,9.883653817577216,0.0
2026-02-27 01:00:00,9.16011095288478,0.0
2026-02-27 02:00:00,8.383653817577217,0.0
2026-02-27 03:00:00,7.607196682269654,0.0
2026-02-27 04:00:00,6.883653817577217,0.0
2026-02-27 05:00:00,6.2623334740175745,0.0
2026-02-27 06:00:00,5.785577606223901,0.0
2026-02-27 07:00:00,5.485876338710012,155.29142706151245
2026-02-27 08:00:00,5.383653817577217,299.99999999999994
2026-02-27 09:00:00,5.485876338710012,424.2640687119285
2026-02-27 10:00:00,5.785577606223901,519.6152422706632
2026-02-27 11:00:00,6.262333474017575,579.555495773441
2026-02-27 12:00:00,6.883653817577217,600.0
2026-02-27 13:00:00,7.607196682269655,579.555495773441
2026-02-27 14:00:00,8.383653817577217,519.6152422706632
2026-02-27 15:00:00,9.160110952884779,424.26406871192853
2026-02-27 16:00:00,9.883653817577217,299.99999999999994
2026-02-27 17:00:00,10.50497416113686,155.29142706151262
2026-02-27 18:00:00,10.981730028930533,7.347880794884119e-14
2026-02-27 19:00:00,11.281431296444422,0.0
2026-02-27 20:00:00,11.383653817577217,0.0
2026-02-27 21:00:00,11.281431296444422,0.0
2026-02-27 22:00:00,10.981730028930533,0.0
2026-02-27 23:00:00,10.504974161136861,0.0
2026-02-28 00:00:00,10.013704389650186,0.0
2026-02-28 01:00:00,9.29016152495775,0.0
2026-02-28 02:00:00,8.513704389650186,0.0
2026-02-28 03:00:00,7.737247254342623,0.0
2026-02-28 04:00:00,7.0137043896501865,0.0
2026-02-28 05:00:00,6.392384046090544,0.0
2026-02-28 06:00:00,5.9156281782968705,0.0
2026-02-28 07:00:00,5.6159269107829815,155.29142706151245
2026-02-28 08:00:00,5.5137043896501865,299.99999999999994
2026-02-28 09:00:00,5.6159269107829815,424.2640687119285
2026-02-28 10:00:00,5.9156281782968705,519.6152422706632
2026-02-28 11:00:00,6.392384046090545,579.555495773441
2026-02-28 12:00:00,7.0137043896501865,600.0
2026-02-28 13:00:00,7.737247254342624,579.555495773441
2026-02-28 14:00:00,8.513704389650186,519.6152422706632
2026-02-28 15:00:00,9.29016152495775,424.26406871192853
2026-02-28 16:00:00,10.013704389650186,299.99999999999994
2026-02-28 17:00:00,10.635024733209828,155.29142706151262
2026-02-28 18:00:00,11.111780601003503,7.347880794884119e-14
2026-02-28 19:00:00,11.411481868517392,0.0
2026-02-28 20:00:00,11.513704389650186,0.0
2026-02-28 21:00:00,11.411481868517392,0.0
2026-02-28 22:00:00,11.111780601003503,0.0
2026-02-28 23:00:00,10.635024733209828,0.0
2026-03-01 00:00:00,10.145676991098224,0.0
2026-03-01 01:00:00,9.422134126405789,0.0
2026-03-01 02:00:00,8.645676991098226,0.0
2026-03-01 03:00:00,7.8692198557906625,0.0
2026-03-01 04:00:00,7.145676991098226,0.0
2026-03-01 05:00:00,6.524356647538583,0.0
2026-03-01 06:00:00,6.04760077974491,0.0
2026-03-01 07:00:00,5.747899512231021,155.29142706151245
2026-03-01 08:00:00,5.645676991098226,299.99999999999994
2026-03-01 09:00:00,5.747899512231021,424.2640687119285
2026-03-01 10:00:00,6.04760077974491,519.6152422706632
2026-03-01 11:00:00,6.524356647538584,579.555495773441
2026-03-01 12:00:00,7.145676991098226,600.0
2026-03-01 13:00:00,7.869219855790663,579.555495773441
2026-03-01 14:00:00,8.645676991098226,519.6152422706632
2026-03-01 15:00:00,9.422134126405787,424.26406871192853
2026-03-01 16:00:00,10.145676991098226,299.99999999999994
2026-03-01 17:00:00,10.766997334657868,155.29142706151262
2026-03-01 18:00:00,11.243753202451542,7.347880794884119e-14
2026-03-01 19:00:00,11.54345446996543,0.0
2026-03-01 20:00:00,11.645676991098226,0.0
2026-03-01 21:00:00,11.54345446996543,0.0
2026-03-01 22:00:00,11.243753202451542,0.0
2026-03-01 23:00:00,10.76699733465787,0.0
2026-03-02 00:00:00,10.279532515591324,0.0
2026-03-02 01:00:00,9.555989650898887,0.0
2026-03-02 02:00:00,8.779532515591324,0.0
2026-03-02 03:00:00,8.00307538028376,0.0
2026-03-02 04:00:00,7.279532515591324,0.0
2026-03-02 05:00:00,6.658212172031681,0.0
2026-03-02 06:00:00,6.181456304238008,0.0
2026-03-02 07:00:00,5.881755036724119,155.29142706151245
2026-03-02 08:00:00,5.779532515591324,299.99999999999994
2026-03-02 09:00:00,5.881755036724119,424.2640687119285
2026-03-02 10:00:00,6.181456304238008,519.6152422706632
2026-03-02 11:00:00,6.658212172031682,579.555495773441
2026-03-02 12:00:00,7.279532515591324,600.0
2026-03-02 13:00:00,8.00307538028376,579.555495773441
2026-03-02 14:00:00,8.779532515591324,519.6152422706632
2026-03-02 15:00:00,9.555989650898887,424.26406871192853
2026-03-02 16:00:00,10.279532515591324,299.99999999999994
2026-03-02 17:00:00,10.900852859150966,155.29142706151262
2026-03-02 18:00:00,11.37760872694464,7.347880794884119e-14
2026-03-02 19:00:00,11.677309994458529,0.0
2026-03-02 20:00:00,11.779532515591324,0.0
2026-03-02 21:00:00,11.677309994458529,0.0
2026-03-02 22:00:00,11.37760872694464,0.0
2026-03-02 23:00:00,10.900852859150966,0.0
2026-03-03 00:00:00,10.415231298848738,0.0
2026-03-03 01:00:00,9.691688434156301,0.0
2026-03-03 02:00:00,8.915231298848738,0.0
2026-03-03 03:00:00,8.138774163541175,0.0
2026-03-03 04:00:00,7.415231298848738,0.0
2026-03-03 05:00:00,6.793910955289095,0.0
2026-03-03 06:00:00,6.317155087495422,0.0
2026-03-03 07:00:00,6.017453819981533,155.29142706151245
2026-03-03 08:00:00,5.915231298848738,299.99999999999994
2026-03-03 09:00:00,6.017453819981533,424.2640687119285
2026-03-03 10:00:00,6.317155087495422,519.6152422706632
2026-03-03 11:00:00,6.793910955289096,579.555495773441
2026-03-03 12:00:00,7.415231298848738,600.0
2026-03-03 13:00:00,8.138774163541175,579.555495773441
2026-03-03 14:00:00,8.915231298848738,519.6152422706632
2026-03-03 15:00:00,9.691688434156301,424.26406871192853
2026-03-03 16:00:00,10.415231298848738,299.99999999999994
2026-03-03 17:00:00,11.03655164240838,155.29142706151262
2026-03-03 18:00:00,11.513307510202054,7.347880794884119e-14
2026-03-03 19:00:00,11.813008777715943,0.0
2026-03-03 20:00:00,11.915231298848738,0.0
2026-03-03 21:00:00,11.813008777715943,0.0
2026-03-03 22:00:00,11.513307510202054,0.0
2026-03-03 23:00:00,11.03655164240838,0.0
2026-03-04 00:00:00,10.552733130392365,0.0
2026-03-04 01:00:00,9.829190265699928,0.0
2026-03-04 02:00:00,9.052733130392365,0.0
2026-03-04 03:00:00,8.276275995084802,0.0
2026-03-04 04:00:00,7.552733130392365,0.0
2026-03-04 05:00:00,6.931412786832722,0.0
2026-03-04 06:00:00,6.454656919039049,0.0
2026-03-04 07:00:00,6.15495565152516,155.29142706151245
2026-03-04 08:00:00,6.052733130392365,299.99999999999994
2026-03-04 09:00:00,6.15495565152516,424.2640687119285
2026-03-04 10:00:00,6.454656919039049,519.6152422706632
2026-03-04 11:00:00,6.931412786832723,579.555495773441
2026-03-04 12:00:00,7.552733130392365,600.0
2026-03-04 13:00:00,8.276275995084802,579.555495773441
2026-03-04 14:00:00,9.052733130392365,519.6152422706632
2026-03-04 15:00:00,9.829190265699928,424.26406871192853
2026-03-04 16:00:00,10.552733130392365,299.99999999999994
2026-03-04 17:00:00,11.174053473952007,155.29142706151262
2026-03-04 18:00:00,11.650809341745681,7.347880794884119e-14
2026-03-04 19:00:00,11.95051060925957,0.0
2026-03-04 20:00:00,12.052733130392365,0.0
2026-03-04 21:00:00,11.95051060925957,0.0
2026-03-04 22:00:00,11.650809341745681,0.0
2026-03-04 23:00:00,11.174053473952007,0.0
2026-03-05 00:00:00,10.691997265461989,0.0
2026-03-05 01:00:00,9.968454400769554,0.0
2026-03-05 02:00:00,9.19199726546199,0.0
2026-03-05 03:00:00,8.415540130154428,0.0
2026-03-05 04:00:00,7.691997265461991,0.0
2026-03-05 05:00:00,7.070676921902348,0.0
2026-03-05 06:00:00,6.593921054108675,0.0
2026-03-05 07:00:00,6.294219786594786,155.29142706151245
2026-03-05 08:00:00,6.191997265461991,299.99999999999994
2026-03-05 09:00:00,6.294219786594786,424.2640687119285
2026-03-05 10:00:00,6.593921054108675,519.6152422706632
2026-03-05 11:00:00,7.070676921902349,579.555495773441
2026-03-05 12:00:00,7.691997265461991,600.0
2026-03-05 13:00:00,8.41554013015443,579.555495773441
2026-03-05 14:00:00,9.19199726546199,519.6152422706632
2026-03-05 15:00:00,9.968454400769552,424.26406871192853
2026-03-05 16:00:00,10.69199726546199,299.99999999999994
2026-03-05 17:00:00,11.313317609021633,155.29142706151262
2026-03-05 18:00:00,11.790073476815307,7.347880794884119e-14
2026-03-05 19:00:00,12.089774744329196,0.0
2026-03-05 20:00:00,12.19199726546199,0.0
2026-03-05 21:00:00,12.089774744329196,0.0
2026-03-05 22:00:00,11.790073476815307,0.0
2026-03-05 23:00:00,11.313317609021635,0.0
2026-03-06 00:00:00,10.832982437088823,0.0
2026-03-06 01:00:00,10.109439572396386,0.0
2026-03-06 02:00:00,9.332982437088823,0.0
2026-03-06 03:00:00,8.55652530178126,0.0
2026-03-06 04:00:00,7.832982437088823,0.0
2026-03-06 05:00:00,7.21166209352918,0.0
2026-03-06 06:00:00,6.734906225735507,0.0
2026-03-06 07:00:00,6.435204958221618,155.29142706151245
2026-03-06 08:00:00,6.332982437088823,299.99999999999994
2026-03-06 09:00:00,6.435204958221618,424.2640687119285
2026-03-06 10:00:00,6.734906225735507,519.6152422706632
2026-03-06 11:00:00,7.211662093529181,579.555495773441
2026-03-06 12:00:00,7.832982437088823,600.0
2026-03-06 13:00:00,8.55652530178126,579.555495773441
2026-03-06 14:00:00,9.332982437088823,519.6152422706632
2026-03-06 15:00:00,10.109439572396386,424.26406871192853
2026-03-06 16:00:00,10.832982437088823,299.99999999999994
2026-03-06 17:00:00,11.454302780648465,155.29142706151262
2026-03-06 18:00:00,11.93105864844214,7.347880794884119e-14
2026-03-06 19:00:00,12.230759915956028,0.0
2026-03-06 20:00:00,12.332982437088823,0.0
2026-03-06 21:00:00,12.230759915956028,0.0
2026-03-06 22:00:00,11.93105864844214,0.0
2026-03-06 23:00:00,11.454302780648465,0.0
2026-03-07 00:00:00,10.975646868323803,0.0
2026-03-07 01:00:00,10.252104003631366,0.0
2026-03-07 02:00:00,9.475646868323803,0.0
2026-03-07 03:00:00,8.69918973301624,0.0
2026-03-07 04:00:00,7.975646868323803,0.0
2026-03-07 05:00:00,7.3543265247641605,0.0
2026-03-07 06:00:00,6.877570656970487,0.0
2026-03-07 07:00:00,6.577869389456598,155.29142706151245
2026-03-07 08:00:00,6.475646868323803,299.99999999999994
2026-03-07 09:00:00,6.577869389456598,424.2640687119285
2026-03-07 10:00:00,6.877570656970487,519.6152422706632
2026-03-07 11:00:00,7.354326524764161,579.555495773441
2026-03-07 12:00:00,7.975646868323803,600.0
2026-03-07 13:00:00,8.69918973301624,579.555495773441
2026-03-07 14:00:00,9.475646868323803,519.6152422706632
2026-03-07 15:00:00,10.252104003631366,424.26406871192853
2026-03-07 16:00:00,10.975646868323803,299.99999999999994
2026-03-07 17:00:00,11.596967211883445,155.29142706151262
2026-03-07 18:00:00,12.07372307967712,7.347880794884119e-14
2026-03-07 19:00:00,12.373424347191008,0.0
2026-03-07 20:00:00,12.475646868323803,0.0
2026-03-07 21:00:00,12.373424347191008,0.0
2026-03-07 22:00:00,12.07372307967712,0.0
2026-03-07 23:00:00,11.596967211883445,0.0
2026-03-08 00:00:00,11.119948284617003,0.0
2026-03-08 01:00:00,10.396405419924566,0.0
2026-03-08 02:00:00,9.619948284617003,0.0
2026-03-08 03:00:00,8.84349114930944,0.0
2026-03-08 04:00:00,8.119948284617003,0.0
2026-03-08 05:00:00,7.49862794105736,0.0
2026-03-08 06:00:00,7.021872073263687,0.0
2026-03-08 07:00:00,6.722170805749798,155.29142706151245
2026-03-08 08:00:00,6.619948284617003,299.99999999999994
2026-03-08 09:00:00,6.722170805749798,424.2640687119285
2026-03-08 10:00:00,7.021872073263687,519.6152422706632
2026-03-08 11:00:00,7.498627941057361,579.555495773441
2026-03-08 12:00:00,8.119948284617003,600.0
2026-03-08 13:00:00,8.84349114930944,579.555495773441
2026-03-08 14:00:00,9.619948284617003,519.6152422706632
2026-03-08 15:00:00,10.396405419924566,424.26406871192853
2026-03-08 16:00:00,11.119948284617003,299.99999999999994
2026-03-08 17:00:00,11.741268628176645,155.29142706151262
2026-03-08 18:00:00,12.218024495970319,7.347880794884119e-14
2026-03-08 19:00:00,12.517725763484208,0.0
2026-03-08 20:00:00,12.619948284617003,0.0
2026-03-08 21:00:00,12.517725763484208,0.0
2026-03-08 22:00:00,12.218024495970319,0.0
2026-03-08 23:00:00,11.741268628176645,0.0
2026-03-09 00:00:00,11.265843926344498,0.0
2026-03-09 01:00:00,10.542301061652061,0.0
2026-03-09 02:00:00,9.765843926344498,0.0
2026-03-09 03:00:00,8.989386791036935,0.0
2026-03-09 04:00:00,8.265843926344498,0.0
2026-03-09 05:00:00,7.644523582784855,0.0
2026-03-09 06:00:00,7.167767714991182,0.0
2026-03-09 07:00:00,6.868066447477293,155.29142706151245
2026-03-09 08:00:00,6.765843926344498,299.99999999999994
2026-03-09 09:00:00,6.868066447477293,424.2640687119285
2026-03-09 10:00:00,7.167767714991182,519.6152422706632
2026-03-09 11:00:00,7.644523582784856,579.555495773441
2026-03-09 12:00:00,8.265843926344498,600.0
2026-03-09 13:00:00,8.989386791036935,579.555495773441
2026-03-09 14:00:00,9.765843926344498,519.6152422706632
2026-03-09 15:00:00,10.542301061652061,424.26406871192853
2026-03-09 16:00:00,11.265843926344498,299.99999999999994
2026-03-09 17:00:00,11.88716426990414,155.29142706151262
2026-03-09 18:00:00,12.363920137697814,7.347880794884119e-14
2026-03-09 19:00:00,12.663621405211703,0.0
2026-03-09 20:00:00,12.765843926344498,0.0
2026-03-09 21:00:00,12.663621405211703,0.0
2026-03-09 22:00:00,12.363920137697814,0.0
2026-03-09 23:00:00,11.88716426990414,0.0
2026-03-10 00:00:00,11.413290561478956,0.0
2026-03-10 01:00:00,10.689747696786519,0.0
2026-03-10 02:00:00,9.913290561478956,0.0
2026-03-10 03:00:00,9.136833426171393,0.0
2026-03-10 04:00:00,8.413290561478956,0.0
2026-03-10 05:00:00,7.791970217919313,0.0
2026-03-10 06:00:00,7.31521435012564,0.0
2026-03-10 07:00:00,7.015513082611751,155.29142706151245
2026-03-10 08:00:00,6.913290561478956,299.99999999999994
2026-03-10 09:00:00,7.015513082611751,424.2640687119285
2026-03-10 10:00:00,7.31521435012564,519.6152422706632
2026-03-10 11:00:00,7.791970217919314,579.555495773441
2026-03-10 12:00:00,8.413290561478956,600.0
2026-03-10 13:00:00,9.136833426171393,579.555495773441
2026-03-10 14:00:00,9.913290561478956,519.6152422706632
2026-03-10 15:00:00,10.689747696786519,424.26406871192853
2026-03-10 16:00:00,11.413290561478956,299.99999999999994
2026-03-10 17:00:00,12.034610905038598,155.29142706151262
2026-03-10 18:00:00,12.511366772832272,7.347880794884119e-14
2026-03-10 19:00:00,12.81106804034616,0.0
2026-03-10 20:00:00,12.913290561478956,0.0
2026-03-10 21:00:00,12.81106804034616,0.0
2026-03-10 22:00:00,12.511366772832272,0.0
2026-03-10 23:00:00,12.034610905038598,0.0
2026-03-11 00:00:00,11.562244498400226,0.0
2026-03-11 01:00:00,10.83870163370779,0.0
2026-03-11 02:00:00,10.062244498400227,0.0
2026-03-11 03:00:00,9.285787363092664,0.0
2026-03-11 04:00:00,8.562244498400227,0.0
2026-03-11 05:00:00,7.940924154840585,0.0
2026-03-11 06:00:00,7.4641682870469115,0.0
2026-03-11 07:00:00,7.1644670195330225,155.29142706151245
2026-03-11 08:00:00,7.0622444984002275,299.99999999999994
2026-03-11 09:00:00,7.1644670195330225,424.2640687119285
2026-03-11 10:00:00,7.4641682870469115,519.6152422706632
2026-03-11 11:00:00,7.940924154840586,579.555495773441
2026-03-11 12:00:00,8.562244498400227,600.0
2026-03-11 13:00:00,9.285787363092666,579.555495773441
2026-03-11 14:00:00,10.062244498400227,519.6152422706632
2026-03-11 15:00:00,10.838701633707789,424.26406871192853
2026-03-11 16:00:00,11.562244498400227,299.99999999999994
2026-03-11 17:00:00,12.18356484195987,155.29142706151262
2026-03-11 18:00:00,12.660320709753544,7.347880794884119e-14
2026-03-11 19:00:00,12.960021977267433,0.0
2026-03-11 20:00:00,13.062244498400227,0.0
2026-03-11 21:00:00,12.960021977267433,0.0
2026-03-11 22:00:00,12.660320709753544,0.0
2026-03-11 23:00:00,12.183564841959871,0.0
2026-03-12 00:00:00,11.712661598842114,0.0
2026-03-12 01:00:00,10.989118734149677,0.0
2026-03-12 02:00:00,10.212661598842114,0.0
2026-03-12 03:00:00,9.436204463534551,0.0
2026-03-12 04:00:00,8.712661598842114,0.0
2026-03-12 05:00:00,8.091341255282472,0.0
2026-03-12 06:00:00,7.614585387488798,0.0
2026-03-12 07:00:00,7.314884119974909,155.29142706151245
2026-03-12 08:00:00,7.212661598842114,299.99999999999994
2026-03-12 09:00:00,7.314884119974909,424.2640687119285
2026-03-12 10:00:00,7.614585387488798,519.6152422706632
2026-03-12 11:00:00,8.091341255282472,579.555495773441
2026-03-12 12:00:00,8.712661598842114,600.0
2026-03-12 13:00:00,9.436204463534551,579.555495773441
2026-03-12 14:00:00,10.212661598842114,519.6152422706632
2026-03-12 15:00:00,10.989118734149677,424.26406871192853
2026-03-12 16:00:00,11.712661598842114,299.99999999999994
2026-03-12 17:00:00,12.333981942401756,155.29142706151262
2026-03-12 18:00:00,12.81073781019543,7.347880794884119e-14
2026-03-12 19:00:00,13.11043907770932,0.0
2026-03-12 20:00:00,13.212661598842114,0.0
2026-03-12 21:00:00,13.11043907770932,0.0
2026-03-12 22:00:00,12.81073781019543,0.0
2026-03-12 23:00:00,12.333981942401756,0.0
2026-03-13 00:00:00,11.864497290971492,0.0
2026-03-13 01:00:00,11.140954426279055,0.0
2026-03-13 02:00:00,10.364497290971492,0.0
2026-03-13 03:00:00,9.58804015566393,0.0
2026-03-13 04:00:00,8.864497290971492,0.0
2026-03-13 05:00:00,8.24317694741185,0.0
2026-03-13 06:00:00,7.766421079618176,0.0
2026-03-13 07:00:00,7.466719812104287,155.29142706151245
2026-03-13 08:00:00,7.364497290971492,299.99999999999994
2026-03-13 09:00:00,7.466719812104287,424.2640687119285
2026-03-13 10:00:00,7.766421079618176,519.6152422706632
2026-03-13 11:00:00,8.24317694741185,579.555495773441
2026-03-13 12:00:00,8.864497290971492,600.0
2026-03-13 13:00:00,9.58804015566393,579.555495773441
2026-03-13 14:00:00,10.364497290971492,519.6152422706632
2026-03-13 15:00:00,11.140954426279055,424.26406871192853
2026-03-13 16:00:00,11.864497290971492,299.99999999999994
2026-03-13 17:00:00,12.485817634531134,155.29142706151262
2026-03-13 18:00:00,12.962573502324808,7.347880794884119e-14
2026-03-13 19:00:00,13.262274769838697,0.0
2026-03-13 20:00:00,13.364497290971492,0.0
2026-03-13 21:00:00,13.262274769838697,0.0
2026-03-13 22:00:00,12.962573502324808,0.0
2026-03-13 23:00:00,12.485817634531134,0.0
2026-03-14 00:00:00,12.017706582595892,0.0
2026-03-14 01:00:00,11.294163717903457,0.0
2026-03-14 02:00:00,10.517706582595894,0.0
2026-03-14 03:00:00,9.74124944728833,0.0
2026-03-14 04:00:00,9.017706582595894,0.0
2026-03-14 05:00:00,8.39638623903625,0.0
2026-03-14 06:00:00,7.919630371242578,0.0
2026-03-14 07:00:00,7.619929103728689,155.29142706151245
2026-03-14 08:00:00,7.517706582595894,299.99999999999994
2026-03-14 09:00:00,7.619929103728689,424.2640687119285
2026-03-14 10:00:00,7.919630371242578,519.6152422706632
2026-03-14 11:00:00,8.396386239036252,579.555495773441
2026-03-14 12:00:00,9.017706582595894,600.0
2026-03-14 13:00:00,9.741249447288332,579.555495773441
2026-03-14 14:00:00,10.517706582595894,519.6152422706632
2026-03-14 15:00:00,11.294163717903455,424.26406871192853
2026-03-14 16:00:00,12.017706582595894,299.99999999999994
2026-03-14 17:00:00,12.639026926155536,155.29142706151262
2026-03-14 18:00:00,13.11578279394921,7.347880794884119e-14
2026-03-14 19:00:00,13.415484061463099,0.0
2026-03-14 20:00:00,13.517706582595894,0.0
2026-03-14 21:00:00,13.415484061463099,0.0
2026-03-14 22:00:00,13.11578279394921,0.0
2026-03-14 23:00:00,12.639026926155537,0.0
2026-03-15 00:00:00,12.172244074495687,0.0
2026-03-15 01:00:00,11.44870120980325,0.0
2026-03-15 02:00:00,10.672244074495687,0.0
2026-03-15 03:00:00,9.895786939188124,0.0
2026-03-15 04:00:00,9.172244074495687,0.0
2026-03-15 05:00:00,8.550923730936045,0.0
2026-03-15 06:00:00,8.074167863142371,0.0
2026-03-15 07:00:00,7.774466595628482,155.29142706151245
2026-03-15 08:00:00,7.672244074495687,299.99999999999994
2026-03-15 09:00:00,7.774466595628482,424.2640687119285
2026-03-15 10:00:00,8.074167863142371,519.6152422706632
2026-03-15 11:00:00,8.550923730936045,579.555495773441
2026-03-15 12:00:00,9.172244074495687,600.0
2026-03-15 13:00:00,9.895786939188124,579.555495773441
2026-03-15 14:00:00,10.672244074495687,519.6152422706632
2026-03-15 15:00:00,11.44870120980325,424.26406871192853
2026-03-15 16:00:00,12.172244074495687,299.99999999999994
2026-03-15 17:00:00,12.793564418055329,155.29142706151262
2026-03-15 18:00:00,13.270320285849003,7.347880794884119e-14
2026-03-15 19:00:00,13.570021553362892,0.0
2026-03-15 20:00:00,13.672244074495687,0.0
2026-03-15 21:00:00,13.570021553362892,0.0
2026-03-15 22:00:00,13.270320285849003,0.0
2026-03-15 23:00:00,12.793564418055329,0.0
2026-03-16 00:00:00,12.32806397387683,0.0
2026-03-16 01:00:00,11.604521109184395,0.0
2026-03-16 02:00:00,10.828063973876832,0.0
2026-03-16 03:00:00,10.051606838569269,0.0
2026-03-16 04:00:00,9.328063973876832,0.0
2026-03-16 05:00:00,8.706743630317188,0.0
2026-03-16 06:00:00,8.229987762523516,0.0
2026-03-16 07:00:00,7.930286495009627,155.29142706151245
2026-03-16 08:00:00,7.828063973876832,299.99999999999994
2026-03-16 09:00:00,7.930286495009627,424.2640687119285
2026-03-16 10:00:00,8.229987762523516,519.6152422706632
2026-03-16 11:00:00,8.70674363031719,579.555495773441
2026-03-16 12:00:00,9.328063973876832,600.0
2026-03-16 13:00:00,10.05160683856927,579.555495773441
2026-03-16 14:00:00,10.828063973876832,519.6152422706632
2026-03-16 15:00:00,11.604521109184393,424.26406871192853
2026-03-16 16:00:00,12.328063973876832,299.99999999999994
2026-03-16 17:00:00,12.949384317436474,155.29142706151262
2026-03-16 18:00:00,13.426140185230148,7.347880794884119e-14
2026-03-16 19:00:00,13.725841452744037,0.0
2026-03-16 20:00:00,13.828063973876832,0.0
2026-03-16 21:00:00,13.725841452744037,0.0
2026-03-16 22:00:00,13.426140185230148,0.0
2026-03-16 23:00:00,12.949384317436476,0.0
2026-03-17 00:00:00,12.485120107940268,0.0
2026-03-17 01:00:00,11.761577243247833,0.0
2026-03-17 02:00:00,10.98512010794027,0.0
2026-03-17 03:00:00,10.208662972632707,0.0
2026-03-17 04:00:00,9.48512010794027,0.0
2026-03-17 05:00:00,8.863799764380627,0.0
2026-03-17 06:00:00,8.387043896586954,0.0
2026-03-17 07:00:00,8.087342629073065,155.29142706151245
2026-03-17 08:00:00,7.98512010794027,299.99999999999994
2026-03-17 09:00:00,8.087342629073065,424.2640687119285
2026-03-17 10:00:00,8.387043896586954,519.6152422706632
2026-03-17 11:00:00,8.863799764380628,579.555495773441
2026-03-17 12:00:00,9.48512010794027,600.0
2026-03-17 13:00:00,10.208662972632709,579.555495773441
2026-03-17 14:00:00,10.98512010794027,519.6152422706632
2026-03-17 15:00:00,11.761577243247832,424.26406871192853
2026-03-17 16:00:00,12.48512010794027,299.99999999999994
2026-03-17 17:00:00,13.106440451499912,155.29142706151262
2026-03-17 18:00:00,13.583196319293586,7.347880794884119e-14
2026-03-17 19:00:00,13.882897586807475,0.0
2026-03-17 20:00:00,13.98512010794027,0.0
2026-03-17 21:00:00,13.882897586807475,0.0
2026-03-17 22:00:00,13.583196319293586,0.0
2026-03-17 23:00:00,13.106440451499914,0.0
2026-03-18 00:00:00,12.643365937563928,0.0
2026-03-18 01:00:00,11.919823072871493,0.0
2026-03-18 02:00:00,11.14336593756393,0.0
2026-03-18 03:00:00,10.366908802256367,0.0
2026-03-18 04:00:00,9.64336593756393,0.0
2026-03-18 05:00:00,9.022045594004286,0.0
2026-03-18 06:00:00,8.545289726210614,0.0
2026-03-18 07:00:00,8.245588458696725,155.29142706151245
2026-03-18 08:00:00,8.14336593756393,299.99999999999994
2026-03-18 09:00:00,8.245588458696725,424.2640687119285
2026-03-18 10:00:00,8.545289726210614,519.6152422706632
2026-03-18 11:00:00,9.022045594004288,579.555495773441
2026-03-18 12:00:00,9.64336593756393,600.0
2026-03-18 13:00:00,10.366908802256368,579.555495773441
2026-03-18 14:00:00,11.14336593756393,519.6152422706632
2026-03-18 15:00:00,11.919823072871491,424.26406871192853
2026-03-18 16:00:00,12.64336593756393,299.99999999999994
2026-03-18 17:00:00,13.264686281123572,155.29142706151262
2026-03-18 18:00:00,13.741442148917246,7.347880794884119e-14
2026-03-18 19:00:00,14.041143416431135,0.0
2026-03-18 20:00:00,14.14336593756393,0.0
2026-03-18 21:00:00,14.041143416431135,0.0
2026-03-18 22:00:00,13.741442148917246,0.0
2026-03-18 23:00:00,13.264686281123574,0.0
2026-03-19 00:00:00,12.802754571093267,0.0
2026-03-19 01:00:00,12.079211706400832,0.0
2026-03-19 02:00:00,11.302754571093269,0.0
2026-03-19 03:00:00,10.526297435785706,0.0
2026-03-19 04:00:00,9.802754571093269,0.0
2026-03-19 05:00:00,9.181434227533625,0.0
2026-03-19 06:00:00,8.704678359739953,0.0
2026-03-19 07:00:00,8.404977092226064,155.29142706151245
2026-03-19 08:00:00,8.302754571093269,299.99999999999994
2026-03-19 09:00:00,8.404977092226064,424.2640687119285
2026-03-19 10:00:00,8.704678359739953,519.6152422706632
2026-03-19 11:00:00,9.181434227533627,579.555495773441
2026-03-19 12:00:00,9.802754571093269,600.0
2026-03-19 13:00:00,10.526297435785708,579.555495773441
2026-03-19 14:00:00,11.302754571093269,519.6152422706632
2026-03-19 15:00:00,12.07921170640083,424.26406871192853
2026-03-19 16:00:00,12.802754571093269,299.99999999999994
2026-03-19 17:00:00,13.42407491465291,155.29142706151262
2026-03-19 18:00:00,13.900830782446585,7.347880794884119e-14
2026-03-19 19:00:00,14.200532049960474,0.0
2026-03-19 20:00:00,14.302754571093269,0.0
2026-03-19 21:00:00,14.200532049960474,0.0
2026-03-19 22:00:00,13.900830782446585,0.0
2026-03-19 23:00:00,13.424074914652913,0.0
2026-03-20 00:00:00,12.963238778236285,0.0
2026-03-20 01:00:00,12.239695913543848,0.0
2026-03-20 02:00:00,11.463238778236285,0.0
2026-03-20 03:00:00,10.686781642928722,0.0
2026-03-20 04:00:00,9.963238778236285,0.0
2026-03-20 05:00:00,9.341918434676643,0.0
2026-03-20 06:00:00,8.865162566882969,0.0
2026-03-20 07:00:00,8.56546129936908,155.29142706151245
2026-03-20 08:00:00,8.463238778236285,299.99999999999994
2026-03-20 09:00:00,8.56546129936908,424.2640687119285
2026-03-20 10:00:00,8.865162566882969,519.6152422706632
2026-03-20 11:00:00,9.341918434676643,579.555495773441
2026-03-20 12:00:00,9.963238778236285,600.0
2026-03-20 13:00:00,10.686781642928722,579.555495773441
2026-03-20 14:00:00,11.463238778236285,519.6152422706632
2026-03-20 15:00:00,12.239695913543848,424.26406871192853
2026-03-20 16:00:00,12.963238778236285,299.99999999999994
2026-03-20 17:00:00,13.584559121795927,155.29142706151262
2026-03-20 18:00:00,14.0613149895896,7.347880794884119e-14
2026-03-20 19:00:00,14.36101625710349,0.0
2026-03-20 20:00:00,14.463238778236285,0.0
2026-03-20 21:00:00,14.36101625710349,0.0
2026-03-20 22:00:00,14.0613149895896,0.0
2026-03-20 23:00:00,13.584559121795927,0.0
2026-03-21 00:00:00,13.124771004058868,0.0
2026-03-21 01:00:00,12.401228139366431,0.0
2026-03-21 02:00:00,11.624771004058868,0.0
2026-03-21 03:00:00,10.848313868751305,0.0
2026-03-21 04:00:00,10.124771004058868,0.0
2026-03-21 05:00:00,9.503450660499226,0.0
2026-03-21 06:00:00,9.026694792705552,0.0
2026-03-21 07:00:00,8.726993525191663,155.29142706151245
2026-03-21 08:00:00,8.624771004058868,299.99999999999994
2026-03-21 09:00:00,8.726993525191663,424.2640687119285
2026-03-21 10:00:00,9.026694792705552,519.6152422706632
2026-03-21 11:00:00,9.503450660499226,579.555495773441
2026-03-21 12:00:00,10.124771004058868,600.0
2026-03-21 13:00:00,10.848313868751305,579.555495773441
2026-03-21 14:00:00,11.624771004058868,519.6152422706632
2026-03-21 15:00:00,12.401228139366431,424.26406871192853
2026-03-21 16:00:00,13.124771004058868,299.99999999999994
2026-03-21 17:00:00,13.74609134761851,155.29142706151262
2026-03-21 18:00:00,14.222847215412184,7.347880794884119e-14
2026-03-21 19:00:00,14.522548482926073,0.0
2026-03-21 20:00:00,14.624771004058868,0.0
2026-03-21 21:00:00,14.522548482926073,0.0
2026-03-21 22:00:00,14.222847215412184,0.0
2026-03-21 23:00:00,13.74609134761851,0.0
2026-03-22 00:00:00,13.287303383076356,0.0
2026-03-22 01:00:00,12.56376051838392,0.0
2026-03-22 02:00:00,11.787303383076356,0.0
2026-03-22 03:00:00,11.010846247768793,0.0
2026-03-22 04:00:00,10.287303383076356,0.0
2026-03-22 05:00:00,9.665983039516714,0.0
2026-03-22 06:00:00,9.18922717172304,0.0
2026-03-22 07:00:00,8.889525904209151,155.29142706151245
2026-03-22 08:00:00,8.787303383076356,299.99999999999994
2026-03-22 09:00:00,8.889525904209151,424.2640687119285
2026-03-22 10:00:00,9.18922717172304,519.6152422706632
2026-03-22 11:00:00,9.665983039516714,579.555495773441
2026-03-22 12:00:00,10.287303383076356,600.0
2026-03-22 13:00:00,11.010846247768793,579.555495773441
2026-03-22 14:00:00,11.787303383076356,519.6152422706632
2026-03-22 15:00:00,12.56376051838392,424.26406871192853
2026-03-22 16:00:00,13.287303383076356,299.99999999999994
2026-03-22 17:00:00,13.908623726635998,155.29142706151262
2026-03-22 18:00:00,14.385379594429672,7.347880794884119e-14
2026-03-22 19:00:00,14.685080861943561,0.0
2026-03-22 20:00:00,14.787303383076356,0.0
2026-03-22 21:00:00,14.685080861943561,0.0
2026-03-22 22:00:00,14.385379594429672,0.0
2026-03-22 23:00:00,13.908623726635998,0.0
2026-03-23 00:00:00,13.450787753437108,0.0
2026-03-23 01:00:00,12.727244888744671,0.0
2026-03-23 02:00:00,11.950787753437108,0.0
2026-03-23 03:00:00,11.174330618129545,0.0
2026-03-23 04:00:00,10.450787753437108,0.0
2026-03-23 05:00:00,9.829467409877466,0.0
2026-03-23 06:00:00,9.352711542083792,0.0
2026-03-23 07:00:00,9.053010274569903,155.29142706151245
2026-03-23 08:00:00,8.950787753437108,299.99999999999994
2026-03-23 09:00:00,9.053010274569903,424.2640687119285
2026-03-23 10:00:00,9.352711542083792,519.6152422706632
2026-03-23 11:00:00,9.829467409877466,579.555495773441
2026-03-23 12:00:00,10.450787753437108,600.0
2026-03-23 13:00:00,11.174330618129545,579.555495773441
2026-03-23 14:00:00,11.950787753437108,519.6152422706632
2026-03-23 15:00:00,12.727244888744671,424.26406871192853
2026-03-23 16:00:00,13.450787753437108,299.99999999999994
2026-03-23 17:00:00,14.07210809699675,155.29142706151262
2026-03-23 18:00:00,14.548863964790424,7.347880794884119e-14
2026-03-23 19:00:00,14.848565232304313,0.0
2026-03-23 20:00:00,14.950787753437108,0.0
2026-03-23 21:00:00,14.848565232304313,0.0
2026-03-23 22:00:00,14.548863964790424,0.0
2026-03-23 23:00:00,14.07210809699675,0.0
2026-03-24 00:00:00,13.61517567119391,0.0
2026-03-24 01:00:00,12.891632806501473,0.0
2026-03-24 02:00:00,12.11517567119391,0.0
2026-03-24 03:00:00,11.338718535886347,0.0
2026-03-24 04:00:00,10.61517567119391,0.0
2026-03-24 05:00:00,9.993855327634268,0.0
2026-03-24 06:00:00,9.517099459840594,0.0
2026-03-24 07:00:00,9.217398192326705,155.29142706151245
2026-03-24 08:00:00,9.11517567119391,299.99999999999994
2026-03-24 09:00:00,9.217398192326705,424.2640687119285
2026-03-24 10:00:00,9.517099459840594,519.6152422706632
2026-03-24 11:00:00,9.993855327634268,579.555495773441
2026-03-24 12:00:00,10.61517567119391,600.0
2026-03-24 13:00:00,11.338718535886347,579.555495773441
2026-03-24 14:00:00,12.11517567119391,519.6152422706632
2026-03-24 15:00:00,12.891632806501473,424.26406871192853
2026-03-24 16:00:00,13.61517567119391,299.99999999999994
2026-03-24 17:00:00,14.236496014753552,155.29142706151262
2026-03-24 18:00:00,14.713251882547226,7.347880794884119e-14
2026-03-24 19:00:00,15.012953150061115,0.0
2026-03-24 20:00:00,15.11517567119391,0.0
2026-03-24 21:00:00,15.012953150061115,0.0
2026-03-24 22:00:00,14.713251882547226,0.0
2026-03-24 23:00:00,14.236496014753552,0.0
2026-03-25 00:00:00,13.780418424658944,0.0
2026-03-25 01:00:00,13.056875559966509,0.0
2026-03-25 02:00:00,12.280418424658945,0.0
2026-03-25 03:00:00,11.503961289351382,0.0
2026-03-25 04:00:00,10.780418424658945,0.0
2026-03-25 05:00:00,10.159098081099302,0.0
2026-03-25 06:00:00,9.68234221330563,0.0
2026-03-25 07:00:00,9.38264094579174,155.29142706151245
2026-03-25 08:00:00,9.280418424658945,299.99999999999994
2026-03-25 09:00:00,9.38264094579174,424.2640687119285
2026-03-25 10:00:00,9.68234221330563,519.6152422706632
2026-03-25 11:00:00,10.159098081099303,579.555495773441
2026-03-25 12:00:00,10.780418424658945,600.0
2026-03-25 13:00:00,11.503961289351384,579.555495773441
2026-03-25 14:00:00,12.280418424658945,519.6152422706632
2026-03-25 15:00:00,13.056875559966507,424.26406871192853
2026-03-25 16:00:00,13.780418424658945,299.99999999999994
2026-03-25 17:00:00,14.401738768218587,155.29142706151262
2026-03-25 18:00:00,14.878494636012261,7.347880794884119e-14
2026-03-25 19:00:00,15.17819590352615,0.0
2026-03-25 20:00:00,15.280418424658945,0.0
2026-03-25 21:00:00,15.17819590352615,0.0
2026-03-25 22:00:00,14.878494636012261,0.0
2026-03-25 23:00:00,14.40173876821859,0.0
2026-03-26 00:00:00,13.94646704883813,0.0
2026-03-26 01:00:00,13.222924184145693,0.0
2026-03-26 02:00:00,12.44646704883813,0.0
2026-03-26 03:00:00,11.670009913530567,0.0
2026-03-26 04:00:00,10.94646704883813,0.0
2026-03-26 05:00:00,10.325146705278488,0.0
2026-03-26 06:00:00,9.848390837484814,0.0
2026-03-26 07:00:00,9.548689569970925,155.29142706151245
2026-03-26 08:00:00,9.44646704883813,299.99999999999994
2026-03-26 09:00:00,9.548689569970925,424.2640687119285
2026-03-26 10:00:00,9.848390837484814,519.6152422706632
2026-03-26 11:00:00,10.325146705278488,579.555495773441
2026-03-26 12:00:00,10.94646704883813,600.0
2026-03-26 13:00:00,11.670009913530567,579.555495773441
2026-03-26 14:00:00,12.44646704883813,519.6152422706632
2026-03-26 15:00:00,13.222924184145693,424.26406871192853
2026-03-26 16:00:00,13.94646704883813,299.99999999999994
2026-03-26 17:00:00,14.567787392397772,155.29142706151262
2026-03-26 18:00:00,15.044543260191446,7.347880794884119e-14
2026-03-26 19:00:00,15.344244527705335,0.0
2026-03-26 20:00:00,15.44646704883813,0.0
2026-03-26 21:00:00,15.344244527705335,0.0
2026-03-26 22:00:00,15.044543260191446,0.0
2026-03-26 23:00:00,14.567787392397772,0.0
2026-03-27 00:00:00,14.113272339940497,0.0
2026-03-27 01:00:00,13.389729475248062,0.0
2026-03-27 02:00:00,12.6132723399405,0.0
2026-03-27 03:00:00,11.836815204632936,0.0
2026-03-27 04:00:00,11.1132723399405,0.0
2026-03-27 05:00:00,10.491951996380855,0.0
2026-03-27 06:00:00,10.015196128587183,0.0
2026-03-27 07:00:00,9.715494861073294,155.29142706151245
2026-03-27 08:00:00,9.6132723399405,299.99999999999994
2026-03-27 09:00:00,9.715494861073294,424.2640687119285
2026-03-27 10:00:00,10.015196128587183,519.6152422706632
2026-03-27 11:00:00,10.491951996380857,579.555495773441
2026-03-27 12:00:00,11.1132723399405,600.0
2026-03-27 13:00:00,11.836815204632938,579.555495773441
2026-03-27 14:00:00,12.6132723399405,519.6152422706632
2026-03-27 15:00:00,13.38972947524806,424.26406871192853
2026-03-27 16:00:00,14.1132723399405,299.99999999999994
2026-03-27 17:00:00,14.734592683500141,155.29142706151262
2026-03-27 18:00:00,15.211348551293815,7.347880794884119e-14
2026-03-27 19:00:00,15.511049818807704,0.0
2026-03-27 20:00:00,15.6132723399405,0.0
2026-03-27 21:00:00,15.511049818807704,0.0
2026-03-27 22:00:00,15.211348551293815,0.0
2026-03-27 23:00:00,14.734592683500143,0.0
2026-03-28 00:00:00,14.280784869958346,0.0
2026-03-28 01:00:00,13.557242005265909,0.0
2026-03-28 02:00:00,12.780784869958346,0.0
2026-03-28 03:00:00,12.004327734650783,0.0
2026-03-28 04:00:00,11.280784869958346,0.0
2026-03-28 05:00:00,10.659464526398704,0.0
2026-03-28 06:00:00,10.18270865860503,0.0
2026-03-28 07:00:00,9.883007391091141,155.29142706151245
2026-03-28 08:00:00,9.780784869958346,299.99999999999994
2026-03-28 09:00:00,9.883007391091141,424.2640687119285
2026-03-28 10:00:00,10.18270865860503,519.6152422706632
2026-03-28 11:00:00,10.659464526398704,579.555495773441
2026-03-28 12:00:00,11.280784869958346,600.0
2026-03-28 13:00:00,12.004327734650783,579.555495773441
2026-03-28 14:00:00,12.780784869958346,519.6152422706632
2026-03-28 15:00:00,13.557242005265909,424.26406871192853
2026-03-28 16:00:00,14.280784869958346,299.99999999999994
2026-03-28 17:00:00,14.902105213517988,155.29142706151262
2026-03-28 18:00:00,15.378861081311662,7.347880794884119e-14
2026-03-28 19:00:00,15.678562348825551,0.0
2026-03-28 20:00:00,15.780784869958346,0.0
2026-03-28 21:00:00,15.678562348825551,0.0
2026-03-28 22:00:00,15.378861081311662,0.0
2026-03-28 23:00:00,14.902105213517988,0.0
2026-03-29 00:00:00,14.448955001313806,0.0
2026-03-29 01:00:00,13.72541213662137,0.0
2026-03-29 02:00:00,12.948955001313808,0.0
2026-03-29 03:00:00,12.172497866006244,0.0
2026-03-29 04:00:00,11.448955001313808,0.0
2026-03-29 05:00:00,10.827634657754164,0.0
2026-03-29 06:00:00,10.350878789960491,0.0
2026-03-29 07:00:00,10.051177522446602,155.29142706151245
2026-03-29 08:00:00,9.948955001313808,299.99999999999994
2026-03-29 09:00:00,10.051177522446602,424.2640687119285
2026-03-29 10:00:00,10.350878789960491,519.6152422706632
2026-03-29 11:00:00,10.827634657754166,579.555495773441
2026-03-29 12:00:00,11.448955001313808,600.0
2026-03-29 13:00:00,12.172497866006246,579.555495773441
2026-03-29 14:00:00,12.948955001313808,519.6152422706632
2026-03-29 15:00:00,13.725412136621369,424.26406871192853
2026-03-29 16:00:00,14.448955001313808,299.99999999999994
2026-03-29 17:00:00,15.07027534487345,155.29142706151262
2026-03-29 18:00:00,15.547031212667124,7.347880794884119e-14
2026-03-29 19:00:00,15.846732480181013,0.0
2026-03-29 20:00:00,15.948955001313808,0.0
2026-03-29 21:00:00,15.846732480181013,0.0
2026-03-29 22:00:00,15.547031212667124,0.0
2026-03-29 23:00:00,15.070275344873451,0.0
2026-03-30 00:00:00,14.617732901567557,0.0
2026-03-30 01:00:00,13.894190036875122,0.0
2026-03-30 02:00:00,13.117732901567559,0.0
2026-03-30 03:00:00,12.341275766259995,0.0
2026-03-30 04:00:00,11.617732901567559,0.0
2026-03-30 05:00:00,10.996412558007915,0.0
2026-03-30 06:00:00,10.519656690214243,0.0
2026-03-30 07:00:00,10.219955422700354,155.29142706151245
2026-03-30 08:00:00,10.117732901567559,299.99999999999994
2026-03-30 09:00:00,10.219955422700354,424.2640687119285
2026-03-30 10:00:00,10.519656690214243,519.6152422706632
2026-03-30 11:00:00,10.996412558007917,579.555495773441
2026-03-30 12:00:00,11.617732901567559,600.0
2026-03-30 13:00:00,12.341275766259997,579.555495773441
2026-03-30 14:00:00,13.117732901567559,519.6152422706632
2026-03-30 15:00:00,13.89419003687512,424.26406871192853
2026-03-30 16:00:00,14.617732901567559,299.99999999999994
2026-03-30 17:00:00,15.2390532451272,155.29142706151262
2026-03-30 18:00:00,15.715809112920875,7.347880794884119e-14
2026-03-30 19:00:00,16.015510380434762,0.0
2026-03-30 20:00:00,16.117732901567557,0.0
2026-03-30 21:00:00,16.015510380434762,0.0
2026-03-30 22:00:00,15.715809112920875,0.0
2026-03-30 23:00:00,15.239053245127202,0.0
2026-03-31 00:00:00,14.787068558185222,0.0
2026-03-31 01:00:00,14.063525693492787,0.0
2026-03-31 02:00:00,13.287068558185224,0.0
2026-03-31 03:00:00,12.51061142287766,0.0
2026-03-31 04:00:00,11.787068558185224,0.0
2026-03-31 05:00:00,11.16574821462558,0.0
2026-03-31 06:00:00,10.688992346831908,0.0
2026-03-31 07:00:00,10.389291079318019,155.29142706151245
2026-03-31 08:00:00,10.287068558185224,299.99999999999994
2026-03-31 09:00:00,10.389291079318019,424.2640687119285
2026-03-31 10:00:00,10.688992346831908,519.6152422706632
2026-03-31 11:00:00,11.165748214625582,579.555495773441
2026-03-31 12:00:00,11.787068558185224,600.0
2026-03-31 13:00:00,12.510611422877663,579.555495773441
2026-03-31 14:00:00,13.287068558185224,519.6152422706632
2026-03-31 15:00:00,14.063525693492785,424.26406871192853
2026-03-31 16:00:00,14.787068558185224,299.99999999999994
2026-03-31 17:00:00,15.408388901744866,155.29142706151262
2026-03-31 18:00:00,15.88514476953854,7.347880794884119e-14
2026-03-31 19:00:00,16.18484603705243,0.0
2026-03-31 20:00:00,16.287068558185226,0.0
2026-03-31 21:00:00,16.18484603705243,0.0
2026-03-31 22:00:00,15.88514476953854,0.0
2026-03-31 23:00:00,15.408388901744868,0.0
2026-04-01 00:00:00,14.956911793357186,0.0
2026-04-01 01:00:00,14.233368928664751,0.0
2026-04-01 02:00:00,13.456911793357188,0.0
2026-04-01 03:00:00,12.680454658049625,0.0
2026-04-01 04:00:00,11.956911793357188,0.0
2026-04-01 05:00:00,11.335591449797544,0.0
2026-04-01 06:00:00,10.858835582003872,0.0
2026-04-01 07:00:00,10.559134314489983,155.29142706151245
2026-04-01 08:00:00,10.456911793357188,299.99999999999994
2026-04-01 09:00:00,10.559134314489983,424.2640687119285
2026-04-01 10:00:00,10.858835582003872,519.6152422706632
2026-04-01 11:00:00,11.335591449797546,579.555495773441
2026-04-01 12:00:00,11.956911793357188,600.0
2026-04-01 13:00:00,12.680454658049626,579.555495773441
2026-04-01 14:00:00,13.456911793357188,519.6152422706632
2026-04-01 15:00:00,14.23336892866475,424.26406871192853
2026-04-01 16:00:00,14.956911793357188,299.99999999999994
2026-04-01 17:00:00,15.57823213691683,155.29142706151262
2026-04-01 18:00:00,16.054988004710502,7.347880794884119e-14
2026-04-01 19:00:00,16.35468927222439,0.0
2026-04-01 20:00:00,16.456911793357186,0.0
2026-04-01 21:00:00,16.35468927222439,0.0
2026-04-01 22:00:00,16.054988004710502,0.0
2026-04-01 23:00:00,15.578232136916832,0.0
2026-04-02 00:00:00,15.12721227886735,0.0
2026-04-02 01:00:00,14.403669414174916,0.0
2026-04-02 02:00:00,13.627212278867352,0.0
2026-04-02 03:00:00,12.85075514355979,0.0
2026-04-02 04:00:00,12.127212278867352,0.0
2026-04-02 05:00:00,11.505891935307709,0.0
2026-04-02 06:00:00,11.029136067514036,0.0
2026-04-02 07:00:00,10.729434800000147,155.29142706151245
2026-04-02 08:00:00,10.627212278867352,299.99999999999994
2026-04-02 09:00:00,10.729434800000147,424.2640687119285
2026-04-02 10:00:00,11.029136067514036,519.6152422706632
2026-04-02 11:00:00,11.50589193530771,579.555495773441
2026-04-02 12:00:00,12.127212278867352,600.0
2026-04-02 13:00:00,12.850755143559791,579.555495773441
2026-04-02 14:00:00,13.627212278867352,519.6152422706632
2026-04-02 15:00:00,14.403669414174914,424.26406871192853
2026-04-02 16:00:00,15.127212278867352,299.99999999999994
2026-04-02 17:00:00,15.748532622426994,155.29142706151262
2026-04-02 18:00:00,16.22528849022067,7.347880794884119e-14
2026-04-02 19:00:00,16.52498975773456,0.0
2026-04-02 20:00:00,16.627212278867354,0.0
2026-04-02 21:00:00,16.52498975773456,0.0
2026-04-02 22:00:00,16.22528849022067,0.0
2026-04-02 23:00:00,15.748532622426996,0.0
2026-04-03 00:00:00,15.297919551006473,0.0
2026-04-03 01:00:00,14.574376686314036,0.0
2026-04-03 02:00:00,13.797919551006473,0.0
2026-04-03 03:00:00,13.02146241569891,0.0
2026-04-03 04:00:00,12.297919551006473,0.0
2026-04-03 05:00:00,11.67659920744683,0.0
2026-04-03 06:00:00,11.199843339653157,0.0
2026-04-03 07:00:00,10.900142072139268,155.29142706151245
2026-04-03 08:00:00,10.797919551006473,299.99999999999994
2026-04-03 09:00:00,10.900142072139268,424.2640687119285
2026-04-03 10:00:00,11.199843339653157,519.6152422706632
2026-04-03 11:00:00,11.67659920744683,579.555495773441
2026-04-03 12:00:00,12.297919551006473,600.0
2026-04-03 13:00:00,13.02146241569891,579.555495773441
2026-04-03 14:00:00,13.797919551006473,519.6152422706632
2026-04-03 15:00:00,14.574376686314036,424.26406871192853
2026-04-03 16:00:00,15.297919551006473,299.99999999999994
2026-04-03 17:00:00,15.919239894566115,155.29142706151262
2026-04-03 18:00:00,16.39599576235979,7.347880794884119e-14
2026-04-03 19:00:00,16.695697029873678,0.0
2026-04-03 20:00:00,16.797919551006473,0.0
2026-04-03 21:00:00,16.695697029873678,0.0
2026-04-03 22:00:00,16.39599576235979,0.0
2026-04-03 23:00:00,15.919239894566115,0.0
2026-04-04 00:00:00,15.468983025525652,0.0
2026-04-04 01:00:00,14.745440160833216,0.0
2026-04-04 02:00:00,13.968983025525652,0.0
2026-04-04 03:00:00,13.19252589021809,0.0
2026-04-04 04:00:00,12.468983025525652,0.0
2026-04-04 05:00:00,11.84766268196601,0.0
2026-04-04 06:00:00,11.370906814172336,0.0
2026-04-04 07:00:00,11.071205546658447,155.29142706151245
2026-04-04 08:00:00,10.968983025525652,299.99999999999994
2026-04-04 09:00:00,11.071205546658447,424.2640687119285
2026-04-04 10:00:00,11.370906814172336,519.6152422706632
2026-04-04 11:00:00,11.84766268196601,579.555495773441
2026-04-04 12:00:00,12.468983025525652,600.0
2026-04-04 13:00:00,13.19252589021809,579.555495773441
2026-04-04 14:00:00,13.968983025525652,519.6152422706632
2026-04-04 15:00:00,14.745440160833216,424.26406871192853
2026-04-04 16:00:00,15.468983025525652,299.99999999999994
2026-04-04 17:00:00,16.090303369085294,155.29142706151262
2026-04-04 18:00:00,16.56705923687897,7.347880794884119e-14
2026-04-04 19:00:00,16.866760504392857,0.0
2026-04-04 20:00:00,16.968983025525652,0.0
2026-04-04 21:00:00,16.866760504392857,0.0
2026-04-04 22:00:00,16.56705923687897,0.0
2026-04-04 23:00:00,16.090303369085294,0.0
2026-04-05 00:00:00,15.640352012625534,0.0
2026-04-05 01:00:00,14.916809147933098,0.0
2026-04-05 02:00:00,14.140352012625534,0.0
2026-04-05 03:00:00,13.363894877317971,0.0
2026-04-05 04:00:00,12.640352012625534,0.0
2026-04-05 05:00:00,12.019031669065892,0.0
2026-04-05 06:00:00,11.542275801272218,0.0
2026-04-05 07:00:00,11.24257453375833,155.29142706151245
2026-04-05 08:00:00,11.140352012625534,299.99999999999994
2026-04-05 09:00:00,11.24257453375833,424.2640687119285
2026-04-05 10:00:00,11.542275801272218,519.6152422706632
2026-04-05 11:00:00,12.019031669065892,579.555495773441
2026-04-05 12:00:00,12.640352012625534,600.0
2026-04-05 13:00:00,13.363894877317971,579.555495773441
2026-04-05 14:00:00,14.140352012625534,519.6152422706632
2026-04-05 15:00:00,14.916809147933098,424.26406871192853
2026-04-05 16:00:00,15.640352012625534,299.99999999999994
2026-04-05 17:00:00,16.261672356185176,155.29142706151262
2026-04-05 18:00:00,16.73842822397885,7.347880794884119e-14
2026-04-05 19:00:00,17.03812949149274,0.0
2026-04-05 20:00:00,17.140352012625534,0.0
2026-04-05 21:00:00,17.03812949149274,0.0
2026-04-05 22:00:00,16.73842822397885,0.0
2026-04-05 23:00:00,16.261672356185176,0.0
2026-04-06 00:00:00,15.811975731976801,0.0
2026-04-06 01:00:00,15.088432867284364,0.0
2026-04-06 02:00:00,14.311975731976801,0.0
2026-04-06 03:00:00,13.535518596669238,0.0
2026-04-06 04:00:00,12.811975731976801,0.0
2026-04-06 05:00:00,12.19065538841716,0.0
2026-04-06 06:00:00,11.713899520623485,0.0
2026-04-06 07:00:00,11.414198253109596,155.29142706151245
2026-04-06 08:00:00,11.311975731976801,299.99999999999994
2026-04-06 09:00:00,11.414198253109596,424.2640687119285
2026-04-06 10:00:00,11.713899520623485,519.6152422706632
2026-04-06 11:00:00,12.19065538841716,579.555495773441
2026-04-06 12:00:00,12.811975731976801,600.0
2026-04-06 13:00:00,13.535518596669238,579.555495773441
2026-04-06 14:00:00,14.311975731976801,519.6152422706632
2026-04-06 15:00:00,15.088432867284364,424.26406871192853
2026-04-06 16:00:00,15.811975731976801,299.99999999999994
2026-04-06 17:00:00,16.433296075536443,155.29142706151262
2026-04-06 18:00:00,16.910051943330117,7.347880794884119e-14
2026-04-06 19:00:00,17.209753210844006,0.0
2026-04-06 20:00:00,17.3119757319768,0.0
2026-04-06 21:00:00,17.209753210844006,0.0
2026-04-06 22:00:00,16.910051943330117,0.0
2026-04-06 23:00:00,16.433296075536443,0.0
2026-04-07 00:00:00,15.983803327767461,0.0
2026-04-07 01:00:00,15.260260463075026,0.0
2026-04-07 02:00:00,14.483803327767463,0.0
2026-04-07 03:00:00,13.7073461924599,0.0
2026-04-07 04:00:00,12.983803327767463,0.0
2026-04-07 05:00:00,12.36248298420782,0.0
2026-04-07 06:00:00,11.885727116414147,0.0
2026-04-07 07:00:00,11.586025848900258,155.29142706151245
2026-04-07 08:00:00,11.483803327767463,299.99999999999994
2026-04-07 09:00:00,11.586025848900258,424.2640687119285
2026-04-07 10:00:00,11.885727116414147,519.6152422706632
2026-04-07 11:00:00,12.362482984207821,579.555495773441
2026-04-07 12:00:00,12.983803327767463,600.0
2026-04-07 13:00:00,13.707346192459902,579.555495773441
2026-04-07 14:00:00,14.483803327767463,519.6152422706632
2026-04-07 15:00:00,15.260260463075024,424.26406871192853
2026-04-07 16:00:00,15.983803327767463,299.99999999999994
2026-04-07 17:00:00,16.605123671327107,155.29142706151262
2026-04-07 18:00:00,17.081879539120777,7.347880794884119e-14
2026-04-07 19:00:00,17.381580806634666,0.0
2026-04-07 20:00:00,17.48380332776746,0.0
2026-04-07 21:00:00,17.381580806634666,0.0
2026-04-07 22:00:00,17.081879539120777,0.0
2026-04-07 23:00:00,16.605123671327107,0.0
2026-04-08 00:00:00,16.155783883772543,0.0
2026-04-08 01:00:00,15.432241019080106,0.0
2026-04-08 02:00:00,14.655783883772543,0.0
2026-04-08 03:00:00,13.87932674846498,0.0
2026-04-08 04:00:00,13.155783883772543,0.0
2026-04-08 05:00:00,12.5344635402129,0.0
2026-04-08 06:00:00,12.057707672419227,0.0
2026-04-08 07:00:00,11.758006404905338,155.29142706151245
2026-04-08 08:00:00,11.655783883772543,299.99999999999994
2026-04-08 09:00:00,11.758006404905338,424.2640687119285
2026-04-08 10:00:00,12.057707672419227,519.6152422706632
2026-04-08 11:00:00,12.5344635402129,579.555495773441
2026-04-08 12:00:00,13.155783883772543,600.0
2026-04-08 13:00:00,13.87932674846498,579.555495773441
2026-04-08 14:00:00,14.655783883772543,519.6152422706632
2026-04-08 15:00:00,15.432241019080106,424.26406871192853
2026-04-08 16:00:00,16.155783883772543,299.99999999999994
2026-04-08 17:00:00,16.777104227332185,155.29142706151262
2026-04-08 18:00:00,17.25386009512586,7.347880794884119e-14
2026-04-08 19:00:00,17.553561362639748,0.0
2026-04-08 20:00:00,17.655783883772543,0.0
2026-04-08 21:00:00,17.553561362639748,0.0
2026-04-08 22:00:00,17.25386009512586,0.0
2026-04-08 23:00:00,16.777104227332185,0.0
2026-04-09 00:00:00,16.327866438441653,0.0
2026-04-09 01:00:00,15.604323573749216,0.0
2026-04-09 02:00:00,14.827866438441653,0.0
2026-04-09 03:00:00,14.05140930313409,0.0
2026-04-09 04:00:00,13.327866438441653,0.0
2026-04-09 05:00:00,12.706546094882011,0.0
2026-04-09 06:00:00,12.229790227088337,0.0
2026-04-09 07:00:00,11.930088959574448,155.29142706151245
2026-04-09 08:00:00,11.827866438441653,299.99999999999994
2026-04-09 09:00:00,11.930088959574448,424.2640687119285
2026-04-09 10:00:00,12.229790227088337,519.6152422706632
2026-04-09 11:00:00,12.706546094882011,579.555495773441
2026-04-09 12:00:00,13.327866438441653,600.0
2026-04-09 13:00:00,14.05140930313409,579.555495773441
2026-04-09 14:00:00,14.827866438441653,519.6152422706632
2026-04-09 15:00:00,15.604323573749216,424.26406871192853
2026-04-09 16:00:00,16.327866438441653,299.99999999999994
2026-04-09 17:00:00,16.949186782001295,155.29142706151262
2026-04-09 18:00:00,17.42594264979497,7.347880794884119e-14
2026-04-09 19:00:00,17.725643917308858,0.0
2026-04-09 20:00:00,17.827866438441653,0.0
2026-04-09 21:00:00,17.725643917308858,0.0
2026-04-09 22:00:00,17.42594264979497,0.0
2026-04-09 23:00:00,16.949186782001295,0.0
2026-04-10 00:00:00,16.5,0.0
2026-04-10 01:00:00,15.776457135307563,0.0
2026-04-10 02:00:00,15.0,0.0
2026-04-10 03:00:00,14.223542864692437,0.0
2026-04-10 04:00:00,13.5,0.0
2026-04-10 05:00:00,12.878679656440358,0.0
2026-04-10 06:00:00,12.401923788646684,0.0
2026-04-10 07:00:00,12.102222521132795,155.29142706151245
2026-04-10 08:00:00,12.0,299.99999999999994
2026-04-10 09:00:00,12.102222521132795,424.2640687119285
2026-04-10 10:00:00,12.401923788646684,519.6152422706632
2026-04-10 11:00:00,12.878679656440358,579.555495773441
2026-04-10 12:00:00,13.5,600.0
2026-04-10 13:00:00,14.223542864692437,579.555495773441
2026-04-10 14:00:00,15.0,519.6152422706632
2026-04-10 15:00:00,15.776457135307563,424.26406871192853
2026-04-10 16:00:00,16.5,299.99999999999994
2026-04-10 17:00:00,17.121320343559642,155.29142706151262
2026-04-10 18:00:00,17.598076211353316,7.347880794884119e-14
2026-04-10 19:00:00,17.897777478867205,0.0
2026-04-10 20:00:00,18.0,0.0
2026-04-10 21:00:00,17.897777478867205,0.0
2026-04-10 22:00:00,17.598076211353316,0.0
2026-04-10 23:00:00,17.121320343559642,0.0
2026-04-11 00:00:00,16.672133561558347,0.0
2026-04-11 01:00:00,15.94859069686591,0.0
2026-04-11 02:00:00,15.172133561558347,0.0
2026-04-11 03:00:00,14.395676426250784,0.0
2026-04-11 04:00:00,13.672133561558347,0.0
2026-04-11 05:00:00,13.050813217998705,0.0
2026-04-11 06:00:00,12.574057350205031,0.0
2026-04-11 07:00:00,12.274356082691142,155.29142706151245
2026-04-11 08:00:00,12.172133561558347,299.99999999999994
2026-04-11 09:00:00,12.274356082691142,424.2640687119285
2026-04-11 10:00:00,12.574057350205031,519.6152422706632
2026-04-11 11:00:00,13.050813217998705,579.555495773441
2026-04-11 12:00:00,13.672133561558347,600.0
2026-04-11 13:00:00,14.395676426250784,579.555495773441
2026-04-11 14:00:00,15.172133561558347,519.6152422706632
2026-04-11 15:00:00,15.94859069686591,424.26406871192853
2026-04-11 16:00:00,16.672133561558347,299.99999999999994
2026-04-11 17:00:00,17.29345390511799,155.29142706151262
2026-04-11 18:00:00,17.770209772911663,7.347880794884119e-14
2026-04-11 19:00:00,18.069911040425552,0.0
2026-04-11 20:00:00,18.172133561558347,0.0
2026-04-11 21:00:00,18.069911040425552,0.0
2026-04-11 22:00:00,17.770209772911663,0.0
2026-04-11 23:00:00,17.29345390511799,0.0
2026-04-12 00:00:00,16.844216116227457,0.0
2026-04-12 01:00:00,16.12067325153502,0.0
2026-04-12 02:00:00,15.344216116227457,0.0
2026-04-12 03:00:00,14.567758980919894,0.0
2026-04-12 04:00:00,13.844216116227457,0.0
2026-04-12 05:00:00,13.222895772667815,0.0
2026-04-12 06:00:00,12.746139904874141,0.0
2026-04-12 07:00:00,12.446438637360252,155.29142706151245
2026-04-12 08:00:00,12.344216116227457,299.99999999999994
2026-04-12 09:00:00,12.446438637360252,424.2640687119285
2026-04-12 10:00:00,12.746139904874141,519.6152422706632
2026-04-12 11:00:00,13.222895772667815,579.555495773441
2026-04-12 12:00:00,13.844216116227457,600.0
2026-04-12 13:00:00,14.567758980919894,579.555495773441
2026-04-12 14:00:00,15.344216116227457,519.6152422706632
2026-04-12 15:00:00,16.12067325153502,424.26406871192853
2026-04-12 16:00:00,16.844216116227457,299.99999999999994
2026-04-12 17:00:00,17.4655364597871,155.29142706151262
2026-04-12 18:00:00,17.942292327580773,7.347880794884119e-14
2026-04-12 19:00:00,18.241993595094662,0.0
2026-04-12 20:00:00,18.344216116227457,0.0
2026-04-12 21:00:00,18.241993595094662,0.0
2026-04-12 22:00:00,17.942292327580773,0.0
2026-04-12 23:00:00,17.4655364597871,0.0
2026-04-13 00:00:00,17.016196672232535,0.0
2026-04-13 01:00:00,16.2926538075401,0.0
2026-04-13 02:00:00,15.516196672232537,0.0
2026-04-13 03:00:00,14.739739536924974,0.0
2026-04-13 04:00:00,14.016196672232537,0.0
2026-04-13 05:00:00,13.394876328672893,0.0
2026-04-13 06:00:00,12.918120460879221,0.0
2026-04-13 07:00:00,12.618419193365332,155.29142706151245
2026-04-13 08:00:00,12.516196672232537,299.99999999999994
2026-04-13 09:00:00,12.618419193365332,424.2640687119285
2026-04-13 10:00:00,12.918120460879221,519.6152422706632
2026-04-13 11:00:00,13.394876328672895,579.555495773441
2026-04-13 12:00:00,14.016196672232537,600.0
2026-04-13 13:00:00,14.739739536924976,579.555495773441
2026-04-13 14:00:00,15.516196672232537,519.6152422706632
2026-04-13 15:00:00,16.2926538075401,424.26406871192853
2026-04-13 16:00:00,17.016196672232535,299.99999999999994
2026-04-13 17:00:00,17.63751701579218,155.29142706151262
2026-04-13 18:00:00,18.114272883585855,7.347880794884119e-14
2026-04-13 19:00:00,18.413974151099744,0.0
2026-04-13 20:00:00,18.51619667223254,0.0
2026-04-13 21:00:00,18.413974151099744,0.0
2026-04-13 22:00:00,18.114272883585855,0.0
2026-04-13 23:00:00,17.63751701579218,0.0
2026-04-14 00:00:00,17.1880242680232,0.0
2026-04-14 01:00:00,16.464481403330762,0.0
2026-04-14 02:00:00,15.688024268023199,0.0
2026-04-14 03:00:00,14.911567132715636,0.0
2026-04-14 04:00:00,14.188024268023199,0.0
2026-04-14 05:00:00,13.566703924463557,0.0
2026-04-14 06:00:00,13.089948056669883,0.0
2026-04-14 07:00:00,12.790246789155994,155.29142706151245
2026-04-14 08:00:00,12.688024268023199,299.99999999999994
2026-04-14 09:00:00,12.790246789155994,424.2640687119285
2026-04-14 10:00:00,13.089948056669883,519.6152422706632
2026-04-14 11:00:00,13.566703924463557,579.555495773441
2026-04-14 12:00:00,14.188024268023199,600.0
2026-04-14 13:00:00,14.911567132715636,579.555495773441
2026-04-14 14:00:00,15.688024268023199,519.6152422706632
2026-04-14 15:00:00,16.464481403330762,424.26406871192853
2026-04-14 16:00:00,17.1880242680232,299.99999999999994
2026-04-14 17:00:00,17.80934461158284,155.29142706151262
2026-04-14 18:00:00,18.286100479376515,7.347880794884119e-14
2026-04-14 19:00:00,18.585801746890404,0.0
2026-04-14 20:00:00,18.6880242680232,0.0
2026-04-14 21:00:00,18.585801746890404,0.0
2026-04-14 22:00:00,18.286100479376515,0.0
2026-04-14 23:00:00,17.80934461158284,0.0
2026-04-15 00:00:00,17.359647987374466,0.0
2026-04-15 01:00:00,16.63610512268203,0.0
2026-04-15 02:00:00,15.859647987374466,0.0
2026-04-15 03:00:00,15.083190852066902,0.0
2026-04-15 04:00:00,14.359647987374466,0.0
2026-04-15 05:00:00,13.738327643814824,0.0
2026-04-15 06:00:00,13.26157177602115,0.0
2026-04-15 07:00:00,12.96187050850726,155.29142706151245
2026-04-15 08:00:00,12.859647987374466,299.99999999999994
2026-04-15 09:00:00,12.96187050850726,424.2640687119285
2026-04-15 10:00:00,13.26157177602115,519.6152422706632
2026-04-15 11:00:00,13.738327643814824,579.555495773441
2026-04-15 12:00:00,14.359647987374466,600.0
2026-04-15 13:00:00,15.083190852066902,579.555495773441
2026-04-15 14:00:00,15.859647987374466,519.6152422706632
2026-04-15 15:00:00,16.63610512268203,424.26406871192853
2026-04-15 16:00:00,17.359647987374466,299.99999999999994
2026-04-15 17:00:00,17.980968330934108,155.29142706151262
2026-04-15 18:00:00,18.45772419872778,7.347880794884119e-14
2026-04-15 19:00:00,18.75742546624167,0.0
2026-04-15 20:00:00,18.859647987374466,0.0
2026-04-15 21:00:00,18.75742546624167,0.0
2026-04-15 22:00:00,18.45772419872778,0.0
2026-04-15 23:00:00,17.980968330934108,0.0
2026-04-16 00:00:00,17.531016974474348,0.0
2026-04-16 01:00:00,16.80747410978191,0.0
2026-04-16 02:00:00,16.031016974474348,0.0
2026-04-16 03:00:00,15.254559839166784,0.0
2026-04-16 04:00:00,14.531016974474348,0.0
2026-04-16 05:00:00,13.909696630914706,0.0
2026-04-16 06:00:00,13.432940763121032,0.0
2026-04-16 07:00:00,13.133239495607143,155.29142706151245
2026-04-16 08:00:00,13.031016974474348,299.99999999999994
2026-04-16 09:00:00,13.133239495607143,424.2640687119285
2026-04-16 10:00:00,13.432940763121032,519.6152422706632
2026-04-16 11:00:00,13.909696630914706,579.555495773441
2026-04-16 12:00:00,14.531016974474348,600.0
2026-04-16 13:00:00,15.254559839166784,579.555495773441
2026-04-16 14:00:00,16.031016974474348,519.6152422706632
2026-04-16 15:00:00,16.80747410978191,424.26406871192853
2026-04-16 16:00:00,17.531016974474348,299.99999999999994
2026-04-16 17:00:00,18.15233731803399,155.29142706151262
2026-04-16 18:00:00,18.629093185827664,7.347880794884119e-14
2026-04-16 19:00:00,18.928794453341553,0.0
2026-04-16 20:00:00,19.031016974474348,0.0
2026-04-16 21:00:00,18.928794453341553,0.0
2026-04-16 22:00:00,18.629093185827664,0.0
2026-04-16 23:00:00,18.15233731803399,0.0
2026-04-17 00:00:00,17.702080448993527,0.0
2026-04-17 01:00:00,16.97853758430109,0.0
2026-04-17 02:00:00,16.202080448993527,0.0
2026-04-17 03:00:00,15.425623313685964,0.0
2026-04-17 04:00:00,14.702080448993527,0.0
2026-04-17 05:00:00,14.080760105433885,0.0
2026-04-17 06:00:00,13.604004237640211,0.0
2026-04-17 07:00:00,13.304302970126322,155.29142706151245
2026-04-17 08:00:00,13.202080448993527,299.99999999999994
2026-04-17 09:00:00,13.304302970126322,424.2640687119285
2026-04-17 10:00:00,13.604004237640211,519.6152422706632
2026-04-17 11:00:00,14.080760105433885,579.555495773441
2026-04-17 12:00:00,14.702080448993527,600.0
2026-04-17 13:00:00,15.425623313685964,579.555495773441
2026-04-17 14:00:00,16.202080448993527,519.6152422706632
2026-04-17 15:00:00,16.97853758430109,424.26406871192853
2026-04-17 16:00:00,17.702080448993527,299.99999999999994
2026-04-17 17:00:00,18.32340079255317,155.29142706151262
2026-04-17 18:00:00,18.800156660346843,7.347880794884119e-14
2026-04-17 19:00:00,19.099857927860732,0.0
2026-04-17 20:00:00,19.202080448993527,0.0
2026-04-17 21:00:00,19.099857927860732,0.0
2026-04-17 22:00:00,18.800156660346843,0.0
2026-04-17 23:00:00,18.32340079255317,0.0
2026-04-18 00:00:00,17.87278772113265,0.0
2026-04-18 01:00:00,17.149244856440212,0.0
2026-04-18 02:00:00,16.37278772113265,0.0
2026-04-18 03:00:00,15.596330585825086,0.0
2026-04-18 04:00:00,14.87278772113265,0.0
2026-04-18 05:00:00,14.251467377573007,0.0
2026-04-18 06:00:00,13.774711509779333,0.0
2026-04-18 07:00:00,13.475010242265444,155.29142706151245
2026-04-18 08:00:00,13.37278772113265,299.99999999999994
2026-04-18 09:00:00,13.475010242265444,424.2640687119285
2026-04-18 10:00:00,13.774711509779333,519.6152422706632
2026-04-18 11:00:00,14.251467377573007,579.555495773441
2026-04-18 12:00:00,14.87278772113265,600.0
2026-04-18 13:00:00,15.596330585825086,579.555495773441
2026-04-18 14:00:00,16.37278772113265,519.6152422706632
2026-04-18 15:00:00,17.149244856440212,424.26406871192853
2026-04-18 16:00:00,17.87278772113265,299.99999999999994
2026-04-18 17:00:00,18.49410806469229,155.29142706151262
2026-04-18 18:00:00,18.970863932485965,7.347880794884119e-14
2026-04-18 19:00:00,19.270565199999854,0.0
2026-04-18 20:00:00,19.37278772113265,0.0
2026-04-18 21:00:00,19.270565199999854,0.0
2026-04-18 22:00:00,18.970863932485965,0.0
2026-04-18 23:00:00,18.49410806469229,0.0
2026-04-19 00:00:00,18.04308820664281,0.0
2026-04-19 01:00:00,17.319545341950374,0.0
2026-04-19 02:00:00,16.54308820664281,0.0
2026-04-19 03:00:00,15.766631071335247,0.0
2026-04-19 04:00:00,15.04308820664281,0.0
2026-04-19 05:00:00,14.421767863083168,0.0
2026-04-19 06:00:00,13.945011995289494,0.0
2026-04-19 07:00:00,13.645310727775605,155.29142706151245
2026-04-19 08:00:00,13.54308820664281,299.99999999999994
2026-04-19 09:00:00,13.645310727775605,424.2640687119285
2026-04-19 10:00:00,13.945011995289494,519.6152422706632
2026-04-19 11:00:00,14.421767863083168,579.555495773441
2026-04-19 12:00:00,15.04308820664281,600.0
2026-04-19 13:00:00,15.766631071335247,579.555495773441
2026-04-19 14:00:00,16.54308820664281,519.6152422706632
2026-04-19 15:00:00,17.319545341950374,424.26406871192853
2026-04-19 16:00:00,18.04308820664281,299.99999999999994
2026-04-19 17:00:00,18.664408550202452,155.29142706151262
2026-04-19 18:00:00,19.141164417996126,7.347880794884119e-14
2026-04-19 19:00:00,19.440865685510015,0.0
2026-04-19 20:00:00,19.54308820664281,0.0
2026-04-19 21:00:00,19.440865685510015,0.0
2026-04-19 22:00:00,19.141164417996126,0.0
2026-04-19 23:00:00,18.664408550202452,0.0
2026-04-20 00:00:00,18.212931441814774,0.0
2026-04-20 01:00:00,17.489388577122337,0.0
2026-04-20 02:00:00,16.712931441814774,0.0
2026-04-20 03:00:00,15.936474306507211,0.0
2026-04-20 04:00:00,15.212931441814774,0.0
2026-04-20 05:00:00,14.591611098255132,0.0
2026-04-20 06:00:00,14.114855230461458,0.0
2026-04-20 07:00:00,13.81515396294757,155.29142706151245
2026-04-20 08:00:00,13.712931441814774,299.99999999999994
2026-04-20 09:00:00,13.81515396294757,424.2640687119285
2026-04-20 10:00:00,14.114855230461458,519.6152422706632
2026-04-20 11:00:00,14.591611098255132,579.555495773441
2026-04-20 12:00:00,15.212931441814774,600.0
2026-04-20 13:00:00,15.936474306507211,579.555495773441
2026-04-20 14:00:00,16.712931441814774,519.6152422706632
2026-04-20 15:00:00,17.489388577122337,424.26406871192853
2026-04-20 16:00:00,18.212931441814774,299.99999999999994
2026-04-20 17:00:00,18.834251785374416,155.29142706151262
2026-04-20 18:00:00,19.31100765316809,7.347880794884119e-14
2026-04-20 19:00:00,19.61070892068198,0.0
2026-04-20 20:00:00,19.712931441814774,0.0
2026-04-20 21:00:00,19.61070892068198,0.0
2026-04-20 22:00:00,19.31100765316809,0.0
2026-04-20 23:00:00,18.834251785374416,0.0
2026-04-21 00:00:00,18.382267098432443,0.0
2026-04-21 01:00:00,17.658724233740006,0.0
2026-04-21 02:00:00,16.882267098432443,0.0
2026-04-21 03:00:00,16.10580996312488,0.0
2026-04-21 04:00:00,15.382267098432443,0.0
2026-04-21 05:00:00,14.760946754872801,0.0
2026-04-21 06:00:00,14.284190887079127,0.0
2026-04-21 07:00:00,13.984489619565238,155.29142706151245
2026-04-21 08:00:00,13.882267098432443,299.99999999999994
2026-04-21 09:00:00,13.984489619565238,424.2640687119285
2026-04-21 10:00:00,14.284190887079127,519.6152422706632
2026-04-21 11:00:00,14.760946754872801,579.555495773441
2026-04-21 12:00:00,15.382267098432443,600.0
2026-04-21 13:00:00,16.10580996312488,579.555495773441
2026-04-21 14:00:00,16.882267098432443,519.6152422706632
2026-04-21 15:00:00,17.658724233740006,424.26406871192853
2026-04-21 16:00:00,18.382267098432443,299.99999999999994
2026-04-21 17:00:00,19.003587441992085,155.29142706151262
2026-04-21 18:00:00,19.48034330978576,7.347880794884119e-14
2026-04-21 19:00:00,19.78004457729965,0.0
2026-04-21 20:00:00,19.882267098432443,0.0
2026-04-21 21:00:00,19.78004457729965,0.0
2026-04-21 22:00:00,19.48034330978576,0.0
2026-04-21 23:00:00,19.003587441992085,0.0
2026-04-22 00:00:00,18.55104499868619,0.0
2026-04-22 01:00:00,17.827502133993754,0.0
2026-04-22 02:00:00,17.05104499868619,0.0
2026-04-22 03:00:00,16.274587863378628,0.0
2026-04-22 04:00:00,15.55104499868619,0.0
2026-04-22 05:00:00,14.929724655126549,0.0
2026-04-22 06:00:00,14.452968787332875,0.0
2026-04-22 07:00:00,14.153267519818986,155.29142706151245
2026-04-22 08:00:00,14.05104499868619,299.99999999999994
2026-04-22 09:00:00,14.153267519818986,424.2640687119285
2026-04-22 10:00:00,14.452968787332875,519.6152422706632
2026-04-22 11:00:00,14.929724655126549,579.555495773441
2026-04-22 12:00:00,15.55104499868619,600.0
2026-04-22 13:00:00,16.274587863378628,579.555495773441
2026-04-22 14:00:00,17.05104499868619,519.6152422706632
2026-04-22 15:00:00,17.827502133993754,424.26406871192853
2026-04-22 16:00:00,18.55104499868619,299.99999999999994
2026-04-22 17:00:00,19.172365342245833,155.29142706151262
2026-04-22 18:00:00,19.649121210039507,7.347880794884119e-14
2026-04-22 19:00:00,19.948822477553396,0.0
2026-04-22 20:00:00,20.05104499868619,0.0
2026-04-22 21:00:00,19.948822477553396,0.0
2026-04-22 22:00:00,19.649121210039507,0.0
2026-04-22 23:00:00,19.172365342245833,0.0
2026-04-23 00:00:00,18.719215130041654,0.0
2026-04-23 01:00:00,17.995672265349217,0.0
2026-04-23 02:00:00,17.219215130041654,0.0
2026-04-23 03:00:00,16.44275799473409,0.0
2026-04-23 04:00:00,15.719215130041654,0.0
2026-04-23 05:00:00,15.097894786482012,0.0
2026-04-23 06:00:00,14.621138918688338,0.0
2026-04-23 07:00:00,14.321437651174449,155.29142706151245
2026-04-23 08:00:00,14.219215130041654,299.99999999999994
2026-04-23 09:00:00,14.321437651174449,424.2640687119285
2026-04-23 10:00:00,14.621138918688338,519.6152422706632
2026-04-23 11:00:00,15.097894786482012,579.555495773441
2026-04-23 12:00:00,15.719215130041654,600.0
2026-04-23 13:00:00,16.44275799473409,579.555495773441
2026-04-23 14:00:00,17.219215130041654,519.6152422706632
2026-04-23 15:00:00,17.995672265349217,424.26406871192853
2026-04-23 16:00:00,18.719215130041654,299.99999999999994
2026-04-23 17:00:00,19.340535473601296,155.29142706151262
2026-04-23 18:00:00,19.81729134139497,7.347880794884119e-14
2026-04-23 19:00:00,20.11699260890886,0.0
2026-04-23 20:00:00,20.219215130041654,0.0
2026-04-23 21:00:00,20.11699260890886,0.0
2026-04-23 22:00:00,19.81729134139497,0.0
2026-04-23 23:00:00,19.340535473601296,0.0
2026-04-24 00:00:00,18.8867276600595,0.0
2026-04-24 01:00:00,18.163184795367062,0.0
2026-04-24 02:00:00,17.3867276600595,0.0
2026-04-24 03:00:00,16.610270524751936,0.0
2026-04-24 04:00:00,15.886727660059499,0.0
2026-04-24 05:00:00,15.265407316499857,0.0
2026-04-24 06:00:00,14.788651448706183,0.0
2026-04-24 07:00:00,14.488950181192294,155.29142706151245
2026-04-24 08:00:00,14.386727660059499,299.99999999999994
2026-04-24 09:00:00,14.488950181192294,424.2640687119285
2026-04-24 10:00:00,14.788651448706183,519.6152422706632
2026-04-24 11:00:00,15.265407316499857,579.555495773441
2026-04-24 12:00:00,15.886727660059499,600.0
2026-04-24 13:00:00,16.610270524751936,579.555495773441
2026-04-24 14:00:00,17.3867276600595,519.6152422706632
2026-04-24 15:00:00,18.163184795367062,424.26406871192853
2026-04-24 16:00:00,18.8867276600595,299.99999999999994
2026-04-24 17:00:00,19.50804800361914,155.29142706151262
2026-04-24 18:00:00,19.984803871412815,7.347880794884119e-14
2026-04-24 19:00:00,20.284505138926704,0.0
2026-04-24 20:00:00,20.3867276600595,0.0
2026-04-24 21:00:00,20.284505138926704,0.0
2026-04-24 22:00:00,19.984803871412815,0.0
2026-04-24 23:00:00,19.50804800361914,0.0
2026-04-25 00:00:00,19.05353295116187,0.0
2026-04-25 01:00:00,18.329990086469433,0.0
2026-04-25 02:00:00,17.55353295116187,0.0
2026-04-25 03:00:00,16.777075815854307,0.0
2026-04-25 04:00:00,16.05353295116187,0.0
2026-04-25 05:00:00,15.432212607602228,0.0
2026-04-25 06:00:00,14.955456739808554,0.0
2026-04-25 07:00:00,14.655755472294665,155.29142706151245
2026-04-25 08:00:00,14.55353295116187,299.99999999999994
2026-04-25 09:00:00,14.655755472294665,424.2640687119285
2026-04-25 10:00:00,14.955456739808554,519.6152422706632
2026-04-25 11:00:00,15.432212607602228,579.555495773441
2026-04-25 12:00:00,16.05353295116187,600.0
2026-04-25 13:00:00,16.777075815854307,579.555495773441
2026-04-25 14:00:00,17.55353295116187,519.6152422706632
2026-04-25 15:00:00,18.329990086469433,424.26406871192853
2026-04-25 16:00:00,19.05353295116187,299.99999999999994
2026-04-25 17:00:00,19.674853294721512,155.29142706151262
2026-04-25 18:00:00,20.151609162515186,7.347880794884119e-14
2026-04-25 19:00:00,20.451310430029075,0.0
2026-04-25 20:00:00,20.55353295116187,0.0
2026-04-25 21:00:00,20.451310430029075,0.0
2026-04-25 22:00:00,20.151609162515186,0.0
2026-04-25 23:00:00,19.674853294721512,0.0
2026-04-26 00:00:00,19.219581575341056,0.0
2026-04-26 01:00:00,18.49603871064862,0.0
2026-04-26 02:00:00,17.719581575341056,0.0
2026-04-26 03:00:00,16.943124440033493,0.0
2026-04-26 04:00:00,16.219581575341056,0.0
2026-04-26 05:00:00,15.598261231781414,0.0
2026-04-26 06:00:00,15.12150536398774,0.0
2026-04-26 07:00:00,14.821804096473851,155.29142706151245
2026-04-26 08:00:00,14.719581575341056,299.99999999999994
2026-04-26 09:00:00,14.821804096473851,424.2640687119285
2026-04-26 10:00:00,15.12150536398774,519.6152422706632
2026-04-26 11:00:00,15.598261231781414,579.555495773441
2026-04-26 12:00:00,16.219581575341056,600.0
2026-04-26 13:00:00,16.943124440033493,579.555495773441
2026-04-26 14:00:00,17.719581575341056,519.6152422706632
2026-04-26 15:00:00,18.49603871064862,424.26406871192853
2026-04-26 16:00:00,19.219581575341056,299.99999999999994
2026-04-26 17:00:00,19.8409019189007,155.29142706151262
2026-04-26 18:00:00,20.317657786694372,7.347880794884119e-14
2026-04-26 19:00:00,20.61735905420826,0.0
2026-04-26 20:00:00,20.719581575341056,0.0
2026-04-26 21:00:00,20.61735905420826,0.0
2026-04-26 22:00:00,20.317657786694372,0.0
2026-04-26 23:00:00,19.8409019189007,0.0
2026-04-27 00:00:00,19.38482432880609,0.0
2026-04-27 01:00:00,18.661281464113653,0.0
2026-04-27 02:00:00,17.88482432880609,0.0
2026-04-27 03:00:00,17.108367193498527,0.0
2026-04-27 04:00:00,16.38482432880609,0.0
2026-04-27 05:00:00,15.763503985246448,0.0
2026-04-27 06:00:00,15.286748117452774,0.0
2026-04-27 07:00:00,14.987046849938885,155.29142706151245
2026-04-27 08:00:00,14.88482432880609,299.99999999999994
2026-04-27 09:00:00,14.987046849938885,424.2640687119285
2026-04-27 10:00:00,15.286748117452774,519.6152422706632
2026-04-27 11:00:00,15.763503985246448,579.555495773441
2026-04-27 12:00:00,16.38482432880609,600.0
2026-04-27 13:00:00,17.108367193498527,579.555495773441
2026-04-27 14:00:00,17.88482432880609,519.6152422706632
2026-04-27 15:00:00,18.661281464113653,424.26406871192853
2026-04-27 16:00:00,19.38482432880609,299.99999999999994
2026-04-27 17:00:00,20.006144672365732,155.29142706151262
2026-04-27 18:00:00,20.482900540159406,7.347880794884119e-14
2026-04-27 19:00:00,20.782601807673295,0.0
2026-04-27 20:00:00,20.88482432880609,0.0
2026-04-27 21:00:00,20.782601807673295,0.0
2026-04-27 22:00:00,20.482900540159406,0.0
2026-04-27 23:00:00,20.006144672365732,0.0
2026-04-28 00:00:00,19.54921224656289,0.0
2026-04-28 01:00:00,18.825669381870455,0.0
2026-04-28 02:00:00,18.04921224656289,0.0
2026-04-28 03:00:00,17.27275511125533,0.0
2026-04-28 04:00:00,16.54921224656289,0.0
2026-04-28 05:00:00,15.92789190300325,0.0
2026-04-28 06:00:00,15.451136035209576,0.0
2026-04-28 07:00:00,15.151434767695687,155.29142706151245
2026-04-28 08:00:00,15.049212246562892,299.99999999999994
2026-04-28 09:00:00,15.151434767695687,424.2640687119285
2026-04-28 10:00:00,15.451136035209576,519.6152422706632
2026-04-28 11:00:00,15.92789190300325,579.555495773441
2026-04-28 12:00:00,16.54921224656289,600.0
2026-04-28 13:00:00,17.27275511125533,579.555495773441
2026-04-28 14:00:00,18.04921224656289,519.6152422706632
2026-04-28 15:00:00,18.825669381870455,424.26406871192853
2026-04-28 16:00:00,19.54921224656289,299.99999999999994
2026-04-28 17:00:00,20.170532590122534,155.29142706151262
2026-04-28 18:00:00,20.647288457916208,7.347880794884119e-14
2026-04-28 19:00:00,20.946989725430097,0.0
2026-04-28 20:00:00,21.04921224656289,0.0
2026-04-28 21:00:00,20.946989725430097,0.0
2026-04-28 22:00:00,20.647288457916208,0.0
2026-04-28 23:00:00,20.170532590122534,0.0
2026-04-29 00:00:00,19.712696616923644,0.0
2026-04-29 01:00:00,18.989153752231207,0.0
2026-04-29 02:00:00,18.212696616923644,0.0
2026-04-29 03:00:00,17.43623948161608,0.0
2026-04-29 04:00:00,16.712696616923644,0.0
2026-04-29 05:00:00,16.091376273364002,0.0
2026-04-29 06:00:00,15.614620405570328,0.0
2026-04-29 07:00:00,15.314919138056439,155.29142706151245
2026-04-29 08:00:00,15.212696616923644,299.99999999999994
2026-04-29 09:00:00,15.314919138056439,424.2640687119285
2026-04-29 10:00:00,15.614620405570328,519.6152422706632
2026-04-29 11:00:00,16.091376273364002,579.555495773441
2026-04-29 12:00:00,16.712696616923644,600.0
2026-04-29 13:00:00,17.43623948161608,579.555495773441
2026-04-29 14:00:00,18.212696616923644,519.6152422706632
2026-04-29 15:00:00,18.989153752231207,424.26406871192853
2026-04-29 16:00:00,19.712696616923644,299.99999999999994
2026-04-29 17:00:00,20.334016960483286,155.29142706151262
2026-04-29 18:00:00,20.81077282827696,7.347880794884119e-14
2026-04-29 19:00:00,21.11047409579085,0.0
2026-04-29 20:00:00,21.212696616923644,0.0
2026-04-29 21:00:00,21.11047409579085,0.0
2026-04-29 22:00:00,20.81077282827696,0.0
2026-04-29 23:00:00,20.334016960483286,0.0
2026-04-30 00:00:00,19.875228995941132,0.0
2026-04-30 01:00:00,19.151686131248695,0.0
2026-04-30 02:00:00,18.375228995941132,0.0
2026-04-30 03:00:00,17.59877186063357,0.0
2026-04-30 04:00:00,16.875228995941132,0.0
2026-04-30 05:00:00,16.25390865238149,0.0
2026-04-30 06:00:00,15.777152784587816,0.0
2026-04-30 07:00:00,15.477451517073927,155.29142706151245
2026-04-30 08:00:00,15.375228995941132,299.99999999999994
2026-04-30 09:00:00,15.477451517073927,424.2640687119285
2026-04-30 10:00:00,15.777152784587816,519.6152422706632
2026-04-30 11:00:00,16.25390865238149,579.555495773441
2026-04-30 12:00:00,16.875228995941132,600.0
2026-04-30 13:00:00,17.59877186063357,579.555495773441
2026-04-30 14:00:00,18.375228995941132,519.6152422706632
2026-04-30 15:00:00,19.151686131248695,424.26406871192853
2026-04-30 16:00:00,19.875228995941132,299.99999999999994
2026-04-30 17:00:00,20.496549339500774,155.29142706151262
2026-04-30 18:00:00,20.973305207294448,7.347880794884119e-14
2026-04-30 19:00:00,21.273006474808337,0.0
2026-04-30 20:00:00,21.375228995941132,0.0
2026-04-30 21:00:00,21.273006474808337,0.0
2026-04-30 22:00:00,20.973305207294448,0.0
2026-04-30 23:00:00,20.496549339500774,0.0
2026-05-01 00:00:00,20.036761221763715,0.0
2026-05-01 01:00:00,19.31321835707128,0.0
2026-05-01 02:00:00,18.536761221763715,0.0
2026-05-01 03:00:00,17.760304086456152,0.0
2026-05-01 04:00:00,17.036761221763715,0.0
2026-05-01 05:00:00,16.415440878204073,0.0
2026-05-01 06:00:00,15.9386850104104,0.0
2026-05-01 07:00:00,15.63898374289651,155.29142706151245
2026-05-01 08:00:00,15.536761221763715,299.99999999999994
2026-05-01 09:00:00,15.63898374289651,424.2640687119285
2026-05-01 10:00:00,15.9386850104104,519.6152422706632
2026-05-01 11:00:00,16.415440878204073,579.555495773441
2026-05-01 12:00:00,17.036761221763715,600.0
2026-05-01 13:00:00,17.760304086456152,579.555495773441
2026-05-01 14:00:00,18.536761221763715,519.6152422706632
2026-05-01 15:00:00,19.31321835707128,424.26406871192853
2026-05-01 16:00:00,20.036761221763715,299.99999999999994
2026-05-01 17:00:00,20.658081565323357,155.29142706151262
2026-05-01 18:00:00,21.13483743311703,7.347880794884119e-14
2026-05-01 19:00:00,21.43453870063092,0.0
2026-05-01 20:00:00,21.536761221763715,0.0
2026-05-01 21:00:00,21.43453870063092,0.0
2026-05-01 22:00:00,21.13483743311703,0.0
2026-05-01 23:00:00,20.658081565323357,0.0
2026-05-02 00:00:00,20.19724542890673,0.0
2026-05-02 01:00:00,19.473702564214292,0.0
2026-05-02 02:00:00,18.69724542890673,0.0
2026-05-02 03:00:00,17.920788293599166,0.0
2026-05-02 04:00:00,17.19724542890673,0.0
2026-05-02 05:00:00,16.575925085347087,0.0
2026-05-02 06:00:00,16.099169217553413,0.0
2026-05-02 07:00:00,15.799467950039524,155.29142706151245
2026-05-02 08:00:00,15.69724542890673,299.99999999999994
2026-05-02 09:00:00,15.799467950039524,424.2640687119285
2026-05-02 10:00:00,16.099169217553413,519.6152422706632
2026-05-02 11:00:00,16.575925085347087,579.555495773441
2026-05-02 12:00:00,17.19724542890673,600.0
2026-05-02 13:00:00,17.920788293599166,579.555495773441
2026-05-02 14:00:00,18.69724542890673,519.6152422706632
2026-05-02 15:00:00,19.473702564214292,424.26406871192853
2026-05-02 16:00:00,20.19724542890673,299.99999999999994
2026-05-02 17:00:00,20.81856577246637,155.29142706151262
2026-05-02 18:00:00,21.295321640260045,7.347880794884119e-14
2026-05-02 19:00:00,21.595022907773934,0.0
2026-05-02 20:00:00,21.69724542890673,0.0
2026-05-02 21:00:00,21.595022907773934,0.0
2026-05-02 22:00:00,21.295321640260045,0.0
2026-05-02 23:00:00,20.81856577246637,0.0
2026-05-03 00:00:00,20.356634062436072,0.0
2026-05-03 01:00:00,19.633091197743635,0.0
2026-05-03 02:00:00,18.856634062436072,0.0
2026-05-03 03:00:00,18.08017692712851,0.0
2026-05-03 04:00:00,17.356634062436072,0.0
2026-05-03 05:00:00,16.73531371887643,0.0
2026-05-03 06:00:00,16.258557851082756,0.0
2026-05-03 07:00:00,15.958856583568867,155.29142706151245
2026-05-03 08:00:00,15.856634062436072,299.99999999999994
2026-05-03 09:00:00,15.958856583568867,424.2640687119285
2026-05-03 10:00:00,16.258557851082756,519.6152422706632
2026-05-03 11:00:00,16.73531371887643,579.555495773441
2026-05-03 12:00:00,17.356634062436072,600.0
2026-05-03 13:00:00,18.08017692712851,579.555495773441
2026-05-03 14:00:00,18.856634062436072,519.6152422706632
2026-05-03 15:00:00,19.633091197743635,424.26406871192853
2026-05-03 16:00:00,20.356634062436072,299.99999999999994
2026-05-03 17:00:00,20.977954405995714,155.29142706151262
2026-05-03 18:00:00,21.454710273789388,7.347880794884119e-14
2026-05-03 19:00:00,21.754411541303277,0.0
2026-05-03 20:00:00,21.856634062436072,0.0
2026-05-03 21:00:00,21.754411541303277,0.0
2026-05-03 22:00:00,21.454710273789388,0.0
2026-05-03 23:00:00,20.977954405995714,0.0
2026-05-04 00:00:00,20.51487989205973,0.0
2026-05-04 01:00:00,19.791337027367295,0.0
2026-05-04 02:00:00,19.01487989205973,0.0
2026-05-04 03:00:00,18.23842275675217,0.0
2026-05-04 04:00:00,17.51487989205973,0.0
2026-05-04 05:00:00,16.89355954850009,0.0
2026-05-04 06:00:00,16.416803680706415,0.0
2026-05-04 07:00:00,16.117102413192526,155.29142706151245
2026-05-04 08:00:00,16.01487989205973,299.99999999999994
2026-05-04 09:00:00,16.117102413192526,424.2640687119285
2026-05-04 10:00:00,16.416803680706415,519.6152422706632
2026-05-04 11:00:00,16.89355954850009,579.555495773441
2026-05-04 12:00:00,17.51487989205973,600.0
2026-05-04 13:00:00,18.23842275675217,579.555495773441
2026-05-04 14:00:00,19.01487989205973,519.6152422706632
2026-05-04 15:00:00,19.791337027367295,424.26406871192853
2026-05-04 16:00:00,20.51487989205973,299.99999999999994
2026-05-04 17:00:00,21.136200235619373,155.29142706151262
2026-05-04 18:00:00,21.612956103413048,7.347880794884119e-14
2026-05-04 19:00:00,21.912657370926937,0.0
2026-05-04 20:00:00,22.01487989205973,0.0
2026-05-04 21:00:00,21.912657370926937,0.0
2026-05-04 22:00:00,21.612956103413048,0.0
2026-05-04 23:00:00,21.136200235619373,0.0
2026-05-05 00:00:00,20.67193602612317,0.0
2026-05-05 01:00:00,19.948393161430733,0.0
2026-05-05 02:00:00,19.17193602612317,0.0
2026-05-05 03:00:00,18.395478890815607,0.0
2026-05-05 04:00:00,17.67193602612317,0.0
2026-05-05 05:00:00,17.050615682563528,0.0
2026-05-05 06:00:00,16.573859814769854,0.0
2026-05-05 07:00:00,16.274158547255965,155.29142706151245
2026-05-05 08:00:00,16.17193602612317,299.99999999999994
2026-05-05 09:00:00,16.274158547255965,424.2640687119285
2026-05-05 10:00:00,16.573859814769854,519.6152422706632
2026-05-05 11:00:00,17.050615682563528,579.555495773441
2026-05-05 12:00:00,17.67193602612317,600.0
2026-05-05 13:00:00,18.395478890815607,579.555495773441
2026-05-05 14:00:00,19.17193602612317,519.6152422706632
2026-05-05 15:00:00,19.948393161430733,424.26406871192853
2026-05-05 16:00:00,20.67193602612317,299.99999999999994
2026-05-05 17:00:00,21.293256369682812,155.29142706151262
2026-05-05 18:00:00,21.770012237476486,7.347880794884119e-14
2026-05-05 19:00:00,22.069713504990375,0.0
2026-05-05 20:00:00,22.17193602612317,0.0
2026-05-05 21:00:00,22.069713504990375,0.0
2026-05-05 22:00:00,21.770012237476486,0.0
2026-05-05 23:00:00,21.293256369682812,0.0
2026-05-06 00:00:00,20.827755925504313,0.0
2026-05-06 01:00:00,20.104213060811876,0.0
2026-05-06 02:00:00,19.327755925504313,0.0
2026-05-06 03:00:00,18.55129879019675,0.0
2026-05-06 04:00:00,17.827755925504313,0.0
2026-05-06 05:00:00,17.20643558194467,0.0
2026-05-06 06:00:00,16.729679714150997,0.0
2026-05-06 07:00:00,16.429978446637108,155.29142706151245
2026-05-06 08:00:00,16.327755925504313,299.99999999999994
2026-05-06 09:00:00,16.429978446637108,424.2640687119285
2026-05-06 10:00:00,16.729679714150997,519.6152422706632
2026-05-06 11:00:00,17.20643558194467,579.555495773441
2026-05-06 12:00:00,17.827755925504313,600.0
2026-05-06 13:00:00,18.55129879019675,579.555495773441
2026-05-06 14:00:00,19.327755925504313,519.6152422706632
2026-05-06 15:00:00,20.104213060811876,424.26406871192853
2026-05-06 16:00:00,20.827755925504313,299.99999999999994
2026-05-06 17:00:00,21.449076269063955,155.29142706151262
2026-05-06 18:00:00,21.92583213685763,7.347880794884119e-14
2026-05-06 19:00:00,22.225533404371518,0.0
2026-05-06 20:00:00,22.327755925504313,0.0
2026-05-06 21:00:00,22.225533404371518,0.0
2026-05-06 22:00:00,21.92583213685763,0.0
2026-05-06 23:00:00,21.449076269063955,0.0
2026-05-07 00:00:00,20.982293417404108,0.0
2026-05-07 01:00:00,20.25875055271167,0.0
2026-05-07 02:00:00,19.482293417404108,0.0
2026-05-07 03:00:00,18.705836282096545,0.0
2026-05-07 04:00:00,17.982293417404108,0.0
2026-05-07 05:00:00,17.360973073844466,0.0
2026-05-07 06:00:00,16.884217206050792,0.0
2026-05-07 07:00:00,16.584515938536903,155.29142706151245
2026-05-07 08:00:00,16.482293417404108,299.99999999999994
2026-05-07 09:00:00,16.584515938536903,424.2640687119285
2026-05-07 10:00:00,16.884217206050792,519.6152422706632
2026-05-07 11:00:00,17.360973073844466,579.555495773441
2026-05-07 12:00:00,17.982293417404108,600.0
2026-05-07 13:00:00,18.705836282096545,579.555495773441
2026-05-07 14:00:00,19.482293417404108,519.6152422706632
2026-05-07 15:00:00,20.25875055271167,424.26406871192853
2026-05-07 16:00:00,20.982293417404108,299.99999999999994
2026-05-07 17:00:00,21.60361376096375,155.29142706151262
2026-05-07 18:00:00,22.080369628757424,7.347880794884119e-14
2026-05-07 19:00:00,22.380070896271313,0.0
2026-05-07 20:00:00,22.482293417404108,0.0
2026-05-07 21:00:00,22.380070896271313,0.0
2026-05-07 22:00:00,22.080369628757424,0.0
2026-05-07 23:00:00,21.60361376096375,0.0
2026-05-08 00:00:00,21.135502709028508,0.0
2026-05-08 01:00:00,20.41195984433607,0.0
2026-05-08 02:00:00,19.635502709028508,0.0
2026-05-08 03:00:00,18.859045573720945,0.0
2026-05-08 04:00:00,18.135502709028508,0.0
2026-05-08 05:00:00,17.514182365468866,0.0
2026-05-08 06:00:00,17.03742649767519,0.0
2026-05-08 07:00:00,16.737725230161303,155.29142706151245
2026-05-08 08:00:00,16.635502709028508,299.99999999999994
2026-05-08 09:00:00,16.737725230161303,424.2640687119285
2026-05-08 10:00:00,17.03742649767519,519.6152422706632
2026-05-08 11:00:00,17.514182365468866,579.555495773441
2026-05-08 12:00:00,18.135502709028508,600.0
2026-05-08 13:00:00,18.859045573720945,579.555495773441
2026-05-08 14:00:00,19.635502709028508,519.6152422706632
2026-05-08 15:00:00,20.41195984433607,424.26406871192853
2026-05-08 16:00:00,21.135502709028508,299.99999999999994
2026-05-08 17:00:00,21.75682305258815,155.29142706151262
2026-05-08 18:00:00,22.233578920381824,7.347880794884119e-14
2026-05-08 19:00:00,22.533280187895713,0.0
2026-05-08 20:00:00,22.635502709028508,0.0
2026-05-08 21:00:00,22.533280187895713,0.0
2026-05-08 22:00:00,22.233578920381824,0.0
2026-05-08 23:00:00,21.75682305258815,0.0
2026-05-09 00:00:00,21.287338401157886,0.0
2026-05-09 01:00:00,20.56379553646545,0.0
2026-05-09 02:00:00,19.787338401157886,0.0
2026-05-09 03:00:00,19.010881265850323,0.0
2026-05-09 04:00:00,18.287338401157886,0.0
2026-05-09 05:00:00,17.666018057598244,0.0
2026-05-09 06:00:00,17.18926218980457,0.0
2026-05-09 07:00:00,16.88956092229068,155.29142706151245
2026-05-09 08:00:00,16.787338401157886,299.99999999999994
2026-05-09 09:00:00,16.88956092229068,424.2640687119285
2026-05-09 10:00:00,17.18926218980457,519.6152422706632
2026-05-09 11:00:00,17.666018057598244,579.555495773441
2026-05-09 12:00:00,18.287338401157886,600.0
2026-05-09 13:00:00,19.010881265850323,579.555495773441
2026-05-09 14:00:00,19.787338401157886,519.6152422706632
2026-05-09 15:00:00,20.56379553646545,424.26406871192853
2026-05-09 16:00:00,21.287338401157886,299.99999999999994
2026-05-09 17:00:00,21.908658744717528,155.29142706151262
2026-05-09 18:00:00,22.3854146125112,7.347880794884119e-14
2026-05-09 19:00:00,22.68511588002509,0.0
2026-05-09 20:00:00,22.787338401157886,0.0
2026-05-09 21:00:00,22.68511588002509,0.0
2026-05-09 22:00:00,22.3854146125112,0.0
2026-05-09 23:00:00,21.908658744717528,0.0
2026-05-10 00:00:00,21.437755501599774,0.0
2026-05-10 01:00:00,20.714212636907337,0.0
2026-05-10 02:00:00,19.937755501599774,0.0
2026-05-10 03:00:00,19.16129836629221,0.0
2026-05-10 04:00:00,18.437755501599774,0.0
2026-05-10 05:00:00,17.816435158040132,0.0
2026-05-10 06:00:00,17.33967929024646,0.0
2026-05-10 07:00:00,17.03997802273257,155.29142706151245
2026-05-10 08:00:00,16.937755501599774,299.99999999999994
2026-05-10 09:00:00,17.03997802273257,424.2640687119285
2026-05-10 10:00:00,17.33967929024646,519.6152422706632
2026-05-10 11:00:00,17.816435158040132,579.555495773441
2026-05-10 12:00:00,18.437755501599774,600.0
2026-05-10 13:00:00,19.16129836629221,579.555495773441
2026-05-10 14:00:00,19.937755501599774,519.6152422706632
2026-05-10 15:00:00,20.714212636907337,424.26406871192853
2026-05-10 16:00:00,21.437755501599774,299.99999999999994
2026-05-10 17:00:00,22.059075845159416,155.29142706151262
2026-05-10 18:00:00,22.53583171295309,7.347880794884119e-14
2026-05-10 19:00:00,22.83553298046698,0.0
2026-05-10 20:00:00,22.937755501599774,0.0
2026-05-10 21:00:00,22.83553298046698,0.0
2026-05-10 22:00:00,22.53583171295309,0.0
2026-05-10 23:00:00,22.059075845159416,0.0
2026-05-11 00:00:00,21.586709438521044,0.0
2026-05-11 01:00:00,20.863166573828607,0.0
2026-05-11 02:00:00,20.086709438521044,0.0
2026-05-11 03:00:00,19.31025230321348,0.0
2026-05-11 04:00:00,18.586709438521044,0.0
2026-05-11 05:00:00,17.965389094961402,0.0
2026-05-11 06:00:00,17.48863322716773,0.0
2026-05-11 07:00:00,17.18893195965384,155.29142706151245
2026-05-11 08:00:00,17.086709438521044,299.99999999999994
2026-05-11 09:00:00,17.18893195965384,424.2640687119285
2026-05-11 10:00:00,17.48863322716773,519.6152422706632
2026-05-11 11:00:00,17.965389094961402,579.555495773441
2026-05-11 12:00:00,18.586709438521044,600.0
2026-05-11 13:00:00,19.31025230321348,579.555495773441
2026-05-11 14:00:00,20.086709438521044,519.6152422706632
2026-05-11 15:00:00,20.863166573828607,424.26406871192853
2026-05-11 16:00:00,21.586709438521044,299.99999999999994
2026-05-11 17:00:00,22.208029782080686,155.29142706151262
2026-05-11 18:00:00,22.68478564987436,7.347880794884119e-14
2026-05-11 19:00:00,22.98448691738825,0.0
2026-05-11 20:00:00,23.086709438521044,0.0
2026-05-11 21:00:00,22.98448691738825,0.0
2026-05-11 22:00:00,22.68478564987436,0.0
2026-05-11 23:00:00,22.208029782080686,0.0
2026-05-12 00:00:00,21.7341560736555,0.0
2026-05-12 01:00:00,21.010613208963065,0.0
2026-05-12 02:00:00,20.2341560736555,0.0
2026-05-12 03:00:00,19.45769893834794,0.0
2026-05-12 04:00:00,18.7341560736555,0.0
2026-05-12 05:00:00,18.11283573009586,0.0
2026-05-12 06:00:00,17.636079862302186,0.0
2026-05-12 07:00:00,17.336378594788297,155.29142706151245
2026-05-12 08:00:00,17.2341560736555,299.99999999999994
2026-05-12 09:00:00,17.336378594788297,424.2640687119285
2026-05-12 10:00:00,17.636079862302186,519.6152422706632
2026-05-12 11:00:00,18.11283573009586,579.555495773441
2026-05-12 12:00:00,18.7341560736555,600.0
2026-05-12 13:00:00,19.45769893834794,579.555495773441
2026-05-12 14:00:00,20.2341560736555,519.6152422706632
2026-05-12 15:00:00,21.010613208963065,424.26406871192853
2026-05-12 16:00:00,21.7341560736555,299.99999999999994
2026-05-12 17:00:00,22.355476417215144,155.29142706151262
2026-05-12 18:00:00,22.832232285008818,7.347880794884119e-14
2026-05-12 19:00:00,23.131933552522707,0.0
2026-05-12 20:00:00,23.2341560736555,0.0
2026-05-12 21:00:00,23.131933552522707,0.0
2026-05-12 22:00:00,22.832232285008818,0.0
2026-05-12 23:00:00,22.355476417215144,0.0
2026-05-13 00:00:00,21.880051715382997,0.0
2026-05-13 01:00:00,21.15650885069056,0.0
2026-05-13 02:00:00,20.380051715382997,0.0
2026-05-13 03:00:00,19.603594580075434,0.0
2026-05-13 04:00:00,18.880051715382997,0.0
2026-05-13 05:00:00,18.258731371823355,0.0
2026-05-13 06:00:00,17.78197550402968,0.0
2026-05-13 07:00:00,17.482274236515792,155.29142706151245
2026-05-13 08:00:00,17.380051715382997,299.99999999999994
2026-05-13 09:00:00,17.482274236515792,424.2640687119285
2026-05-13 10:00:00,17.78197550402968,519.6152422706632
2026-05-13 11:00:00,18.258731371823355,579.555495773441
2026-05-13 12:00:00,18.880051715382997,600.0
2026-05-13 13:00:00,19.603594580075434,579.555495773441
2026-05-13 14:00:00,20.380051715382997,519.6152422706632
2026-05-13 15:00:00,21.15650885069056,424.26406871192853
2026-05-13 16:00:00,21.880051715382997,299.99999999999994
2026-05-13 17:00:00,22.50137205894264,155.29142706151262
2026-05-13 18:00:00,22.978127926736313,7.347880794884119e-14
2026-05-13 19:00:00,23.277829194250202,0.0
2026-05-13 20:00:00,23.380051715382997,0.0
2026-05-13 21:00:00,23.277829194250202,0.0
2026-05-13 22:00:00,22.978127926736313,0.0
2026-05-13 23:00:00,22.50137205894264,0.0
2026-05-14 00:00:00,22.024353131676197,0.0
2026-05-14 01:00:00,21.30081026698376,0.0
2026-05-14 02:00:00,20.524353131676197,0.0
2026-05-14 03:00:00,19.747895996368634,0.0
2026-05-14 04:00:00,19.024353131676197,0.0
2026-05-14 05:00:00,18.403032788116555,0.0
2026-05-14 06:00:00,17.92627692032288,0.0
2026-05-14 07:00:00,17.62657565280899,155.29142706151245
2026-05-14 08:00:00,17.524353131676197,299.99999999999994
2026-05-14 09:00:00,17.62657565280899,424.2640687119285
2026-05-14 10:00:00,17.92627692032288,519.6152422706632
2026-05-14 11:00:00,18.403032788116555,579.555495773441
2026-05-14 12:00:00,19.024353131676197,600.0
2026-05-14 13:00:00,19.747895996368634,579.555495773441
2026-05-14 14:00:00,20.524353131676197,519.6152422706632
2026-05-14 15:00:00,21.30081026698376,424.26406871192853
2026-05-14 16:00:00,22.024353131676197,299.99999999999994
2026-05-14 17:00:00,22.64567347523584,155.29142706151262
2026-05-14 18:00:00,23.122429343029513,7.347880794884119e-14
2026-05-14 19:00:00,23.4221306105434,0.0
2026-05-14 20:00:00,23.524353131676197,0.0
2026-05-14 21:00:00,23.4221306105434,0.0
2026-05-14 22:00:00,23.122429343029513,0.0
2026-05-14 23:00:00,22.64567347523584,0.0
2026-05-15 00:00:00,22.167017562911177,0.0
2026-05-15 01:00:00,21.44347469821874,0.0
2026-05-15 02:00:00,20.667017562911177,0.0
2026-05-15 03:00:00,19.890560427603614,0.0
2026-05-15 04:00:00,19.167017562911177,0.0
2026-05-15 05:00:00,18.545697219351535,0.0
2026-05-15 06:00:00,18.06894135155786,0.0
2026-05-15 07:00:00,17.76924008404397,155.29142706151245
2026-05-15 08:00:00,17.667017562911177,299.99999999999994
2026-05-15 09:00:00,17.76924008404397,424.2640687119285
2026-05-15 10:00:00,18.06894135155786,519.6152422706632
2026-05-15 11:00:00,18.545697219351535,579.555495773441
2026-05-15 12:00:00,19.167017562911177,600.0
2026-05-15 13:00:00,19.890560427603614,579.555495773441
2026-05-15 14:00:00,20.667017562911177,519.6152422706632
2026-05-15 15:00:00,21.44347469821874,424.26406871192853
2026-05-15 16:00:00,22.167017562911177,299.99999999999994
2026-05-15 17:00:00,22.78833790647082,155.29142706151262
2026-05-15 18:00:00,23.265093774264493,7.347880794884119e-14
2026-05-15 19:00:00,23.564795041778382,0.0
2026-05-15 20:00:00,23.667017562911177,0.0
2026-05-15 21:00:00,23.564795041778382,0.0
2026-05-15 22:00:00,23.265093774264493,0.0
2026-05-15 23:00:00,22.78833790647082,0.0
2026-05-16 00:00:00,22.308002734538007,0.0
2026-05-16 01:00:00,21.58445986984557,0.0
2026-05-16 02:00:00,20.808002734538007,0.0
2026-05-16 03:00:00,20.031545599230444,0.0
2026-05-16 04:00:00,19.308002734538007,0.0
2026-05-16 05:00:00,18.686682390978365,0.0
2026-05-16 06:00:00,18.20992652318469,0.0
2026-05-16 07:00:00,17.910225255670802,155.29142706151245
2026-05-16 08:00:00,17.808002734538007,299.99999999999994
2026-05-16 09:00:00,17.910225255670802,424.2640687119285
2026-05-16 10:00:00,18.20992652318469,519.6152422706632
2026-05-16 11:00:00,18.686682390978365,579.555495773441
2026-05-16 12:00:00,19.308002734538007,600.0
2026-05-16 13:00:00,20.031545599230444,579.555495773441
2026-05-16 14:00:00,20.808002734538007,519.6152422706632
2026-05-16 15:00:00,21.58445986984557,424.26406871192853
2026-05-16 16:00:00,22.308002734538007,299.99999999999994
2026-05-16 17:00:00,22.92932307809765,155.29142706151262
2026-05-16 18:00:00,23.406078945891323,7.347880794884119e-14
2026-05-16 19:00:00,23.705780213405212,0.0
2026-05-16 20:00:00,23.808002734538007,0.0
2026-05-16 21:00:00,23.705780213405212,0.0
2026-05-16 22:00:00,23.406078945891323,0.0
2026-05-16 23:00:00,22.92932307809765,0.0
2026-05-17 00:00:00,22.447266869607635,0.0
2026-05-17 01:00:00,21.723724004915198,0.0
2026-05-17 02:00:00,20.947266869607635,0.0
2026-05-17 03:00:00,20.17080973430007,0.0
2026-05-17 04:00:00,19.447266869607635,0.0
2026-05-17 05:00:00,18.825946526047993,0.0
2026-05-17 06:00:00,18.34919065825432,0.0
2026-05-17 07:00:00,18.04948939074043,155.29142706151245
2026-05-17 08:00:00,17.947266869607635,299.99999999999994
2026-05-17 09:00:00,18.04948939074043,424.2640687119285
2026-05-17 10:00:00,18.34919065825432,519.6152422706632
2026-05-17 11:00:00,18.825946526047993,579.555495773441
2026-05-17 12:00:00,19.447266869607635,600.0
2026-05-17 13:00:00,20.17080973430007,579.555495773441
2026-05-17 14:00:00,20.947266869607635,519.6152422706632
2026-05-17 15:00:00,21.723724004915198,424.26406871192853
2026-05-17 16:00:00,22.447266869607635,299.99999999999994
2026-05-17 17:00:00,23.068587213167277,155.29142706151262
2026-05-17 18:00:00,23.54534308096095,7.347880794884119e-14
2026-05-17 19:00:00,23.84504434847484,0.0
2026-05-17 20:00:00,23.947266869607635,0.0
2026-05-17 21:00:00,23.84504434847484,0.0
2026-05-17 22:00:00,23.54534308096095,0.0
2026-05-17 23:00:00,23.068587213167277,0.0
2026-05-18 00:00:00,22.584768701151262,0.0
2026-05-18 01:00:00,21.861225836458825,0.0
2026-05-18 02:00:00,21.084768701151262,0.0
2026-05-18 03:00:00,20.3083115658437,0.0
2026-05-18 04:00:00,19.584768701151262,0.0
2026-05-18 05:00:00,18.96344835759162,0.0
2026-05-18 06:00:00,18.486692489797946,0.0
2026-05-18 07:00:00,18.186991222284057,155.29142706151245
2026-05-18 08:00:00,18.084768701151262,299.99999999999994
2026-05-18 09:00:00,18.186991222284057,424.2640687119285
2026-05-18 10:00:00,18.486692489797946,519.6152422706632
2026-05-18 11:00:00,18.96344835759162,579.555495773441
2026-05-18 12:00:00,19.584768701151262,600.0
2026-05-18 13:00:00,20.3083115658437,579.555495773441
2026-05-18 14:00:00,21.084768701151262,519.6152422706632
2026-05-18 15:00:00,21.861225836458825,424.26406871192853
2026-05-18 16:00:00,22.584768701151262,299.99999999999994
2026-05-18 17:00:00,23.206089044710904,155.29142706151262
2026-05-18 18:00:00,23.682844912504578,7.347880794884119e-14
2026-05-18 19:00:00,23.982546180018467,0.0
2026-05-18 20:00:00,24.084768701151262,0.0
2026-05-18 21:00:00,23.982546180018467,0.0
2026-05-18 22:00:00,23.682844912504578,0.0
2026-05-18 23:00:00,23.206089044710904,0.0
2026-05-19 00:00:00,22.720467484408676,0.0
2026-05-19 01:00:00,21.99692461971624,0.0
2026-05-19 02:00:00,21.220467484408676,0.0
2026-05-19 03:00:00,20.444010349101113,0.0
2026-05-19 04:00:00,19.720467484408676,0.0
2026-05-19 05:00:00,19.099147140849034,0.0
2026-05-19 06:00:00,18.62239127305536,0.0
2026-05-19 07:00:00,18.32269000554147,155.29142706151245
2026-05-19 08:00:00,18.220467484408676,299.99999999999994
2026-05-19 09:00:00,18.32269000554147,424.2640687119285
2026-05-19 10:00:00,18.62239127305536,519.6152422706632
2026-05-19 11:00:00,19.099147140849034,579.555495773441
2026-05-19 12:00:00,19.720467484408676,600.0
2026-05-19 13:00:00,20.444010349101113,579.555495773441
2026-05-19 14:00:00,21.220467484408676,519.6152422706632
2026-05-19 15:00:00,21.99692461971624,424.26406871192853
2026-05-19 16:00:00,22.720467484408676,299.99999999999994
2026-05-19 17:00:00,23.341787827968318,155.29142706151262
2026-05-19 18:00:00,23.818543695761992,7.347880794884119e-14
2026-05-19 19:00:00,24.11824496327588,0.0
2026-05-19 20:00:00,24.220467484408676,0.0
2026-05-19 21:00:00,24.11824496327588,0.0
2026-05-19 22:00:00,23.818543695761992,0.0
2026-05-19 23:00:00,23.341787827968318,0.0
2026-05-20 00:00:00,22.854323008901773,0.0
2026-05-20 01:00:00,22.130780144209336,0.0
2026-05-20 02:00:00,21.354323008901773,0.0
2026-05-20 03:00:00,20.57786587359421,0.0
2026-05-20 04:00:00,19.854323008901773,0.0
2026-05-20 05:00:00,19.23300266534213,0.0
2026-05-20 06:00:00,18.756246797548457,0.0
2026-05-20 07:00:00,18.456545530034568,155.29142706151245
2026-05-20 08:00:00,18.354323008901773,299.99999999999994
2026-05-20 09:00:00,18.456545530034568,424.2640687119285
2026-05-20 10:00:00,18.756246797548457,519.6152422706632
2026-05-20 11:00:00,19.23300266534213,579.555495773441
2026-05-20 12:00:00,19.854323008901773,600.0
2026-05-20 13:00:00,20.57786587359421,579.555495773441
2026-05-20 14:00:00,21.354323008901773,519.6152422706632
2026-05-20 15:00:00,22.130780144209336,424.26406871192853
2026-05-20 16:00:00,22.854323008901773,299.99999999999994
2026-05-20 17:00:00,23.475643352461415,155.29142706151262
2026-05-20 18:00:00,23.95239922025509,7.347880794884119e-14
2026-05-20 19:00:00,24.252100487768978,0.0
2026-05-20 20:00:00,24.354323008901773,0.0
2026-05-20 21:00:00,24.252100487768978,0.0
2026-05-20 22:00:00,23.95239922025509,0.0
2026-05-20 23:00:00,23.475643352461415,0.0
2026-05-21 00:00:00,22.986295610349814,0.0
2026-05-21 01:00:00,22.262752745657377,0.0
2026-05-21 02:00:00,21.486295610349814,0.0
2026-05-21 03:00:00,20.70983847504225,0.0
2026-05-21 04:00:00,19.986295610349814,0.0
2026-05-21 05:00:00,19.36497526679017,0.0
2026-05-21 06:00:00,18.888219398996497,0.0
2026-05-21 07:00:00,18.58851813148261,155.29142706151245
2026-05-21 08:00:00,18.486295610349814,299.99999999999994
2026-05-21 09:00:00,18.58851813148261,424.2640687119285
2026-05-21 10:00:00,18.888219398996497,519.6152422706632
2026-05-21 11:00:00,19.36497526679017,579.555495773441
2026-05-21 12:00:00,19.986295610349814,600.0
2026-05-21 13:00:00,20.70983847504225,579.555495773441
2026-05-21 14:00:00,21.486295610349814,519.6152422706632
2026-05-21 15:00:00,22.262752745657377,424.26406871192853
2026-05-21 16:00:00,22.986295610349814,299.99999999999994
2026-05-21 17:00:00,23.607615953909455,155.29142706151262
2026-05-21 18:00:00,24.08437182170313,7.347880794884119e-14
2026-05-21 19:00:00,24.38407308921702,0.0
2026-05-21 20:00:00,24.486295610349814,0.0
2026-05-21 21:00:00,24.38407308921702,0.0
2026-05-21 22:00:00,24.08437182170313,0.0
2026-05-21 23:00:00,23.607615953909455,0.0
2026-05-22 00:00:00,23.11634618242278,0.0
2026-05-22 01:00:00,22.392803317730344,0.0
2026-05-22 02:00:00,21.61634618242278,0.0
2026-05-22 03:00:00,20.839889047115218,0.0
2026-05-22 04:00:00,20.11634618242278,0.0
2026-05-22 05:00:00,19.49502583886314,0.0
2026-05-22 06:00:00,19.018269971069465,0.0
2026-05-22 07:00:00,18.718568703555576,155.29142706151245
2026-05-22 08:00:00,18.61634618242278,299.99999999999994
2026-05-22 09:00:00,18.718568703555576,424.2640687119285
2026-05-22 10:00:00,19.018269971069465,519.6152422706632
2026-05-22 11:00:00,19.49502583886314,579.555495773441
2026-05-22 12:00:00,20.11634618242278,600.0
2026-05-22 13:00:00,20.839889047115218,579.555495773441
2026-05-22 14:00:00,21.61634618242278,519.6152422706632
2026-05-22 15:00:00,22.392803317730344,424.26406871192853
2026-05-22 16:00:00,23.11634618242278,299.99999999999994
2026-05-22 17:00:00,23.737666525982423,155.29142706151262
2026-05-22 18:00:00,24.214422393776097,7.347880794884119e-14
2026-05-22 19:00:00,24.514123661289986,0.0
2026-05-22 20:00:00,24.61634618242278,0.0
2026-05-22 21:00:00,24.514123661289986,0.0
2026-05-22 22:00:00,24.214422393776097,0.0
2026-05-22 23:00:00,23.737666525982423,0.0
2026-05-23 00:00:00,23.244436188329455,0.0
2026-05-23 01:00:00,22.52089332363702,0.0
2026-05-23 02:00:00,21.744436188329455,0.0
2026-05-23 03:00:00,20.967979053021892,0.0
2026-05-23 04:00:00,20.244436188329455,0.0
2026-05-23 05:00:00,19.623115844769814,0.0
2026-05-23 06:00:00,19.14635997697614,0.0
2026-05-23 07:00:00,18.84665870946225,155.29142706151245
2026-05-23 08:00:00,18.744436188329455,299.99999999999994
2026-05-23 09:00:00,18.84665870946225,424.2640687119285
2026-05-23 10:00:00,19.14635997697614,519.6152422706632
2026-05-23 11:00:00,19.623115844769814,579.555495773441
2026-05-23 12:00:00,20.244436188329455,600.0
2026-05-23 13:00:00,20.967979053021892,579.555495773441
2026-05-23 14:00:00,21.744436188329455,519.6152422706632
2026-05-23 15:00:00,22.52089332363702,424.26406871192853
2026-05-23 16:00:00,23.244436188329455,299.99999999999994
2026-05-23 17:00:00,23.865756531889097,155.29142706151262
2026-05-23 18:00:00,24.34251239968277,7.347880794884119e-14
2026-05-23 19:00:00,24.64221366719666,0.0
2026-05-23 20:00:00,24.744436188329455,0.0
2026-05-23 21:00:00,24.64221366719666,0.0
2026-05-23 22:00:00,24.34251239968277,0.0
2026-05-23 23:00:00,23.865756531889097,0.0
2026-05-24 00:00:00,23.37052767223667,0.0
2026-05-24 01:00:00,22.646984807544232,0.0
2026-05-24 02:00:00,21.87052767223667,0.0
2026-05-24 03:00:00,21.094070536929106,0.0
2026-05-24 04:00:00,20.37052767223667,0.0
2026-05-24 05:00:00,19.749207328677027,0.0
2026-05-24 06:00:00,19.272451460883353,0.0
2026-05-24 07:00:00,18.972750193369464,155.29142706151245
2026-05-24 08:00:00,18.87052767223667,299.99999999999994
2026-05-24 09:00:00,18.972750193369464,424.2640687119285
2026-05-24 10:00:00,19.272451460883353,519.6152422706632
2026-05-24 11:00:00,19.749207328677027,579.555495773441
2026-05-24 12:00:00,20.37052767223667,600.0
2026-05-24 13:00:00,21.094070536929106,579.555495773441
2026-05-24 14:00:00,21.87052767223667,519.6152422706632
2026-05-24 15:00:00,22.646984807544232,424.26406871192853
2026-05-24 16:00:00,23.37052767223667,299.99999999999994
2026-05-24 17:00:00,23.99184801579631,155.29142706151262
2026-05-24 18:00:00,24.468603883589985,7.347880794884119e-14
2026-05-24 19:00:00,24.768305151103874,0.0
2026-05-24 20:00:00,24.87052767223667,0.0
2026-05-24 21:00:00,24.768305151103874,0.0
2026-05-24 22:00:00,24.468603883589985,0.0
2026-05-24 23:00:00,23.99184801579631,0.0
2026-05-25 00:00:00,23.494583270516472,0.0
2026-05-25 01:00:00,22.771040405824035,0.0
2026-05-25 02:00:00,21.994583270516472,0.0
2026-05-25 03:00:00,21.21812613520891,0.0
2026-05-25 04:00:00,20.494583270516472,0.0
2026-05-25 05:00:00,19.87326292695683,0.0
2026-05-25 06:00:00,19.396507059163156,0.0
2026-05-25 07:00:00,19.096805791649267,155.29142706151245
2026-05-25 08:00:00,18.994583270516472,299.99999999999994
2026-05-25 09:00:00,19.096805791649267,424.2640687119285
2026-05-25 10:00:00,19.396507059163156,519.6152422706632
2026-05-25 11:00:00,19.87326292695683,579.555495773441
2026-05-25 12:00:00,20.494583270516472,600.0
2026-05-25 13:00:00,21.21812613520891,579.555495773441
2026-05-25 14:00:00,21.994583270516472,519.6152422706632
2026-05-25 15:00:00,22.771040405824035,424.26406871192853
2026-05-25 16:00:00,23.494583270516472,299.99999999999994
2026-05-25 17:00:00,24.115903614076114,155.29142706151262
2026-05-25 18:00:00,24.592659481869788,7.347880794884119e-14
2026-05-25 19:00:00,24.892360749383677,0.0
2026-05-25 20:00:00,24.994583270516472,0.0
2026-05-25 21:00:00,24.892360749383677,0.0
2026-05-25 22:00:00,24.592659481869788,0.0
2026-05-25 23:00:00,24.115903614076114,0.0
2026-05-26 00:00:00,23.616566222817745,0.0
2026-05-26 01:00:00,22.89302335812531,0.0
2026-05-26 02:00:00,22.116566222817745,0.0
2026-05-26 03:00:00,21.340109087510182,0.0
2026-05-26 04:00:00,20.616566222817745,0.0
2026-05-26 05:00:00,19.995245879258103,0.0
2026-05-26 06:00:00,19.51849001146443,0.0
2026-05-26 07:00:00,19.21878874395054,155.29142706151245
2026-05-26 08:00:00,19.116566222817745,299.99999999999994
2026-05-26 09:00:00,19.21878874395054,424.2640687119285
2026-05-26 10:00:00,19.51849001146443,519.6152422706632
2026-05-26 11:00:00,19.995245879258103,579.555495773441
2026-05-26 12:00:00,20.616566222817745,600.0
2026-05-26 13:00:00,21.340109087510182,579.555495773441
2026-05-26 14:00:00,22.116566222817745,519.6152422706632
2026-05-26 15:00:00,22.89302335812531,424.26406871192853
2026-05-26 16:00:00,23.616566222817745,299.99999999999994
2026-05-26 17:00:00,24.237886566377387,155.29142706151262
2026-05-26 18:00:00,24.71464243417106,7.347880794884119e-14
2026-05-26 19:00:00,25.01434370168495,0.0
2026-05-26 20:00:00,25.116566222817745,0.0
2026-05-26 21:00:00,25.01434370168495,0.0
2026-05-26 22:00:00,24.71464243417106,0.0
2026-05-26 23:00:00,24.237886566377387,0.0
2026-05-27 00:00:00,23.736440382959124,0.0
2026-05-27 01:00:00,23.012897518266687,0.0
2026-05-27 02:00:00,22.236440382959124,0.0
2026-05-27 03:00:00,21.45998324765156,0.0
2026-05-27 04:00:00,20.736440382959124,0.0
2026-05-27 05:00:00,20.115120039399482,0.0
2026-05-27 06:00:00,19.638364171605808,0.0
2026-05-27 07:00:00,19.33866290409192,155.29142706151245
2026-05-27 08:00:00,19.236440382959124,299.99999999999994
2026-05-27 09:00:00,19.33866290409192,424.2640687119285
2026-05-27 10:00:00,19.638364171605808,519.6152422706632
2026-05-27 11:00:00,20.115120039399482,579.555495773441
2026-05-27 12:00:00,20.736440382959124,600.0
2026-05-27 13:00:00,21.45998324765156,579.555495773441
2026-05-27 14:00:00,22.236440382959124,519.6152422706632
2026-05-27 15:00:00,23.012897518266687,424.26406871192853
2026-05-27 16:00:00,23.736440382959124,299.99999999999994
2026-05-27 17:00:00,24.357760726518766,155.29142706151262
2026-05-27 18:00:00,24.83451659431244,7.347880794884119e-14
2026-05-27 19:00:00,25.13421786182633,0.0
2026-05-27 20:00:00,25.236440382959124,0.0
2026-05-27 21:00:00,25.13421786182633,0.0
2026-05-27 22:00:00,24.83451659431244,0.0
2026-05-27 23:00:00,24.357760726518766,0.0
2026-05-28 00:00:00,23.854170229639855,0.0
2026-05-28 01:00:00,23.13062736494742,0.0
2026-05-28 02:00:00,22.354170229639855,0.0
2026-05-28 03:00:00,21.577713094332292,0.0
2026-05-28 04:00:00,20.854170229639855,0.0
2026-05-28 05:00:00,20.232849886080214,0.0
2026-05-28 06:00:00,19.75609401828654,0.0
2026-05-28 07:00:00,19.45639275077265,155.29142706151245
2026-05-28 08:00:00,19.354170229639855,299.99999999999994
2026-05-28 09:00:00,19.45639275077265,424.2640687119285
2026-05-28 10:00:00,19.75609401828654,519.6152422706632
2026-05-28 11:00:00,20.232849886080214,579.555495773441
2026-05-28 12:00:00,20.854170229639855,600.0
2026-05-28 13:00:00,21.577713094332292,579.555495773441
2026-05-28 14:00:00,22.354170229639855,519.6152422706632
2026-05-28 15:00:00,23.13062736494742,424.26406871192853
2026-05-28 16:00:00,23.854170229639855,299.99999999999994
2026-05-28 17:00:00,24.475490573199497,155.29142706151262
2026-05-28 18:00:00,24.95224644099317,7.347880794884119e-14
2026-05-28 19:00:00,25.25194770850706,0.0
2026-05-28 20:00:00,25.354170229639855,0.0
2026-05-28 21:00:00,25.25194770850706,0.0
2026-05-28 22:00:00,24.95224644099317,0.0
2026-05-28 23:00:00,24.475490573199497,0.0
2026-05-29 00:00:00,23.969720876965553,0.0
2026-05-29 01:00:00,23.246178012273116,0.0
2026-05-29 02:00:00,22.469720876965553,0.0
2026-05-29 03:00:00,21.69326374165799,0.0
2026-05-29 04:00:00,20.969720876965553,0.0
2026-05-29 05:00:00,20.34840053340591,0.0
2026-05-29 06:00:00,19.871644665612237,0.0
2026-05-29 07:00:00,19.571943398098348,155.29142706151245
2026-05-29 08:00:00,19.469720876965553,299.99999999999994
2026-05-29 09:00:00,19.571943398098348,424.2640687119285
2026-05-29 10:00:00,19.871644665612237,519.6152422706632
2026-05-29 11:00:00,20.34840053340591,579.555495773441
2026-05-29 12:00:00,20.969720876965553,600.0
2026-05-29 13:00:00,21.69326374165799,579.555495773441
2026-05-29 14:00:00,22.469720876965553,519.6152422706632
2026-05-29 15:00:00,23.246178012273116,424.26406871192853
2026-05-29 16:00:00,23.969720876965553,299.99999999999994
2026-05-29 17:00:00,24.591041220525195,155.29142706151262
2026-05-29 18:00:00,25.06779708831887,7.347880794884119e-14
2026-05-29 19:00:00,25.36749835583276,0.0
2026-05-29 20:00:00,25.469720876965553,0.0
2026-05-29 21:00:00,25.36749835583276,0.0
2026-05-29 22:00:00,25.06779708831887,0.0
2026-05-29 23:00:00,24.591041220525195,0.0
2026-05-30 00:00:00,24.083058084785623,0.0
2026-05-30 01:00:00,23.359515220093186,0.0
2026-05-30 02:00:00,22.583058084785623,0.0
2026-05-30 03:00:00,21.80660094947806,0.0
2026-05-30 04:00:00,21.083058084785623,0.0
2026-05-30 05:00:00,20.46173774122598,0.0
2026-05-30 06:00:00,19.984981873432307,0.0
2026-05-30 07:00:00,19.685280605918418,155.29142706151245
2026-05-30 08:00:00,19.583058084785623,299.99999999999994
2026-05-30 09:00:00,19.685280605918418,424.2640687119285
2026-05-30 10:00:00,19.984981873432307,519.6152422706632
2026-05-30 11:00:00,20.46173774122598,579.555495773441
2026-05-30 12:00:00,21.083058084785623,600.0
2026-05-30 13:00:00,21.80660094947806,579.555495773441
2026-05-30 14:00:00,22.583058084785623,519.6152422706632
2026-05-30 15:00:00,23.359515220093186,424.26406871192853
2026-05-30 16:00:00,24.083058084785623,299.99999999999994
2026-05-30 17:00:00,24.704378428345265,155.29142706151262
2026-05-30 18:00:00,25.18113429613894,7.347880794884119e-14
2026-05-30 19:00:00,25.48083556365283,0.0
2026-05-30 20:00:00,25.583058084785623,0.0
2026-05-30 21:00:00,25.48083556365283,0.0
2026-05-30 22:00:00,25.18113429613894,0.0
2026-05-30 23:00:00,24.704378428345265,0.0
2026-05-31 00:00:00,24.194148268839378,0.0
2026-05-31 01:00:00,23.47060540414694,0.0
2026-05-31 02:00:00,22.694148268839378,0.0
2026-05-31 03:00:00,21.917691133531815,0.0
2026-05-31 04:00:00,21.194148268839378,0.0
2026-05-31 05:00:00,20.572827925279736,0.0
2026-05-31 06:00:00,20.09607205748606,0.0
2026-05-31 07:00:00,19.796370789972173,155.29142706151245
2026-05-31 08:00:00,19.694148268839378,299.99999999999994
2026-05-31 09:00:00,19.796370789972173,424.2640687119285
2026-05-31 10:00:00,20.09607205748606,519.6152422706632
2026-05-31 11:00:00,20.572827925279736,579.555495773441
2026-05-31 12:00:00,21.194148268839378,600.0
2026-05-31 13:00:00,21.917691133531815,579.555495773441
2026-05-31 14:00:00,22.694148268839378,519.6152422706632
2026-05-31 15:00:00,23.47060540414694,424.26406871192853
2026-05-31 16:00:00,24.194148268839378,299.99999999999994
2026-05-31 17:00:00,24.81546861239902,155.29142706151262
2026-05-31 18:00:00,25.292224480192694,7.347880794884119e-14
2026-05-31 19:00:00,25.591925747706583,0.0
2026-05-31 20:00:00,25.694148268839378,0.0
2026-05-31 21:00:00,25.591925747706583,0.0
2026-05-31 22:00:00,25.292224480192694,0.0
2026-05-31 23:00:00,24.81546861239902,0.0
2026-06-01 00:00:00,24.302958510707754,0.0
2026-06-01 01:00:00,23.579415646015317,0.0
2026-06-01 02:00:00,22.802958510707754,0.0
2026-06-01 03:00:00,22.02650137540019,0.0
2026-06-01 04:00:00,21.302958510707754,0.0
2026-06-01 05:00:00,20.68163816714811,0.0
2026-06-01 06:00:00,20.204882299354438,0.0
2026-06-01 07:00:00,19.90518103184055,155.29142706151245
2026-06-01 08:00:00,19.802958510707754,299.99999999999994
2026-06-01 09:00:00,19.90518103184055,424.2640687119285
2026-06-01 10:00:00,20.204882299354438,519.6152422706632
2026-06-01 11:00:00,20.68163816714811,579.555495773441
2026-06-01 12:00:00,21.302958510707754,600.0
2026-06-01 13:00:00,22.02650137540019,579.555495773441
2026-06-01 14:00:00,22.802958510707754,519.6152422706632
2026-06-01 15:00:00,23.579415646015317,424.26406871192853
2026-06-01 16:00:00,24.302958510707754,299.99999999999994
2026-06-01 17:00:00,24.924278854267396,155.29142706151262
2026-06-01 18:00:00,25.40103472206107,7.347880794884119e-14
2026-06-01 19:00:00,25.70073598957496,0.0
2026-06-01 20:00:00,25.802958510707754,0.0
2026-06-01 21:00:00,25.70073598957496,0.0
2026-06-01 22:00:00,25.40103472206107,0.0
2026-06-01 23:00:00,24.924278854267396,0.0
2026-06-02 00:00:00,24.409456567567773,0.0
2026-06-02 01:00:00,23.685913702875336,0.0
2026-06-02 02:00:00,22.909456567567773,0.0
2026-06-02 03:00:00,22.13299943226021,0.0
2026-06-02 04:00:00,21.409456567567773,0.0
2026-06-02 05:00:00,20.78813622400813,0.0
2026-06-02 06:00:00,20.311380356214457,0.0
2026-06-02 07:00:00,20.011679088700568,155.29142706151245
2026-06-02 08:00:00,19.909456567567773,299.99999999999994
2026-06-02 09:00:00,20.011679088700568,424.2640687119285
2026-06-02 10:00:00,20.311380356214457,519.6152422706632
2026-06-02 11:00:00,20.78813622400813,579.555495773441
2026-06-02 12:00:00,21.409456567567773,600.0
2026-06-02 13:00:00,22.13299943226021,579.555495773441
2026-06-02 14:00:00,22.909456567567773,519.6152422706632
2026-06-02 15:00:00,23.685913702875336,424.26406871192853
2026-06-02 16:00:00,24.409456567567773,299.99999999999994
2026-06-02 17:00:00,25.030776911127415,155.29142706151262
2026-06-02 18:00:00,25.50753277892109,7.347880794884119e-14
2026-06-02 19:00:00,25.807234046434978,0.0
2026-06-02 20:00:00,25.909456567567773,0.0
2026-06-02 21:00:00,25.807234046434978,0.0
2026-06-02 22:00:00,25.50753277892109,0.0
2026-06-02 23:00:00,25.030776911127415,0.0
2026-06-03 00:00:00,24.513610881746764,0.0
2026-06-03 01:00:00,23.790068017054327,0.0
2026-06-03 02:00:00,23.013610881746764,0.0
2026-06-03 03:00:00,22.2371537464392,0.0
2026-06-03 04:00:00,21.513610881746764,0.0
2026-06-03 05:00:00,20.892290538187122,0.0
2026-06-03 06:00:00,20.41553467039345,0.0
2026-06-03 07:00:00,20.11583340287956,155.29142706151245
2026-06-03 08:00:00,20.013610881746764,299.99999999999994
2026-06-03 09:00:00,20.11583340287956,424.2640687119285
2026-06-03 10:00:00,20.41553467039345,519.6152422706632
2026-06-03 11:00:00,20.892290538187122,579.555495773441
2026-06-03 12:00:00,21.513610881746764,600.0
2026-06-03 13:00:00,22.2371537464392,579.555495773441
2026-06-03 14:00:00,23.013610881746764,519.6152422706632
2026-06-03 15:00:00,23.790068017054327,424.26406871192853
2026-06-03 16:00:00,24.513610881746764,299.99999999999994
2026-06-03 17:00:00,25.134931225306406,155.29142706151262
2026-06-03 18:00:00,25.61168709310008,7.347880794884119e-14
2026-06-03 19:00:00,25.91138836061397,0.0
2026-06-03 20:00:00,26.013610881746764,0.0
2026-06-03 21:00:00,25.91138836061397,0.0
2026-06-03 22:00:00,25.61168709310008,0.0
2026-06-03 23:00:00,25.134931225306406,0.0
2026-06-04 00:00:00,24.61539059007361,0.0
2026-06-04 01:00:00,23.891847725381172,0.0
2026-06-04 02:00:00,23.11539059007361,0.0
2026-06-04 03:00:00,22.338933454766046,0.0
2026-06-04 04:00:00,21.61539059007361,0.0
2026-06-04 05:00:00,20.994070246513967,0.0
2026-06-04 06:00:00,20.517314378720293,0.0
2026-06-04 07:00:00,20.217613111206404,155.29142706151245
2026-06-04 08:00:00,20.11539059007361,299.99999999999994
2026-06-04 09:00:00,20.217613111206404,424.2640687119285
2026-06-04 10:00:00,20.517314378720293,519.6152422706632
2026-06-04 11:00:00,20.994070246513967,579.555495773441
2026-06-04 12:00:00,21.61539059007361,600.0
2026-06-04 13:00:00,22.338933454766046,579.555495773441
2026-06-04 14:00:00,23.11539059007361,519.6152422706632
2026-06-04 15:00:00,23.891847725381172,424.26406871192853
2026-06-04 16:00:00,24.61539059007361,299.99999999999994
2026-06-04 17:00:00,25.23671093363325,155.29142706151262
2026-06-04 18:00:00,25.713466801426925,7.347880794884119e-14
2026-06-04 19:00:00,26.013168068940814,0.0
2026-06-04 20:00:00,26.11539059007361,0.0
2026-06-04 21:00:00,26.013168068940814,0.0
2026-06-04 22:00:00,25.713466801426925,0.0
2026-06-04 23:00:00,25.23671093363325,0.0
2026-06-05 00:00:00,24.714765533024142,0.0
2026-06-05 01:00:00,23.991222668331705,0.0
2026-06-05 02:00:00,23.214765533024142,0.0
2026-06-05 03:00:00,22.43830839771658,0.0
2026-06-05 04:00:00,21.714765533024142,0.0
2026-06-05 05:00:00,21.0934451894645,0.0
2026-06-05 06:00:00,20.616689321670826,0.0
2026-06-05 07:00:00,20.316988054156937,155.29142706151245
2026-06-05 08:00:00,20.214765533024142,299.99999999999994
2026-06-05 09:00:00,20.316988054156937,424.2640687119285
2026-06-05 10:00:00,20.616689321670826,519.6152422706632
2026-06-05 11:00:00,21.0934451894645,579.555495773441
2026-06-05 12:00:00,21.714765533024142,600.0
2026-06-05 13:00:00,22.43830839771658,579.555495773441
2026-06-05 14:00:00,23.214765533024142,519.6152422706632
2026-06-05 15:00:00,23.991222668331705,424.26406871192853
2026-06-05 16:00:00,24.714765533024142,299.99999999999994
2026-06-05 17:00:00,25.336085876583784,155.29142706151262
2026-06-05 18:00:00,25.812841744377458,7.347880794884119e-14
2026-06-05 19:00:00,26.112543011891347,0.0
2026-06-05 20:00:00,26.214765533024142,0.0
2026-06-05 21:00:00,26.112543011891347,0.0
2026-06-05 22:00:00,25.812841744377458,0.0
2026-06-05 23:00:00,25.336085876583784,0.0
2026-06-06 00:00:00,24.811706263658078,0.0
2026-06-06 01:00:00,24.08816339896564,0.0
2026-06-06 02:00:00,23.311706263658078,0.0
2026-06-06 03:00:00,22.535249128350515,0.0
2026-06-06 04:00:00,21.811706263658078,0.0
2026-06-06 05:00:00,21.190385920098436,0.0
2026-06-06 06:00:00,20.71363005230476,0.0
2026-06-06 07:00:00,20.413928784790873,155.29142706151245
2026-06-06 08:00:00,20.311706263658078,299.99999999999994
2026-06-06 09:00:00,20.413928784790873,424.2640687119285
2026-06-06 10:00:00,20.71363005230476,519.6152422706632
2026-06-06 11:00:00,21.190385920098436,579.555495773441
2026-06-06 12:00:00,21.811706263658078,600.0
2026-06-06 13:00:00,22.535249128350515,579.555495773441
2026-06-06 14:00:00,23.311706263658078,519.6152422706632
2026-06-06 15:00:00,24.08816339896564,424.26406871192853
2026-06-06 16:00:00,24.811706263658078,299.99999999999994
2026-06-06 17:00:00,25.43302660721772,155.29142706151262
2026-06-06 18:00:00,25.909782475011394,7.347880794884119e-14
2026-06-06 19:00:00,26.209483742525283,0.0
2026-06-06 20:00:00,26.311706263658078,0.0
2026-06-06 21:00:00,26.209483742525283,0.0
2026-06-06 22:00:00,25.909782475011394,0.0
2026-06-06 23:00:00,25.43302660721772,0.0
2026-06-07 00:00:00,24.906184056344784,0.0
2026-06-07 01:00:00,24.182641191652348,0.0
2026-06-07 02:00:00,23.406184056344784,0.0
2026-06-07 03:00:00,22.62972692103722,0.0
2026-06-07 04:00:00,21.906184056344784,0.0
2026-06-07 05:00:00,21.284863712785143,0.0
2026-06-07 06:00:00,20.80810784499147,0.0
2026-06-07 07:00:00,20.50840657747758,155.29142706151245
2026-06-07 08:00:00,20.406184056344784,299.99999999999994
2026-06-07 09:00:00,20.50840657747758,424.2640687119285
2026-06-07 10:00:00,20.80810784499147,519.6152422706632
2026-06-07 11:00:00,21.284863712785143,579.555495773441
2026-06-07 12:00:00,21.906184056344784,600.0
2026-06-07 13:00:00,22.62972692103722,579.555495773441
2026-06-07 14:00:00,23.406184056344784,519.6152422706632
2026-06-07 15:00:00,24.182641191652348,424.26406871192853
2026-06-07 16:00:00,24.906184056344784,299.99999999999994
2026-06-07 17:00:00,25.527504399904426,155.29142706151262
2026-06-07 18:00:00,26.0042602676981,7.347880794884119e-14
2026-06-07 19:00:00,26.30396153521199,0.0
2026-06-07 20:00:00,26.406184056344784,0.0
2026-06-07 21:00:00,26.30396153521199,0.0
2026-06-07 22:00:00,26.0042602676981,0.0
2026-06-07 23:00:00,25.527504399904426,0.0
2026-06-08 00:00:00,24.998170915275278,0.0
2026-06-08 01:00:00,24.27462805058284,0.0
2026-06-08 02:00:00,23.498170915275278,0.0
2026-06-08 03:00:00,22.721713779967715,0.0
2026-06-08 04:00:00,21.998170915275278,0.0
2026-06-08 05:00:00,21.376850571715636,0.0
2026-06-08 06:00:00,20.900094703921962,0.0
2026-06-08 07:00:00,20.600393436408073,155.29142706151245
2026-06-08 08:00:00,20.498170915275278,299.99999999999994
2026-06-08 09:00:00,20.600393436408073,424.2640687119285
2026-06-08 10:00:00,20.900094703921962,519.6152422706632
2026-06-08 11:00:00,21.376850571715636,579.555495773441
2026-06-08 12:00:00,21.998170915275278,600.0
2026-06-08 13:00:00,22.721713779967715,579.555495773441
2026-06-08 14:00:00,23.498170915275278,519.6152422706632
2026-06-08 15:00:00,24.27462805058284,424.26406871192853
2026-06-08 16:00:00,24.998170915275278,299.99999999999994
2026-06-08 17:00:00,25.61949125883492,155.29142706151262
2026-06-08 18:00:00,26.096247126628594,7.347880794884119e-14
2026-06-08 19:00:00,26.395948394142483,0.0
2026-06-08 20:00:00,26.498170915275278,0.0
2026-06-08 21:00:00,26.395948394142483,0.0
2026-06-08 22:00:00,26.096247126628594,0.0
2026-06-08 23:00:00,25.61949125883492,0.0
2026-06-09 00:00:00,25.08763958275803,0.0
2026-06-09 01:00:00,24.364096718065593,0.0
2026-06-09 02:00:00,23.58763958275803,0.0
2026-06-09 03:00:00,22.811182447450467,0.0
2026-06-09 04:00:00,22.08763958275803,0.0
2026-06-09 05:00:00,21.466319239198388,0.0
2026-06-09 06:00:00,20.989563371404714,0.0
2026-06-09 07:00:00,20.689862103890825,155.29142706151245
2026-06-09 08:00:00,20.58763958275803,299.99999999999994
2026-06-09 09:00:00,20.689862103890825,424.2640687119285
2026-06-09 10:00:00,20.989563371404714,519.6152422706632
2026-06-09 11:00:00,21.466319239198388,579.555495773441
2026-06-09 12:00:00,22.08763958275803,600.0
2026-06-09 13:00:00,22.811182447450467,579.555495773441
2026-06-09 14:00:00,23.58763958275803,519.6152422706632
2026-06-09 15:00:00,24.364096718065593,424.26406871192853
2026-06-09 16:00:00,25.08763958275803,299.99999999999994
2026-06-09 17:00:00,25.70895992631767,155.29142706151262
2026-06-09 18:00:00,26.185715794111346,7.347880794884119e-14
2026-06-09 19:00:00,26.485417061625235,0.0
2026-06-09 20:00:00,26.58763958275803,0.0
2026-06-09 21:00:00,26.485417061625235,0.0
2026-06-09 22:00:00,26.185715794111346,0.0
2026-06-09 23:00:00,25.70895992631767,0.0
2026-06-10 00:00:00,25.174563547295968,0.0
2026-06-10 01:00:00,24.45102068260353,0.0
2026-06-10 02:00:00,23.674563547295968,0.0
2026-06-10 03:00:00,22.898106411988405,0.0
2026-06-10 04:00:00,22.174563547295968,0.0
2026-06-10 05:00:00,21.553243203736326,0.0
2026-06-10 06:00:00,21.07648733594265,0.0
2026-06-10 07:00:00,20.776786068428763,155.29142706151245
2026-06-10 08:00:00,20.674563547295968,299.99999999999994
2026-06-10 09:00:00,20.776786068428763,424.2640687119285
2026-06-10 10:00:00,21.07648733594265,519.6152422706632
2026-06-10 11:00:00,21.553243203736326,579.555495773441
2026-06-10 12:00:00,22.174563547295968,600.0
2026-06-10 13:00:00,22.898106411988405,579.555495773441
2026-06-10 14:00:00,23.674563547295968,519.6152422706632
2026-06-10 15:00:00,24.45102068260353,424.26406871192853
2026-06-10 16:00:00,25.174563547295968,299.99999999999994
2026-06-10 17:00:00,25.79588389085561,155.29142706151262
2026-06-10 18:00:00,26.272639758649284,7.347880794884119e-14
2026-06-10 19:00:00,26.572341026163173,0.0
2026-06-10 20:00:00,26.674563547295968,0.0
2026-06-10 21:00:00,26.572341026163173,0.0
2026-06-10 22:00:00,26.272639758649284,0.0
2026-06-10 23:00:00,25.79588389085561,0.0
2026-06-11 00:00:00,25.25891705144243,0.0
2026-06-11 01:00:00,24.535374186749994,0.0
2026-06-11 02:00:00,23.75891705144243,0.0
2026-06-11 03:00:00,22.982459916134868,0.0
2026-06-11 04:00:00,22.25891705144243,0.0
2026-06-11 05:00:00,21.63759670788279,0.0
2026-06-11 06:00:00,21.160840840089115,0.0
2026-06-11 07:00:00,20.861139572575226,155.29142706151245
2026-06-11 08:00:00,20.75891705144243,299.99999999999994
2026-06-11 09:00:00,20.861139572575226,424.2640687119285
2026-06-11 10:00:00,21.160840840089115,519.6152422706632
2026-06-11 11:00:00,21.63759670788279,579.555495773441
2026-06-11 12:00:00,22.25891705144243,600.0
2026-06-11 13:00:00,22.982459916134868,579.555495773441
2026-06-11 14:00:00,23.75891705144243,519.6152422706632
2026-06-11 15:00:00,24.535374186749994,424.26406871192853
2026-06-11 16:00:00,25.25891705144243,299.99999999999994
2026-06-11 17:00:00,25.880237395002073,155.29142706151262
2026-06-11 18:00:00,26.356993262795747,7.347880794884119e-14
2026-06-11 19:00:00,26.656694530309636,0.0
2026-06-11 20:00:00,26.75891705144243,0.0
2026-06-11 21:00:00,26.656694530309636,0.0
2026-06-11 22:00:00,26.356993262795747,0.0
2026-06-11 23:00:00,25.880237395002073,0.0
2026-06-12 00:00:00,25.340675099433636,0.0
2026-06-12 01:00:00,24.6171322347412,0.0
2026-06-12 02:00:00,23.840675099433636,0.0
2026-06-12 03:00:00,23.064217964126073,0.0
2026-06-12 04:00:00,22.340675099433636,0.0
2026-06-12 05:00:00,21.719354755873994,0.0
2026-06-12 06:00:00,21.24259888808032,0.0
2026-06-12 07:00:00,20.94289762056643,155.29142706151245
2026-06-12 08:00:00,20.840675099433636,299.99999999999994
2026-06-12 09:00:00,20.94289762056643,424.2640687119285
2026-06-12 10:00:00,21.24259888808032,519.6152422706632
2026-06-12 11:00:00,21.719354755873994,579.555495773441
2026-06-12 12:00:00,22.340675099433636,600.0
2026-06-12 13:00:00,23.064217964126073,579.555495773441
2026-06-12 14:00:00,23.840675099433636,519.6152422706632
2026-06-12 15:00:00,24.6171322347412,424.26406871192853
2026-06-12 16:00:00,25.340675099433636,299.99999999999994
2026-06-12 17:00:00,25.961995442993278,155.29142706151262
2026-06-12 18:00:00,26.43875131078695,7.347880794884119e-14
2026-06-12 19:00:00,26.73845257830084,0.0
2026-06-12 20:00:00,26.840675099433636,0.0
2026-06-12 21:00:00,26.73845257830084,0.0
2026-06-12 22:00:00,26.43875131078695,0.0
2026-06-12 23:00:00,25.961995442993278,0.0
2026-06-13 00:00:00,25.419813464595485,0.0
2026-06-13 01:00:00,24.69627059990305,0.0
2026-06-13 02:00:00,23.919813464595485,0.0
2026-06-13 03:00:00,23.143356329287922,0.0
2026-06-13 04:00:00,22.419813464595485,0.0
2026-06-13 05:00:00,21.798493121035843,0.0
2026-06-13 06:00:00,21.32173725324217,0.0
2026-06-13 07:00:00,21.02203598572828,155.29142706151245
2026-06-13 08:00:00,20.919813464595485,299.99999999999994
2026-06-13 09:00:00,21.02203598572828,424.2640687119285
2026-06-13 10:00:00,21.32173725324217,519.6152422706632
2026-06-13 11:00:00,21.798493121035843,579.555495773441
2026-06-13 12:00:00,22.419813464595485,600.0
2026-06-13 13:00:00,23.143356329287922,579.555495773441
2026-06-13 14:00:00,23.919813464595485,519.6152422706632
2026-06-13 15:00:00,24.69627059990305,424.26406871192853
2026-06-13 16:00:00,25.419813464595485,299.99999999999994
2026-06-13 17:00:00,26.041133808155127,155.29142706151262
2026-06-13 18:00:00,26.5178896759488,7.347880794884119e-14
2026-06-13 19:00:00,26.81759094346269,0.0
2026-06-13 20:00:00,26.919813464595485,0.0
2026-06-13 21:00:00,26.81759094346269,0.0
2026-06-13 22:00:00,26.5178896759488,0.0
2026-06-13 23:00:00,26.041133808155127,0.0
2026-06-14 00:00:00,25.496308696522433,0.0
2026-06-14 01:00:00,24.772765831829997,0.0
2026-06-14 02:00:00,23.996308696522433,0.0
2026-06-14 03:00:00,23.21985156121487,0.0
2026-06-14 04:00:00,22.496308696522433,0.0
2026-06-14 05:00:00,21.87498835296279,0.0
2026-06-14 06:00:00,21.398232485169117,0.0
2026-06-14 07:00:00,21.09853121765523,155.29142706151245
2026-06-14 08:00:00,20.996308696522433,299.99999999999994
2026-06-14 09:00:00,21.09853121765523,424.2640687119285
2026-06-14 10:00:00,21.398232485169117,519.6152422706632
2026-06-14 11:00:00,21.87498835296279,579.555495773441
2026-06-14 12:00:00,22.496308696522433,600.0
2026-06-14 13:00:00,23.21985156121487,579.555495773441
2026-06-14 14:00:00,23.996308696522433,519.6152422706632
2026-06-14 15:00:00,24.772765831829997,424.26406871192853
2026-06-14 16:00:00,25.496308696522433,299.99999999999994
2026-06-14 17:00:00,26.117629040082075,155.29142706151262
2026-06-14 18:00:00,26.59438490787575,7.347880794884119e-14
2026-06-14 19:00:00,26.89408617538964,0.0
2026-06-14 20:00:00,26.996308696522433,0.0
2026-06-14 21:00:00,26.89408617538964,0.0
2026-06-14 22:00:00,26.59438490787575,0.0
2026-06-14 23:00:00,26.117629040082075,0.0
2026-06-15 00:00:00,25.570138128026358,0.0
2026-06-15 01:00:00,24.84659526333392,0.0
2026-06-15 02:00:00,24.070138128026358,0.0
2026-06-15 03:00:00,23.293680992718794,0.0
2026-06-15 04:00:00,22.570138128026358,0.0
2026-06-15 05:00:00,21.948817784466716,0.0
2026-06-15 06:00:00,21.47206191667304,0.0
2026-06-15 07:00:00,21.172360649159153,155.29142706151245
2026-06-15 08:00:00,21.070138128026358,299.99999999999994
2026-06-15 09:00:00,21.172360649159153,424.2640687119285
2026-06-15 10:00:00,21.47206191667304,519.6152422706632
2026-06-15 11:00:00,21.948817784466716,579.555495773441
2026-06-15 12:00:00,22.570138128026358,600.0
2026-06-15 13:00:00,23.293680992718794,579.555495773441
2026-06-15 14:00:00,24.070138128026358,519.6152422706632
2026-06-15 15:00:00,24.84659526333392,424.26406871192853
2026-06-15 16:00:00,25.570138128026358,299.99999999999994
2026-06-15 17:00:00,26.191458471586,155.29142706151262
2026-06-15 18:00:00,26.668214339379674,7.347880794884119e-14
2026-06-15 19:00:00,26.967915606893563,0.0
2026-06-15 20:00:00,27.070138128026358,0.0
2026-06-15 21:00:00,26.967915606893563,0.0
2026-06-15 22:00:00,26.668214339379674,0.0
2026-06-15 23:00:00,26.191458471586,0.0
2026-06-16 00:00:00,25.641279881853336,0.0
2026-06-16 01:00:00,24.9177370171609,0.0
2026-06-16 02:00:00,24.141279881853336,0.0
2026-06-16 03:00:00,23.364822746545773,0.0
2026-06-16 04:00:00,22.641279881853336,0.0
2026-06-16 05:00:00,22.019959538293694,0.0
2026-06-16 06:00:00,21.54320367050002,0.0
2026-06-16 07:00:00,21.24350240298613,155.29142706151245
2026-06-16 08:00:00,21.141279881853336,299.99999999999994
2026-06-16 09:00:00,21.24350240298613,424.2640687119285
2026-06-16 10:00:00,21.54320367050002,519.6152422706632
2026-06-16 11:00:00,22.019959538293694,579.555495773441
2026-06-16 12:00:00,22.641279881853336,600.0
2026-06-16 13:00:00,23.364822746545773,579.555495773441
2026-06-16 14:00:00,24.141279881853336,519.6152422706632
2026-06-16 15:00:00,24.9177370171609,424.26406871192853
2026-06-16 16:00:00,25.641279881853336,299.99999999999994
2026-06-16 17:00:00,26.262600225412978,155.29142706151262
2026-06-16 18:00:00,26.739356093206652,7.347880794884119e-14
2026-06-16 19:00:00,27.03905736072054,0.0
2026-06-16 20:00:00,27.141279881853336,0.0
2026-06-16 21:00:00,27.03905736072054,0.0
2026-06-16 22:00:00,26.739356093206652,0.0
2026-06-16 23:00:00,26.262600225412978,0.0
2026-06-17 00:00:00,25.709712877166346,0.0
2026-06-17 01:00:00,24.98617001247391,0.0
2026-06-17 02:00:00,24.209712877166346,0.0
2026-06-17 03:00:00,23.433255741858783,0.0
2026-06-17 04:00:00,22.709712877166346,0.0
2026-06-17 05:00:00,22.088392533606704,0.0
2026-06-17 06:00:00,21.61163666581303,0.0
2026-06-17 07:00:00,21.31193539829914,155.29142706151245
2026-06-17 08:00:00,21.209712877166346,299.99999999999994
2026-06-17 09:00:00,21.31193539829914,424.2640687119285
2026-06-17 10:00:00,21.61163666581303,519.6152422706632
2026-06-17 11:00:00,22.088392533606704,579.555495773441
2026-06-17 12:00:00,22.709712877166346,600.0
2026-06-17 13:00:00,23.433255741858783,579.555495773441
2026-06-17 14:00:00,24.209712877166346,519.6152422706632
2026-06-17 15:00:00,24.98617001247391,424.26406871192853
2026-06-17 16:00:00,25.709712877166346,299.99999999999994
2026-06-17 17:00:00,26.33103322072599,155.29142706151262
2026-06-17 18:00:00,26.807789088519662,7.347880794884119e-14
2026-06-17 19:00:00,27.10749035603355,0.0
2026-06-17 20:00:00,27.209712877166346,0.0
2026-06-17 21:00:00,27.10749035603355,0.0
2026-06-17 22:00:00,26.807789088519662,0.0
2026-06-17 23:00:00,26.33103322072599,0.0
2026-06-18 00:00:00,25.775416835791965,0.0
2026-06-18 01:00:00,25.05187397109953,0.0
2026-06-18 02:00:00,24.275416835791965,0.0
2026-06-18 03:00:00,23.498959700484402,0.0
2026-06-18 04:00:00,22.775416835791965,0.0
2026-06-18 05:00:00,22.154096492232323,0.0
2026-06-18 06:00:00,21.67734062443865,0.0
2026-06-18 07:00:00,21.37763935692476,155.29142706151245
2026-06-18 08:00:00,21.275416835791965,299.99999999999994
2026-06-18 09:00:00,21.37763935692476,424.2640687119285
2026-06-18 10:00:00,21.67734062443865,519.6152422706632
2026-06-18 11:00:00,22.154096492232323,579.555495773441
2026-06-18 12:00:00,22.775416835791965,600.0
2026-06-18 13:00:00,23.498959700484402,579.555495773441
2026-06-18 14:00:00,24.275416835791965,519.6152422706632
2026-06-18 15:00:00,25.05187397109953,424.26406871192853
2026-06-18 16:00:00,25.775416835791965,299.99999999999994
2026-06-18 17:00:00,26.396737179351607,155.29142706151262
2026-06-18 18:00:00,26.87349304714528,7.347880794884119e-14
2026-06-18 19:00:00,27.17319431465917,0.0
2026-06-18 20:00:00,27.275416835791965,0.0
2026-06-18 21:00:00,27.17319431465917,0.0
2026-06-18 22:00:00,26.87349304714528,0.0
2026-06-18 23:00:00,26.396737179351607,0.0
2026-06-19 00:00:00,25.83837228822925,0.0
2026-06-19 01:00:00,25.114829423536815,0.0
2026-06-19 02:00:00,24.33837228822925,0.0
2026-06-19 03:00:00,23.56191515292169,0.0
2026-06-19 04:00:00,22.83837228822925,0.0
2026-06-19 05:00:00,22.21705194466961,0.0
2026-06-19 06:00:00,21.740296076875936,0.0
2026-06-19 07:00:00,21.440594809362047,155.29142706151245
2026-06-19 08:00:00,21.33837228822925,299.99999999999994
2026-06-19 09:00:00,21.440594809362047,424.2640687119285
2026-06-19 10:00:00,21.740296076875936,519.6152422706632
2026-06-19 11:00:00,22.21705194466961,579.555495773441
2026-06-19 12:00:00,22.83837228822925,600.0
2026-06-19 13:00:00,23.56191515292169,579.555495773441
2026-06-19 14:00:00,24.33837228822925,519.6152422706632
2026-06-19 15:00:00,25.114829423536815,424.26406871192853
2026-06-19 16:00:00,25.83837228822925,299.99999999999994
2026-06-19 17:00:00,26.459692631788894,155.29142706151262
2026-06-19 18:00:00,26.936448499582568,7.347880794884119e-14
2026-06-19 19:00:00,27.236149767096457,0.0
2026-06-19 20:00:00,27.33837228822925,0.0
2026-06-19 21:00:00,27.236149767096457,0.0
2026-06-19 22:00:00,26.936448499582568,0.0
2026-06-19 23:00:00,26.459692631788894,0.0
2026-06-20 00:00:00,25.898560579418955,0.0
2026-06-20 01:00:00,25.17501771472652,0.0
2026-06-20 02:00:00,24.398560579418955,0.0
2026-06-20 03:00:00,23.622103444111392,0.0
2026-06-20 04:00:00,22.898560579418955,0.0
2026-06-20 05:00:00,22.277240235859313,0.0
2026-06-20 06:00:00,21.80048436806564,0.0
2026-06-20 07:00:00,21.50078310055175,155.29142706151245
2026-06-20 08:00:00,21.398560579418955,299.99999999999994
2026-06-20 09:00:00,21.50078310055175,424.2640687119285
2026-06-20 10:00:00,21.80048436806564,519.6152422706632
2026-06-20 11:00:00,22.277240235859313,579.555495773441
2026-06-20 12:00:00,22.898560579418955,600.0
2026-06-20 13:00:00,23.622103444111392,579.555495773441
2026-06-20 14:00:00,24.398560579418955,519.6152422706632
2026-06-20 15:00:00,25.17501771472652,424.26406871192853
2026-06-20 16:00:00,25.898560579418955,299.99999999999994
2026-06-20 17:00:00,26.519880922978597,155.29142706151262
2026-06-20 18:00:00,26.99663679077227,7.347880794884119e-14
2026-06-20 19:00:00,27.29633805828616,0.0
2026-06-20 20:00:00,27.398560579418955,0.0
2026-06-20 21:00:00,27.29633805828616,0.0
2026-06-20 22:00:00,26.99663679077227,0.0
2026-06-20 23:00:00,26.519880922978597,0.0
2026-06-21 00:00:00,25.955963874271426,0.0
2026-06-21 01:00:00,25.23242100957899,0.0
2026-06-21 02:00:00,24.455963874271426,0.0
2026-06-21 03:00:00,23.679506738963862,0.0
2026-06-21 04:00:00,22.955963874271426,0.0
2026-06-21 05:00:00,22.334643530711784,0.0
2026-06-21 06:00:00,21.85788766291811,0.0
2026-06-21 07:00:00,21.55818639540422,155.29142706151245
2026-06-21 08:00:00,21.455963874271426,299.99999999999994
2026-06-21 09:00:00,21.55818639540422,424.2640687119285
2026-06-21 10:00:00,21.85788766291811,519.6152422706632
2026-06-21 11:00:00,22.334643530711784,579.555495773441
2026-06-21 12:00:00,22.955963874271426,600.0
2026-06-21 13:00:00,23.679506738963862,579.555495773441
2026-06-21 14:00:00,24.455963874271426,519.6152422706632
2026-06-21 15:00:00,25.23242100957899,424.26406871192853
2026-06-21 16:00:00,25.955963874271426,299.99999999999994
2026-06-21 17:00:00,26.577284217831068,155.29142706151262
2026-06-21 18:00:00,27.05404008562474,7.347880794884119e-14
2026-06-21 19:00:00,27.35374135313863,0.0
2026-06-21 20:00:00,27.455963874271426,0.0
2026-06-21 21:00:00,27.35374135313863,0.0
2026-06-21 22:00:00,27.05404008562474,0.0
2026-06-21 23:00:00,26.577284217831068,0.0
2026-06-22 00:00:00,26.010565162951536,0.0
2026-06-22 01:00:00,25.2870222982591,0.0
2026-06-22 02:00:00,24.510565162951536,0.0
2026-06-22 03:00:00,23.734108027643973,0.0
2026-06-22 04:00:00,23.010565162951536,0.0
2026-06-22 05:00:00,22.389244819391894,0.0
2026-06-22 06:00:00,21.91248895159822,0.0
2026-06-22 07:00:00,21.61278768408433,155.29142706151245
2026-06-22 08:00:00,21.510565162951536,299.99999999999994
2026-06-22 09:00:00,21.61278768408433,424.2640687119285
2026-06-22 10:00:00,21.91248895159822,519.6152422706632
2026-06-22 11:00:00,22.389244819391894,579.555495773441
2026-06-22 12:00:00,23.010565162951536,600.0
2026-06-22 13:00:00,23.734108027643973,579.555495773441
2026-06-22 14:00:00,24.510565162951536,519.6152422706632
2026-06-22 15:00:00,25.2870222982591,424.26406871192853
2026-06-22 16:00:00,26.010565162951536,299.99999999999994
2026-06-22 17:00:00,26.63188550651118,155.29142706151262
2026-06-22 18:00:00,27.108641374304852,7.347880794884119e-14
2026-06-22 19:00:00,27.40834264181874,0.0
2026-06-22 20:00:00,27.510565162951536,0.0
2026-06-22 21:00:00,27.40834264181874,0.0
2026-06-22 22:00:00,27.108641374304852,0.0
2026-06-22 23:00:00,26.63188550651118,0.0
2026-06-23 00:00:00,26.062348265919056,0.0
2026-06-23 01:00:00,25.33880540122662,0.0
2026-06-23 02:00:00,24.562348265919056,0.0
2026-06-23 03:00:00,23.785891130611493,0.0
2026-06-23 04:00:00,23.062348265919056,0.0
2026-06-23 05:00:00,22.441027922359414,0.0
2026-06-23 06:00:00,21.96427205456574,0.0
2026-06-23 07:00:00,21.66457078705185,155.29142706151245
2026-06-23 08:00:00,21.562348265919056,299.99999999999994
2026-06-23 09:00:00,21.66457078705185,424.2640687119285
2026-06-23 10:00:00,21.96427205456574,519.6152422706632
2026-06-23 11:00:00,22.441027922359414,579.555495773441
2026-06-23 12:00:00,23.062348265919056,600.0
2026-06-23 13:00:00,23.785891130611493,579.555495773441
2026-06-23 14:00:00,24.562348265919056,519.6152422706632
2026-06-23 15:00:00,25.33880540122662,424.26406871192853
2026-06-23 16:00:00,26.062348265919056,299.99999999999994
2026-06-23 17:00:00,26.683668609478698,155.29142706151262
2026-06-23 18:00:00,27.16042447727237,7.347880794884119e-14
2026-06-23 19:00:00,27.46012574478626,0.0
2026-06-23 20:00:00,27.562348265919056,0.0
2026-06-23 21:00:00,27.46012574478626,0.0
2026-06-23 22:00:00,27.16042447727237,0.0
2026-06-23 23:00:00,26.683668609478698,0.0
2026-06-24 00:00:00,26.111297838723008,0.0
2026-06-24 01:00:00,25.38775497403057,0.0
2026-06-24 02:00:00,24.611297838723008,0.0
2026-06-24 03:00:00,23.834840703415445,0.0
2026-06-24 04:00:00,23.111297838723008,0.0
2026-06-24 05:00:00,22.489977495163366,0.0
2026-06-24 06:00:00,22.013221627369692,0.0
2026-06-24 07:00:00,21.713520359855803,155.29142706151245
2026-06-24 08:00:00,21.611297838723008,299.99999999999994
2026-06-24 09:00:00,21.713520359855803,424.2640687119285
2026-06-24 10:00:00,22.013221627369692,519.6152422706632
2026-06-24 11:00:00,22.489977495163366,579.555495773441
2026-06-24 12:00:00,23.111297838723008,600.0
2026-06-24 13:00:00,23.834840703415445,579.555495773441
2026-06-24 14:00:00,24.611297838723008,519.6152422706632
2026-06-24 15:00:00,25.38775497403057,424.26406871192853
2026-06-24 16:00:00,26.111297838723008,299.99999999999994
2026-06-24 17:00:00,26.73261818228265,155.29142706151262
2026-06-24 18:00:00,27.209374050076324,7.347880794884119e-14
2026-06-24 19:00:00,27.509075317590213,0.0
2026-06-24 20:00:00,27.611297838723008,0.0
2026-06-24 21:00:00,27.509075317590213,0.0
2026-06-24 22:00:00,27.209374050076324,0.0
2026-06-24 23:00:00,26.73261818228265,0.0
2026-06-25 00:00:00,26.157399376548547,0.0
2026-06-25 01:00:00,25.43385651185611,0.0
2026-06-25 02:00:00,24.657399376548547,0.0
2026-06-25 03:00:00,23.880942241240984,0.0
2026-06-25 04:00:00,23.157399376548547,0.0
2026-06-25 05:00:00,22.536079032988905,0.0
2026-06-25 06:00:00,22.05932316519523,0.0
2026-06-25 07:00:00,21.759621897681342,155.29142706151245
2026-06-25 08:00:00,21.657399376548547,299.99999999999994
2026-06-25 09:00:00,21.759621897681342,424.2640687119285
2026-06-25 10:00:00,22.05932316519523,519.6152422706632
2026-06-25 11:00:00,22.536079032988905,579.555495773441
2026-06-25 12:00:00,23.157399376548547,600.0
2026-06-25 13:00:00,23.880942241240984,579.555495773441
2026-06-25 14:00:00,24.657399376548547,519.6152422706632
2026-06-25 15:00:00,25.43385651185611,424.26406871192853
2026-06-25 16:00:00,26.157399376548547,299.99999999999994
2026-06-25 17:00:00,26.77871972010819,155.29142706151262
2026-06-25 18:00:00,27.255475587901863,7.347880794884119e-14
2026-06-25 19:00:00,27.555176855415752,0.0
2026-06-25 20:00:00,27.657399376548547,0.0
2026-06-25 21:00:00,27.555176855415752,0.0
2026-06-25 22:00:00,27.255475587901863,0.0
2026-06-25 23:00:00,26.77871972010819,0.0
2026-06-26 00:00:00,26.20063921851507,0.0
2026-06-26 01:00:00,25.477096353822635,0.0
2026-06-26 02:00:00,24.70063921851507,0.0
2026-06-26 03:00:00,23.92418208320751,0.0
2026-06-26 04:00:00,23.20063921851507,0.0
2026-06-26 05:00:00,22.57931887495543,0.0
2026-06-26 06:00:00,22.102563007161756,0.0
2026-06-26 07:00:00,21.802861739647867,155.29142706151245
2026-06-26 08:00:00,21.70063921851507,299.99999999999994
2026-06-26 09:00:00,21.802861739647867,424.2640687119285
2026-06-26 10:00:00,22.102563007161756,519.6152422706632
2026-06-26 11:00:00,22.57931887495543,579.555495773441
2026-06-26 12:00:00,23.20063921851507,600.0
2026-06-26 13:00:00,23.92418208320751,579.555495773441
2026-06-26 14:00:00,24.70063921851507,519.6152422706632
2026-06-26 15:00:00,25.477096353822635,424.26406871192853
2026-06-26 16:00:00,26.20063921851507,299.99999999999994
2026-06-26 17:00:00,26.821959562074714,155.29142706151262
2026-06-26 18:00:00,27.298715429868388,7.347880794884119e-14
2026-06-26 19:00:00,27.598416697382277,0.0
2026-06-26 20:00:00,27.70063921851507,0.0
2026-06-26 21:00:00,27.598416697382277,0.0
2026-06-26 22:00:00,27.298715429868388,0.0
2026-06-26 23:00:00,26.821959562074714,0.0
2026-06-27 00:00:00,26.241004551724203,0.0
2026-06-27 01:00:00,25.517461687031766,0.0
2026-06-27 02:00:00,24.741004551724203,0.0
2026-06-27 03:00:00,23.96454741641664,0.0
2026-06-27 04:00:00,23.241004551724203,0.0
2026-06-27 05:00:00,22.61968420816456,0.0
2026-06-27 06:00:00,22.142928340370887,0.0
2026-06-27 07:00:00,21.843227072856997,155.29142706151245
2026-06-27 08:00:00,21.741004551724203,299.99999999999994
2026-06-27 09:00:00,21.843227072856997,424.2640687119285
2026-06-27 10:00:00,22.142928340370887,519.6152422706632
2026-06-27 11:00:00,22.61968420816456,579.555495773441
2026-06-27 12:00:00,23.241004551724203,600.0
2026-06-27 13:00:00,23.96454741641664,579.555495773441
2026-06-27 14:00:00,24.741004551724203,519.6152422706632
2026-06-27 15:00:00,25.517461687031766,424.26406871192853
2026-06-27 16:00:00,26.241004551724203,299.99999999999994
2026-06-27 17:00:00,26.862324895283844,155.29142706151262
2026-06-27 18:00:00,27.33908076307752,7.347880794884119e-14
2026-06-27 19:00:00,27.638782030591408,0.0
2026-06-27 20:00:00,27.741004551724203,0.0
2026-06-27 21:00:00,27.638782030591408,0.0
2026-06-27 22:00:00,27.33908076307752,0.0
2026-06-27 23:00:00,26.862324895283844,0.0
2026-06-28 00:00:00,26.27848341505657,0.0
2026-06-28 01:00:00,25.554940550364133,0.0
2026-06-28 02:00:00,24.77848341505657,0.0
2026-06-28 03:00:00,24.002026279749007,0.0
2026-06-28 04:00:00,23.27848341505657,0.0
2026-06-28 05:00:00,22.657163071496928,0.0
2026-06-28 06:00:00,22.180407203703254,0.0
2026-06-28 07:00:00,21.880705936189365,155.29142706151245
2026-06-28 08:00:00,21.77848341505657,299.99999999999994
2026-06-28 09:00:00,21.880705936189365,424.2640687119285
2026-06-28 10:00:00,22.180407203703254,519.6152422706632
2026-06-28 11:00:00,22.657163071496928,579.555495773441
2026-06-28 12:00:00,23.27848341505657,600.0
2026-06-28 13:00:00,24.002026279749007,579.555495773441
2026-06-28 14:00:00,24.77848341505657,519.6152422706632
2026-06-28 15:00:00,25.554940550364133,424.26406871192853
2026-06-28 16:00:00,26.27848341505657,299.99999999999994
2026-06-28 17:00:00,26.899803758616212,155.29142706151262
2026-06-28 18:00:00,27.376559626409886,7.347880794884119e-14
2026-06-28 19:00:00,27.676260893923775,0.0
2026-06-28 20:00:00,27.77848341505657,0.0
2026-06-28 21:00:00,27.676260893923775,0.0
2026-06-28 22:00:00,27.376559626409886,0.0
2026-06-28 23:00:00,26.899803758616212,0.0
2026-06-29 00:00:00,26.313064702716094,0.0
2026-06-29 01:00:00,25.589521838023657,0.0
2026-06-29 02:00:00,24.813064702716094,0.0
2026-06-29 03:00:00,24.03660756740853,0.0
2026-06-29 04:00:00,23.313064702716094,0.0
2026-06-29 05:00:00,22.691744359156452,0.0
2026-06-29 06:00:00,22.214988491362778,0.0
2026-06-29 07:00:00,21.91528722384889,155.29142706151245
2026-06-29 08:00:00,21.813064702716094,299.99999999999994
2026-06-29 09:00:00,21.91528722384889,424.2640687119285
2026-06-29 10:00:00,22.214988491362778,519.6152422706632
2026-06-29 11:00:00,22.691744359156452,579.555495773441
2026-06-29 12:00:00,23.313064702716094,600.0
2026-06-29 13:00:00,24.03660756740853,579.555495773441
2026-06-29 14:00:00,24.813064702716094,519.6152422706632
2026-06-29 15:00:00,25.589521838023657,424.26406871192853
2026-06-29 16:00:00,26.313064702716094,299.99999999999994
2026-06-29 17:00:00,26.934385046275736,155.29142706151262
2026-06-29 18:00:00,27.41114091406941,7.347880794884119e-14
2026-06-29 19:00:00,27.7108421815833,0.0
2026-06-29 20:00:00,27.813064702716094,0.0
2026-06-29 21:00:00,27.7108421815833,0.0
2026-06-29 22:00:00,27.41114091406941,0.0
2026-06-29 23:00:00,26.934385046275736,0.0
2026-06-30 00:00:00,26.344738167520923,0.0
2026-06-30 01:00:00,25.621195302828486,0.0
2026-06-30 02:00:00,24.844738167520923,0.0
2026-06-30 03:00:00,24.06828103221336,0.0
2026-06-30 04:00:00,23.344738167520923,0.0
2026-06-30 05:00:00,22.72341782396128,0.0
2026-06-30 06:00:00,22.246661956167607,0.0
2026-06-30 07:00:00,21.946960688653718,155.29142706151245
2026-06-30 08:00:00,21.844738167520923,299.99999999999994
2026-06-30 09:00:00,21.946960688653718,424.2640687119285
2026-06-30 10:00:00,22.246661956167607,519.6152422706632
2026-06-30 11:00:00,22.72341782396128,579.555495773441
2026-06-30 12:00:00,23.344738167520923,600.0
2026-06-30 13:00:00,24.06828103221336,579.555495773441
2026-06-30 14:00:00,24.844738167520923,519.6152422706632
2026-06-30 15:00:00,25.621195302828486,424.26406871192853
2026-06-30 16:00:00,26.344738167520923,299.99999999999994
2026-06-30 17:00:00,26.966058511080565,155.29142706151262
2026-06-30 18:00:00,27.44281437887424,7.347880794884119e-14
2026-06-30 19:00:00,27.742515646388128,0.0
2026-06-30 20:00:00,27.844738167520923,0.0
2026-06-30 21:00:00,27.742515646388128,0.0
2026-06-30 22:00:00,27.44281437887424,0.0
2026-06-30 23:00:00,26.966058511080565,0.0
2026-07-01 00:00:00,26.373494423939864,0.0
2026-07-01 01:00:00,25.649951559247427,0.0
2026-07-01 02:00:00,24.873494423939864,0.0
2026-07-01 03:00:00,24.0970372886323,0.0
2026-07-01 04:00:00,23.373494423939864,0.0
2026-07-01 05:00:00,22.75217408038022,0.0
2026-07-01 06:00:00,22.275418212586548,0.0
2026-07-01 07:00:00,21.97571694507266,155.29142706151245
2026-07-01 08:00:00,21.873494423939864,299.99999999999994
2026-07-01 09:00:00,21.97571694507266,424.2640687119285
2026-07-01 10:00:00,22.275418212586548,519.6152422706632
2026-07-01 11:00:00,22.75217408038022,579.555495773441
2026-07-01 12:00:00,23.373494423939864,600.0
2026-07-01 13:00:00,24.0970372886323,579.555495773441
2026-07-01 14:00:00,24.873494423939864,519.6152422706632
2026-07-01 15:00:00,25.649951559247427,424.26406871192853
2026-07-01 16:00:00,26.373494423939864,299.99999999999994
2026-07-01 17:00:00,26.994814767499506,155.29142706151262
2026-07-01 18:00:00,27.47157063529318,7.347880794884119e-14
2026-07-01 19:00:00,27.77127190280707,0.0
2026-07-01 20:00:00,27.873494423939864,0.0
2026-07-01 21:00:00,27.77127190280707,0.0
2026-07-01 22:00:00,27.47157063529318,0.0
2026-07-01 23:00:00,26.994814767499506,0.0
2026-07-02 00:00:00,26.39932495087353,0.0
2026-07-02 01:00:00,25.675782086181094,0.0
2026-07-02 02:00:00,24.89932495087353,0.0
2026-07-02 03:00:00,24.122867815565968,0.0
2026-07-02 04:00:00,23.39932495087353,0.0
2026-07-02 05:00:00,22.77800460731389,0.0
2026-07-02 06:00:00,22.301248739520215,0.0
2026-07-02 07:00:00,22.001547472006326,155.29142706151245
2026-07-02 08:00:00,21.89932495087353,299.99999999999994
2026-07-02 09:00:00,22.001547472006326,424.2640687119285
2026-07-02 10:00:00,22.301248739520215,519.6152422706632
2026-07-02 11:00:00,22.77800460731389,579.555495773441
2026-07-02 12:00:00,23.39932495087353,600.0
2026-07-02 13:00:00,24.122867815565968,579.555495773441
2026-07-02 14:00:00,24.89932495087353,519.6152422706632
2026-07-02 15:00:00,25.675782086181094,424.26406871192853
2026-07-02 16:00:00,26.39932495087353,299.99999999999994
2026-07-02 17:00:00,27.020645294433173,155.29142706151262
2026-07-02 18:00:00,27.497401162226847,7.347880794884119e-14
2026-07-02 19:00:00,27.797102429740736,0.0
2026-07-02 20:00:00,27.89932495087353,0.0
2026-07-02 21:00:00,27.797102429740736,0.0
2026-07-02 22:00:00,27.497401162226847,0.0
2026-07-02 23:00:00,27.020645294433173,0.0
2026-07-03 00:00:00,26.42222209417932,0.0
2026-07-03 01:00:00,25.698679229486885,0.0
2026-07-03 02:00:00,24.92222209417932,0.0
2026-07-03 03:00:00,24.14576495887176,0.0
2026-07-03 04:00:00,23.42222209417932,0.0
2026-07-03 05:00:00,22.80090175061968,0.0
2026-07-03 06:00:00,22.324145882826006,0.0
2026-07-03 07:00:00,22.024444615312117,155.29142706151245
2026-07-03 08:00:00,21.92222209417932,299.99999999999994
2026-07-03 09:00:00,22.024444615312117,424.2640687119285
2026-07-03 10:00:00,22.324145882826006,519.6152422706632
2026-07-03 11:00:00,22.80090175061968,579.555495773441
2026-07-03 12:00:00,23.42222209417932,600.0
2026-07-03 13:00:00,24.14576495887176,579.555495773441
2026-07-03 14:00:00,24.92222209417932,519.6152422706632
2026-07-03 15:00:00,25.698679229486885,424.26406871192853
2026-07-03 16:00:00,26.42222209417932,299.99999999999994
2026-07-03 17:00:00,27.043542437738964,155.29142706151262
2026-07-03 18:00:00,27.520298305532638,7.347880794884119e-14
2026-07-03 19:00:00,27.819999573046527,0.0
2026-07-03 20:00:00,27.92222209417932,0.0
2026-07-03 21:00:00,27.819999573046527,0.0
2026-07-03 22:00:00,27.520298305532638,0.0
2026-07-03 23:00:00,27.043542437738964,0.0
2026-07-04 00:00:00,26.44217906893952,0.0
2026-07-04 01:00:00,25.718636204247083,0.0
2026-07-04 02:00:00,24.94217906893952,0.0
2026-07-04 03:00:00,24.165721933631957,0.0
2026-07-04 04:00:00,23.44217906893952,0.0
2026-07-04 05:00:00,22.82085872537988,0.0
2026-07-04 06:00:00,22.344102857586204,0.0
2026-07-04 07:00:00,22.044401590072315,155.29142706151245
2026-07-04 08:00:00,21.94217906893952,299.99999999999994
2026-07-04 09:00:00,22.044401590072315,424.2640687119285
2026-07-04 10:00:00,22.344102857586204,519.6152422706632
2026-07-04 11:00:00,22.82085872537988,579.555495773441
2026-07-04 12:00:00,23.44217906893952,600.0
2026-07-04 13:00:00,24.165721933631957,579.555495773441
2026-07-04 14:00:00,24.94217906893952,519.6152422706632
2026-07-04 15:00:00,25.718636204247083,424.26406871192853
2026-07-04 16:00:00,26.44217906893952,299.99999999999994
2026-07-04 17:00:00,27.063499412499162,155.29142706151262
2026-07-04 18:00:00,27.540255280292836,7.347880794884119e-14
2026-07-04 19:00:00,27.839956547806725,0.0
2026-07-04 20:00:00,27.94217906893952,0.0
2026-07-04 21:00:00,27.839956547806725,0.0
2026-07-04 22:00:00,27.540255280292836,0.0
2026-07-04 23:00:00,27.063499412499162,0.0
2026-07-05 00:00:00,26.45918996147179,0.0
2026-07-05 01:00:00,25.735647096779353,0.0
2026-07-05 02:00:00,24.95918996147179,0.0
2026-07-05 03:00:00,24.182732826164226,0.0
2026-07-05 04:00:00,23.45918996147179,0.0
2026-07-05 05:00:00,22.837869617912148,0.0
2026-07-05 06:00:00,22.361113750118474,0.0
2026-07-05 07:00:00,22.061412482604585,155.29142706151245
2026-07-05 08:00:00,21.95918996147179,299.99999999999994
2026-07-05 09:00:00,22.061412482604585,424.2640687119285
2026-07-05 10:00:00,22.361113750118474,519.6152422706632
2026-07-05 11:00:00,22.837869617912148,579.555495773441
2026-07-05 12:00:00,23.45918996147179,600.0
2026-07-05 13:00:00,24.182732826164226,579.555495773441
2026-07-05 14:00:00,24.95918996147179,519.6152422706632
2026-07-05 15:00:00,25.735647096779353,424.26406871192853
2026-07-05 16:00:00,26.45918996147179,299.99999999999994
2026-07-05 17:00:00,27.08051030503143,155.29142706151262
2026-07-05 18:00:00,27.557266172825106,7.347880794884119e-14
2026-07-05 19:00:00,27.856967440338995,0.0
2026-07-05 20:00:00,27.95918996147179,0.0
2026-07-05 21:00:00,27.856967440338995,0.0
2026-07-05 22:00:00,27.557266172825106,0.0
2026-07-05 23:00:00,27.08051030503143,0.0
2026-07-06 00:00:00,26.473249731081555,0.0
2026-07-06 01:00:00,25.74970686638912,0.0
2026-07-06 02:00:00,24.973249731081555,0.0
2026-07-06 03:00:00,24.196792595773992,0.0
2026-07-06 04:00:00,23.473249731081555,0.0
2026-07-06 05:00:00,22.851929387521913,0.0
2026-07-06 06:00:00,22.37517351972824,0.0
2026-07-06 07:00:00,22.07547225221435,155.29142706151245
2026-07-06 08:00:00,21.973249731081555,299.99999999999994
2026-07-06 09:00:00,22.07547225221435,424.2640687119285
2026-07-06 10:00:00,22.37517351972824,519.6152422706632
2026-07-06 11:00:00,22.851929387521913,579.555495773441
2026-07-06 12:00:00,23.473249731081555,600.0
2026-07-06 13:00:00,24.196792595773992,579.555495773441
2026-07-06 14:00:00,24.973249731081555,519.6152422706632
2026-07-06 15:00:00,25.74970686638912,424.26406871192853
2026-07-06 16:00:00,26.473249731081555,299.99999999999994
2026-07-06 17:00:00,27.094570074641197,155.29142706151262
2026-07-06 18:00:00,27.57132594243487,7.347880794884119e-14
2026-07-06 19:00:00,27.87102720994876,0.0
2026-07-06 20:00:00,27.973249731081555,0.0
2026-07-06 21:00:00,27.87102720994876,0.0
2026-07-06 22:00:00,27.57132594243487,0.0
2026-07-06 23:00:00,27.094570074641197,0.0
2026-07-07 00:00:00,26.48435421155564,0.0
2026-07-07 01:00:00,25.760811346863203,0.0
2026-07-07 02:00:00,24.98435421155564,0.0
2026-07-07 03:00:00,24.207897076248077,0.0
2026-07-07 04:00:00,23.48435421155564,0.0
2026-07-07 05:00:00,22.863033867996,0.0
2026-07-07 06:00:00,22.386278000202324,0.0
2026-07-07 07:00:00,22.086576732688435,155.29142706151245
2026-07-07 08:00:00,21.98435421155564,299.99999999999994
2026-07-07 09:00:00,22.086576732688435,424.2640687119285
2026-07-07 10:00:00,22.386278000202324,519.6152422706632
2026-07-07 11:00:00,22.863033867996,579.555495773441
2026-07-07 12:00:00,23.48435421155564,600.0
2026-07-07 13:00:00,24.207897076248077,579.555495773441
2026-07-07 14:00:00,24.98435421155564,519.6152422706632
2026-07-07 15:00:00,25.760811346863203,424.26406871192853
2026-07-07 16:00:00,26.48435421155564,299.99999999999994
2026-07-07 17:00:00,27.105674555115282,155.29142706151262
2026-07-07 18:00:00,27.582430422908956,7.347880794884119e-14
2026-07-07 19:00:00,27.882131690422845,0.0
2026-07-07 20:00:00,27.98435421155564,0.0
2026-07-07 21:00:00,27.882131690422845,0.0
2026-07-07 22:00:00,27.582430422908956,0.0
2026-07-07 23:00:00,27.105674555115282,0.0
2026-07-08 00:00:00,26.492500112396833,0.0
2026-07-08 01:00:00,25.768957247704396,0.0
2026-07-08 02:00:00,24.992500112396833,0.0
2026-07-08 03:00:00,24.21604297708927,0.0
2026-07-08 04:00:00,23.492500112396833,0.0
2026-07-08 05:00:00,22.87117976883719,0.0
2026-07-08 06:00:00,22.394423901043517,0.0
2026-07-08 07:00:00,22.094722633529628,155.29142706151245
2026-07-08 08:00:00,21.992500112396833,299.99999999999994
2026-07-08 09:00:00,22.094722633529628,424.2640687119285
2026-07-08 10:00:00,22.394423901043517,519.6152422706632
2026-07-08 11:00:00,22.87117976883719,579.555495773441
2026-07-08 12:00:00,23.492500112396833,600.0
2026-07-08 13:00:00,24.21604297708927,579.555495773441
2026-07-08 14:00:00,24.992500112396833,519.6152422706632
2026-07-08 15:00:00,25.768957247704396,424.26406871192853
2026-07-08 16:00:00,26.492500112396833,299.99999999999994
2026-07-08 17:00:00,27.113820455956475,155.29142706151262
2026-07-08 18:00:00,27.59057632375015,7.347880794884119e-14
2026-07-08 19:00:00,27.890277591264038,0.0
2026-07-08 20:00:00,27.992500112396833,0.0
2026-07-08 21:00:00,27.890277591264038,0.0
2026-07-08 22:00:00,27.59057632375015,0.0
2026-07-08 23:00:00,27.113820455956475,0.0
2026-07-09 00:00:00,26.497685019798908,0.0
2026-07-09 01:00:00,25.77414215510647,0.0
2026-07-09 02:00:00,24.997685019798908,0.0
2026-07-09 03:00:00,24.221227884491345,0.0
2026-07-09 04:00:00,23.497685019798908,0.0
2026-07-09 05:00:00,22.876364676239266,0.0
2026-07-09 06:00:00,22.399608808445592,0.0
2026-07-09 07:00:00,22.099907540931703,155.29142706151245
2026-07-09 08:00:00,21.997685019798908,299.99999999999994
2026-07-09 09:00:00,22.099907540931703,424.2640687119285
2026-07-09 10:00:00,22.399608808445592,519.6152422706632
2026-07-09 11:00:00,22.876364676239266,579.555495773441
2026-07-09 12:00:00,23.497685019798908,600.0
2026-07-09 13:00:00,24.221227884491345,579.555495773441
2026-07-09 14:00:00,24.997685019798908,519.6152422706632
2026-07-09 15:00:00,25.77414215510647,424.26406871192853
2026-07-09 16:00:00,26.497685019798908,299.99999999999994
2026-07-09 17:00:00,27.11900536335855,155.29142706151262
2026-07-09 18:00:00,27.595761231152224,7.347880794884119e-14
2026-07-09 19:00:00,27.895462498666113,0.0
2026-07-09 20:00:00,27.997685019798908,0.0
2026-07-09 21:00:00,27.895462498666113,0.0
2026-07-09 22:00:00,27.595761231152224,0.0
2026-07-09 23:00:00,27.11900536335855,0.0
2026-07-10 00:00:00,26.499907397361902,0.0
2026-07-10 01:00:00,25.776364532669465,0.0
2026-07-10 02:00:00,24.999907397361902,0.0
2026-07-10 03:00:00,24.22345026205434,0.0
2026-07-10 04:00:00,23.499907397361902,0.0
2026-07-10 05:00:00,22.87858705380226,0.0
2026-07-10 06:00:00,22.401831186008586,0.0
2026-07-10 07:00:00,22.102129918494697,155.29142706151245
2026-07-10 08:00:00,21.999907397361902,299.99999999999994
2026-07-10 09:00:00,22.102129918494697,424.2640687119285
2026-07-10 10:00:00,22.401831186008586,519.6152422706632
2026-07-10 11:00:00,22.87858705380226,579.555495773441
2026-07-10 12:00:00,23.499907397361902,600.0
2026-07-10 13:00:00,24.22345026205434,579.555495773441
2026-07-10 14:00:00,24.999907397361902,519.6152422706632
2026-07-10 15:00:00,25.776364532669465,424.26406871192853
2026-07-10 16:00:00,26.499907397361902,299.99999999999994
2026-07-10 17:00:00,27.121227740921544,155.29142706151262
2026-07-10 18:00:00,27.597983608715218,7.347880794884119e-14
2026-07-10 19:00:00,27.897684876229107,0.0
2026-07-10 20:00:00,27.999907397361902,0.0
2026-07-10 21:00:00,27.897684876229107,0.0
2026-07-10 22:00:00,27.597983608715218,0.0
2026-07-10 23:00:00,27.121227740921544,0.0
2026-07-11 00:00:00,26.49916658654738,0.0
2026-07-11 01:00:00,25.77562372185494,0.0
2026-07-11 02:00:00,24.99916658654738,0.0
2026-07-11 03:00:00,24.222709451239815,0.0
2026-07-11 04:00:00,23.49916658654738,0.0
2026-07-11 05:00:00,22.877846242987737,0.0
2026-07-11 06:00:00,22.401090375194062,0.0
2026-07-11 07:00:00,22.101389107680173,155.29142706151245
2026-07-11 08:00:00,21.99916658654738,299.99999999999994
2026-07-11 09:00:00,22.101389107680173,424.2640687119285
2026-07-11 10:00:00,22.401090375194062,519.6152422706632
2026-07-11 11:00:00,22.877846242987737,579.555495773441
2026-07-11 12:00:00,23.49916658654738,600.0
2026-07-11 13:00:00,24.222709451239815,579.555495773441
2026-07-11 14:00:00,24.99916658654738,519.6152422706632
2026-07-11 15:00:00,25.77562372185494,424.26406871192853
2026-07-11 16:00:00,26.49916658654738,299.99999999999994
2026-07-11 17:00:00,27.12048693010702,155.29142706151262
2026-07-11 18:00:00,27.597242797900694,7.347880794884119e-14
2026-07-11 19:00:00,27.896944065414583,0.0
2026-07-11 20:00:00,27.99916658654738,0.0
2026-07-11 21:00:00,27.896944065414583,0.0
2026-07-11 22:00:00,27.597242797900694,0.0
2026-07-11 23:00:00,27.12048693010702,0.0
2026-07-12 00:00:00,26.495462806873572,0.0
2026-07-12 01:00:00,25.771919942181135,0.0
2026-07-12 02:00:00,24.995462806873572,0.0
2026-07-12 03:00:00,24.21900567156601,0.0
2026-07-12 04:00:00,23.495462806873572,0.0
2026-07-12 05:00:00,22.87414246331393,0.0
2026-07-12 06:00:00,22.397386595520256,0.0
2026-07-12 07:00:00,22.097685328006367,155.29142706151245
2026-07-12 08:00:00,21.995462806873572,299.99999999999994
2026-07-12 09:00:00,22.097685328006367,424.2640687119285
2026-07-12 10:00:00,22.397386595520256,519.6152422706632
2026-07-12 11:00:00,22.87414246331393,579.555495773441
2026-07-12 12:00:00,23.495462806873572,600.0
2026-07-12 13:00:00,24.21900567156601,579.555495773441
2026-07-12 14:00:00,24.995462806873572,519.6152422706632
2026-07-12 15:00:00,25.771919942181135,424.26406871192853
2026-07-12 16:00:00,26.495462806873572,299.99999999999994
2026-07-12 17:00:00,27.116783150433214,155.29142706151262
2026-07-12 18:00:00,27.59353901822689,7.347880794884119e-14
2026-07-12 19:00:00,27.893240285740777,0.0
2026-07-12 20:00:00,27.995462806873572,0.0
2026-07-12 21:00:00,27.893240285740777,0.0
2026-07-12 22:00:00,27.59353901822689,0.0
2026-07-12 23:00:00,27.116783150433214,0.0
2026-07-13 00:00:00,26.488797155850335,0.0
2026-07-13 01:00:00,25.7652542911579,0.0
2026-07-13 02:00:00,24.988797155850335,0.0
2026-07-13 03:00:00,24.212340020542772,0.0
2026-07-13 04:00:00,23.488797155850335,0.0
2026-07-13 05:00:00,22.867476812290693,0.0
2026-07-13 06:00:00,22.39072094449702,0.0
2026-07-13 07:00:00,22.09101967698313,155.29142706151245
2026-07-13 08:00:00,21.988797155850335,299.99999999999994
2026-07-13 09:00:00,22.09101967698313,424.2640687119285
2026-07-13 10:00:00,22.39072094449702,519.6152422706632
2026-07-13 11:00:00,22.867476812290693,579.555495773441
2026-07-13 12:00:00,23.488797155850335,600.0
2026-07-13 13:00:00,24.212340020542772,579.555495773441
2026-07-13 14:00:00,24.988797155850335,519.6152422706632
2026-07-13 15:00:00,25.7652542911579,424.26406871192853
2026-07-13 16:00:00,26.488797155850335,299.99999999999994
2026-07-13 17:00:00,27.110117499409977,155.29142706151262
2026-07-13 18:00:00,27.58687336720365,7.347880794884119e-14
2026-07-13 19:00:00,27.88657463471754,0.0
2026-07-13 20:00:00,27.988797155850335,0.0
2026-07-13 21:00:00,27.88657463471754,0.0
2026-07-13 22:00:00,27.58687336720365,0.0
2026-07-13 23:00:00,27.110117499409977,0.0
2026-07-14 00:00:00,26.47917160865392,0.0
2026-07-14 01:00:00,25.755628743961484,0.0
2026-07-14 02:00:00,24.97917160865392,0.0
2026-07-14 03:00:00,24.202714473346358,0.0
2026-07-14 04:00:00,23.47917160865392,0.0
2026-07-14 05:00:00,22.85785126509428,0.0
2026-07-14 06:00:00,22.381095397300605,0.0
2026-07-14 07:00:00,22.081394129786716,155.29142706151245
2026-07-14 08:00:00,21.97917160865392,299.99999999999994
2026-07-14 09:00:00,22.081394129786716,424.2640687119285
2026-07-14 10:00:00,22.381095397300605,519.6152422706632
2026-07-14 11:00:00,22.85785126509428,579.555495773441
2026-07-14 12:00:00,23.47917160865392,600.0
2026-07-14 13:00:00,24.202714473346358,579.555495773441
2026-07-14 14:00:00,24.97917160865392,519.6152422706632
2026-07-14 15:00:00,25.755628743961484,424.26406871192853
2026-07-14 16:00:00,26.47917160865392,299.99999999999994
2026-07-14 17:00:00,27.100491952213563,155.29142706151262
2026-07-14 18:00:00,27.577247820007237,7.347880794884119e-14
2026-07-14 19:00:00,27.876949087521126,0.0
2026-07-14 20:00:00,27.97917160865392,0.0
2026-07-14 21:00:00,27.876949087521126,0.0
2026-07-14 22:00:00,27.577247820007237,0.0
2026-07-14 23:00:00,27.100491952213563,0.0
2026-07-15 00:00:00,26.4665890175417,0.0
2026-07-15 01:00:00,25.743046152849264,0.0
2026-07-15 02:00:00,24.9665890175417,0.0
2026-07-15 03:00:00,24.190131882234137,0.0
2026-07-15 04:00:00,23.4665890175417,0.0
2026-07-15 05:00:00,22.84526867398206,0.0
2026-07-15 06:00:00,22.368512806188384,0.0
2026-07-15 07:00:00,22.068811538674495,155.29142706151245
2026-07-15 08:00:00,21.9665890175417,299.99999999999994
2026-07-15 09:00:00,22.068811538674495,424.2640687119285
2026-07-15 10:00:00,22.368512806188384,519.6152422706632
2026-07-15 11:00:00,22.84526867398206,579.555495773441
2026-07-15 12:00:00,23.4665890175417,600.0
2026-07-15 13:00:00,24.190131882234137,579.555495773441
2026-07-15 14:00:00,24.9665890175417,519.6152422706632
2026-07-15 15:00:00,25.743046152849264,424.26406871192853
2026-07-15 16:00:00,26.4665890175417,299.99999999999994
2026-07-15 17:00:00,27.087909361101342,155.29142706151262
2026-07-15 18:00:00,27.564665228895016,7.347880794884119e-14
2026-07-15 19:00:00,27.864366496408906,0.0
2026-07-15 20:00:00,27.9665890175417,0.0
2026-07-15 21:00:00,27.864366496408906,0.0
2026-07-15 22:00:00,27.564665228895016,0.0
2026-07-15 23:00:00,27.087909361101342,0.0
2026-07-16 00:00:00,26.451053111006978,0.0
2026-07-16 01:00:00,25.72751024631454,0.0
2026-07-16 02:00:00,24.951053111006978,0.0
2026-07-16 03:00:00,24.174595975699415,0.0
2026-07-16 04:00:00,23.451053111006978,0.0
2026-07-16 05:00:00,22.829732767447336,0.0
2026-07-16 06:00:00,22.35297689965366,0.0
2026-07-16 07:00:00,22.053275632139773,155.29142706151245
2026-07-16 08:00:00,21.951053111006978,299.99999999999994
2026-07-16 09:00:00,22.053275632139773,424.2640687119285
2026-07-16 10:00:00,22.35297689965366,519.6152422706632
2026-07-16 11:00:00,22.829732767447336,579.555495773441
2026-07-16 12:00:00,23.451053111006978,600.0
2026-07-16 13:00:00,24.174595975699415,579.555495773441
2026-07-16 14:00:00,24.951053111006978,519.6152422706632
2026-07-16 15:00:00,25.72751024631454,424.26406871192853
2026-07-16 16:00:00,26.451053111006978,299.99999999999994
2026-07-16 17:00:00,27.07237345456662,155.29142706151262
2026-07-16 18:00:00,27.549129322360294,7.347880794884119e-14
2026-07-16 19:00:00,27.848830589874183,0.0
2026-07-16 20:00:00,27.951053111006978,0.0
2026-07-16 21:00:00,27.848830589874183,0.0
2026-07-16 22:00:00,27.549129322360294,0.0
2026-07-16 23:00:00,27.07237345456662,0.0
2026-07-17 00:00:00,26.432568492674143,0.0
2026-07-17 01:00:00,25.709025627981706,0.0
2026-07-17 02:00:00,24.932568492674143,0.0
2026-07-17 03:00:00,24.15611135736658,0.0
2026-07-17 04:00:00,23.432568492674143,0.0
2026-07-17 05:00:00,22.8112481491145,0.0
2026-07-17 06:00:00,22.334492281320827,0.0
2026-07-17 07:00:00,22.034791013806938,155.29142706151245
2026-07-17 08:00:00,21.932568492674143,299.99999999999994
2026-07-17 09:00:00,22.034791013806938,424.2640687119285
2026-07-17 10:00:00,22.334492281320827,519.6152422706632
2026-07-17 11:00:00,22.8112481491145,579.555495773441
2026-07-17 12:00:00,23.432568492674143,600.0
2026-07-17 13:00:00,24.15611135736658,579.555495773441
2026-07-17 14:00:00,24.932568492674143,519.6152422706632
2026-07-17 15:00:00,25.709025627981706,424.26406871192853
2026-07-17 16:00:00,26.432568492674143,299.99999999999994
2026-07-17 17:00:00,27.053888836233785,155.29142706151262
2026-07-17 18:00:00,27.53064470402746,7.347880794884119e-14
2026-07-17 19:00:00,27.830345971541348,0.0
2026-07-17 20:00:00,27.932568492674143,0.0
2026-07-17 21:00:00,27.830345971541348,0.0
2026-07-17 22:00:00,27.53064470402746,0.0
2026-07-17 23:00:00,27.053888836233785,0.0
2026-07-18 00:00:00,26.411140639934548,0.0
2026-07-18 01:00:00,25.68759777524211,0.0
2026-07-18 02:00:00,24.911140639934548,0.0
2026-07-18 03:00:00,24.134683504626985,0.0
2026-07-18 04:00:00,23.411140639934548,0.0
2026-07-18 05:00:00,22.789820296374906,0.0
2026-07-18 06:00:00,22.31306442858123,0.0
2026-07-18 07:00:00,22.013363161067343,155.29142706151245
2026-07-18 08:00:00,21.911140639934548,299.99999999999994
2026-07-18 09:00:00,22.013363161067343,424.2640687119285
2026-07-18 10:00:00,22.31306442858123,519.6152422706632
2026-07-18 11:00:00,22.789820296374906,579.555495773441
2026-07-18 12:00:00,23.411140639934548,600.0
2026-07-18 13:00:00,24.134683504626985,579.555495773441
2026-07-18 14:00:00,24.911140639934548,519.6152422706632
2026-07-18 15:00:00,25.68759777524211,424.26406871192853
2026-07-18 16:00:00,26.411140639934548,299.99999999999994
2026-07-18 17:00:00,27.03246098349419,155.29142706151262
2026-07-18 18:00:00,27.509216851287864,7.347880794884119e-14
2026-07-18 19:00:00,27.808918118801753,0.0
2026-07-18 20:00:00,27.911140639934548,0.0
2026-07-18 21:00:00,27.808918118801753,0.0
2026-07-18 22:00:00,27.509216851287864,0.0
2026-07-18 23:00:00,27.03246098349419,0.0
2026-07-19 00:00:00,26.386775902323407,0.0
2026-07-19 01:00:00,25.66323303763097,0.0
2026-07-19 02:00:00,24.886775902323407,0.0
2026-07-19 03:00:00,24.110318767015844,0.0
2026-07-19 04:00:00,23.386775902323407,0.0
2026-07-19 05:00:00,22.765455558763765,0.0
2026-07-19 06:00:00,22.28869969097009,0.0
2026-07-19 07:00:00,21.988998423456202,155.29142706151245
2026-07-19 08:00:00,21.886775902323407,299.99999999999994
2026-07-19 09:00:00,21.988998423456202,424.2640687119285
2026-07-19 10:00:00,22.28869969097009,519.6152422706632
2026-07-19 11:00:00,22.765455558763765,579.555495773441
2026-07-19 12:00:00,23.386775902323407,600.0
2026-07-19 13:00:00,24.110318767015844,579.555495773441
2026-07-19 14:00:00,24.886775902323407,519.6152422706632
2026-07-19 15:00:00,25.66323303763097,424.26406871192853
2026-07-19 16:00:00,26.386775902323407,299.99999999999994
2026-07-19 17:00:00,27.00809624588305,155.29142706151262
2026-07-19 18:00:00,27.484852113676723,7.347880794884119e-14
2026-07-19 19:00:00,27.784553381190612,0.0
2026-07-19 20:00:00,27.886775902323407,0.0
2026-07-19 21:00:00,27.784553381190612,0.0
2026-07-19 22:00:00,27.484852113676723,0.0
2026-07-19 23:00:00,27.00809624588305,0.0
2026-07-20 00:00:00,26.359481499638306,0.0
2026-07-20 01:00:00,25.63593863494587,0.0
2026-07-20 02:00:00,24.859481499638306,0.0
2026-07-20 03:00:00,24.083024364330743,0.0
2026-07-20 04:00:00,23.359481499638306,0.0
2026-07-20 05:00:00,22.738161156078665,0.0
2026-07-20 06:00:00,22.26140528828499,0.0
2026-07-20 07:00:00,21.9617040207711,155.29142706151245
2026-07-20 08:00:00,21.859481499638306,299.99999999999994
2026-07-20 09:00:00,21.9617040207711,424.2640687119285
2026-07-20 10:00:00,22.26140528828499,519.6152422706632
2026-07-20 11:00:00,22.738161156078665,579.555495773441
2026-07-20 12:00:00,23.359481499638306,600.0
2026-07-20 13:00:00,24.083024364330743,579.555495773441
2026-07-20 14:00:00,24.859481499638306,519.6152422706632
2026-07-20 15:00:00,25.63593863494587,424.26406871192853
2026-07-20 16:00:00,26.359481499638306,299.99999999999994
2026-07-20 17:00:00,26.98080184319795,155.29142706151262
2026-07-20 18:00:00,27.457557710991622,7.347880794884119e-14
2026-07-20 19:00:00,27.75725897850551,0.0
2026-07-20 20:00:00,27.859481499638306,0.0
2026-07-20 21:00:00,27.75725897850551,0.0
2026-07-20 22:00:00,27.457557710991622,0.0
2026-07-20 23:00:00,26.98080184319795,0.0
2026-07-21 00:00:00,26.329265519799822,0.0
2026-07-21 01:00:00,25.605722655107385,0.0
2026-07-21 02:00:00,24.829265519799822,0.0
2026-07-21 03:00:00,24.05280838449226,0.0
2026-07-21 04:00:00,23.329265519799822,0.0
2026-07-21 05:00:00,22.70794517624018,0.0
2026-07-21 06:00:00,22.231189308446506,0.0
2026-07-21 07:00:00,21.931488040932617,155.29142706151245
2026-07-21 08:00:00,21.829265519799822,299.99999999999994
2026-07-21 09:00:00,21.931488040932617,424.2640687119285
2026-07-21 10:00:00,22.231189308446506,519.6152422706632
2026-07-21 11:00:00,22.70794517624018,579.555495773441
2026-07-21 12:00:00,23.329265519799822,600.0
2026-07-21 13:00:00,24.05280838449226,579.555495773441
2026-07-21 14:00:00,24.829265519799822,519.6152422706632
2026-07-21 15:00:00,25.605722655107385,424.26406871192853
2026-07-21 16:00:00,26.329265519799822,299.99999999999994
2026-07-21 17:00:00,26.950585863359464,155.29142706151262
2026-07-21 18:00:00,27.42734173115314,7.347880794884119e-14
2026-07-21 19:00:00,27.727042998667027,0.0
2026-07-21 20:00:00,27.829265519799822,0.0
2026-07-21 21:00:00,27.727042998667027,0.0
2026-07-21 22:00:00,27.42734173115314,0.0
2026-07-21 23:00:00,26.950585863359464,0.0
2026-07-22 00:00:00,26.2961369164549,0.0
2026-07-22 01:00:00,25.57259405176246,0.0
2026-07-22 02:00:00,24.7961369164549,0.0
2026-07-22 03:00:00,24.019679781147335,0.0
2026-07-22 04:00:00,23.2961369164549,0.0
2026-07-22 05:00:00,22.674816572895256,0.0
2026-07-22 06:00:00,22.198060705101582,0.0
2026-07-22 07:00:00,21.898359437587693,155.29142706151245
2026-07-22 08:00:00,21.7961369164549,299.99999999999994
2026-07-22 09:00:00,21.898359437587693,424.2640687119285
2026-07-22 10:00:00,22.198060705101582,519.6152422706632
2026-07-22 11:00:00,22.674816572895256,579.555495773441
2026-07-22 12:00:00,23.2961369164549,600.0
2026-07-22 13:00:00,24.019679781147335,579.555495773441
2026-07-22 14:00:00,24.7961369164549,519.6152422706632
2026-07-22 15:00:00,25.57259405176246,424.26406871192853
2026-07-22 16:00:00,26.2961369164549,299.99999999999994
2026-07-22 17:00:00,26.91745726001454,155.29142706151262
2026-07-22 18:00:00,27.394213127808214,7.347880794884119e-14
2026-07-22 19:00:00,27.693914395322103,0.0
2026-07-22 20:00:00,27.7961369164549,0.0
2026-07-22 21:00:00,27.693914395322103,0.0
2026-07-22 22:00:00,27.394213127808214,0.0
2026-07-22 23:00:00,26.91745726001454,0.0
2026-07-23 00:00:00,26.260105506323683,0.0
2026-07-23 01:00:00,25.536562641631246,0.0
2026-07-23 02:00:00,24.760105506323683,0.0
2026-07-23 03:00:00,23.98364837101612,0.0
2026-07-23 04:00:00,23.260105506323683,0.0
2026-07-23 05:00:00,22.63878516276404,0.0
2026-07-23 06:00:00,22.162029294970367,0.0
2026-07-23 07:00:00,21.862328027456478,155.29142706151245
2026-07-23 08:00:00,21.760105506323683,299.99999999999994
2026-07-23 09:00:00,21.862328027456478,424.2640687119285
2026-07-23 10:00:00,22.162029294970367,519.6152422706632
2026-07-23 11:00:00,22.63878516276404,579.555495773441
2026-07-23 12:00:00,23.260105506323683,600.0
2026-07-23 13:00:00,23.98364837101612,579.555495773441
2026-07-23 14:00:00,24.760105506323683,519.6152422706632
2026-07-23 15:00:00,25.536562641631246,424.26406871192853
2026-07-23 16:00:00,26.260105506323683,299.99999999999994
2026-07-23 17:00:00,26.881425849883325,155.29142706151262
2026-07-23 18:00:00,27.358181717677,7.347880794884119e-14
2026-07-23 19:00:00,27.657882985190888,0.0
2026-07-23 20:00:00,27.760105506323683,0.0
2026-07-23 21:00:00,27.657882985190888,0.0
2026-07-23 22:00:00,27.358181717677,0.0
2026-07-23 23:00:00,26.881425849883325,0.0
2026-07-24 00:00:00,26.221181966290615,0.0
2026-07-24 01:00:00,25.49763910159818,0.0
2026-07-24 02:00:00,24.721181966290615,0.0
2026-07-24 03:00:00,23.944724830983052,0.0
2026-07-24 04:00:00,23.221181966290615,0.0
2026-07-24 05:00:00,22.599861622730973,0.0
2026-07-24 06:00:00,22.1231057549373,0.0
2026-07-24 07:00:00,21.82340448742341,155.29142706151245
2026-07-24 08:00:00,21.721181966290615,299.99999999999994
2026-07-24 09:00:00,21.82340448742341,424.2640687119285
2026-07-24 10:00:00,22.1231057549373,519.6152422706632
2026-07-24 11:00:00,22.599861622730973,579.555495773441
2026-07-24 12:00:00,23.221181966290615,600.0
2026-07-24 13:00:00,23.944724830983052,579.555495773441
2026-07-24 14:00:00,24.721181966290615,519.6152422706632
2026-07-24 15:00:00,25.49763910159818,424.26406871192853
2026-07-24 16:00:00,26.221181966290615,299.99999999999994
2026-07-24 17:00:00,26.842502309850257,155.29142706151262
2026-07-24 18:00:00,27.31925817764393,7.347880794884119e-14
2026-07-24 19:00:00,27.61895944515782,0.0
2026-07-24 20:00:00,27.721181966290615,0.0
2026-07-24 21:00:00,27.61895944515782,0.0
2026-07-24 22:00:00,27.31925817764393,0.0
2026-07-24 23:00:00,26.842502309850257,0.0
2026-07-25 00:00:00,26.17937783024064,0.0
2026-07-25 01:00:00,25.455834965548203,0.0
2026-07-25 02:00:00,24.67937783024064,0.0
2026-07-25 03:00:00,23.902920694933076,0.0
2026-07-25 04:00:00,23.17937783024064,0.0
2026-07-25 05:00:00,22.558057486680998,0.0
2026-07-25 06:00:00,22.081301618887323,0.0
2026-07-25 07:00:00,21.781600351373434,155.29142706151245
2026-07-25 08:00:00,21.67937783024064,299.99999999999994
2026-07-25 09:00:00,21.781600351373434,424.2640687119285
2026-07-25 10:00:00,22.081301618887323,519.6152422706632
2026-07-25 11:00:00,22.558057486680998,579.555495773441
2026-07-25 12:00:00,23.17937783024064,600.0
2026-07-25 13:00:00,23.902920694933076,579.555495773441
2026-07-25 14:00:00,24.67937783024064,519.6152422706632
2026-07-25 15:00:00,25.455834965548203,424.26406871192853
2026-07-25 16:00:00,26.17937783024064,299.99999999999994
2026-07-25 17:00:00,26.80069817380028,155.29142706151262
2026-07-25 18:00:00,27.277454041593955,7.347880794884119e-14
2026-07-25 19:00:00,27.577155309107845,0.0
2026-07-25 20:00:00,27.67937783024064,0.0
2026-07-25 21:00:00,27.577155309107845,0.0
2026-07-25 22:00:00,27.277454041593955,0.0
2026-07-25 23:00:00,26.80069817380028,0.0
2026-07-26 00:00:00,26.13470548564149,0.0
2026-07-26 01:00:00,25.411162620949053,0.0
2026-07-26 02:00:00,24.63470548564149,0.0
2026-07-26 03:00:00,23.858248350333927,0.0
2026-07-26 04:00:00,23.13470548564149,0.0
2026-07-26 05:00:00,22.513385142081848,0.0
2026-07-26 06:00:00,22.036629274288174,0.0
2026-07-26 07:00:00,21.736928006774285,155.29142706151245
2026-07-26 08:00:00,21.63470548564149,299.99999999999994
2026-07-26 09:00:00,21.736928006774285,424.2640687119285
2026-07-26 10:00:00,22.036629274288174,519.6152422706632
2026-07-26 11:00:00,22.513385142081848,579.555495773441
2026-07-26 12:00:00,23.13470548564149,600.0
2026-07-26 13:00:00,23.858248350333927,579.555495773441
2026-07-26 14:00:00,24.63470548564149,519.6152422706632
2026-07-26 15:00:00,25.411162620949053,424.26406871192853
2026-07-26 16:00:00,26.13470548564149,299.99999999999994
2026-07-26 17:00:00,26.756025829201132,155.29142706151262
2026-07-26 18:00:00,27.232781696994806,7.347880794884119e-14
2026-07-26 19:00:00,27.532482964508695,0.0
2026-07-26 20:00:00,27.63470548564149,0.0
2026-07-26 21:00:00,27.532482964508695,0.0
2026-07-26 22:00:00,27.232781696994806,0.0
2026-07-26 23:00:00,26.756025829201132,0.0
2026-07-27 00:00:00,26.087178169872963,0.0
2026-07-27 01:00:00,25.363635305180527,0.0
2026-07-27 02:00:00,24.587178169872963,0.0
2026-07-27 03:00:00,23.8107210345654,0.0
2026-07-27 04:00:00,23.087178169872963,0.0
2026-07-27 05:00:00,22.46585782631332,0.0
2026-07-27 06:00:00,21.989101958519647,0.0
2026-07-27 07:00:00,21.68940069100576,155.29142706151245
2026-07-27 08:00:00,21.587178169872963,299.99999999999994
2026-07-27 09:00:00,21.68940069100576,424.2640687119285
2026-07-27 10:00:00,21.989101958519647,519.6152422706632
2026-07-27 11:00:00,22.46585782631332,579.555495773441
2026-07-27 12:00:00,23.087178169872963,600.0
2026-07-27 13:00:00,23.8107210345654,579.555495773441
2026-07-27 14:00:00,24.587178169872963,519.6152422706632
2026-07-27 15:00:00,25.363635305180527,424.26406871192853
2026-07-27 16:00:00,26.087178169872963,299.99999999999994
2026-07-27 17:00:00,26.708498513432605,155.29142706151262
2026-07-27 18:00:00,27.18525438122628,7.347880794884119e-14
2026-07-27 19:00:00,27.48495564874017,0.0
2026-07-27 20:00:00,27.587178169872963,0.0
2026-07-27 21:00:00,27.48495564874017,0.0
2026-07-27 22:00:00,27.18525438122628,0.0
2026-07-27 23:00:00,26.708498513432605,0.0
2026-07-28 00:00:00,26.036809966304457,0.0
2026-07-28 01:00:00,25.31326710161202,0.0
2026-07-28 02:00:00,24.536809966304457,0.0
2026-07-28 03:00:00,23.760352830996894,0.0
2026-07-28 04:00:00,23.036809966304457,0.0
2026-07-28 05:00:00,22.415489622744815,0.0
2026-07-28 06:00:00,21.93873375495114,0.0
2026-07-28 07:00:00,21.63903248743725,155.29142706151245
2026-07-28 08:00:00,21.536809966304457,299.99999999999994
2026-07-28 09:00:00,21.63903248743725,424.2640687119285
2026-07-28 10:00:00,21.93873375495114,519.6152422706632
2026-07-28 11:00:00,22.415489622744815,579.555495773441
2026-07-28 12:00:00,23.036809966304457,600.0
2026-07-28 13:00:00,23.760352830996894,579.555495773441
2026-07-28 14:00:00,24.536809966304457,519.6152422706632
2026-07-28 15:00:00,25.31326710161202,424.26406871192853
2026-07-28 16:00:00,26.036809966304457,299.99999999999994
2026-07-28 17:00:00,26.6581303098641,155.29142706151262
2026-07-28 18:00:00,27.134886177657773,7.347880794884119e-14
2026-07-28 19:00:00,27.434587445171662,0.0
2026-07-28 20:00:00,27.536809966304457,0.0
2026-07-28 21:00:00,27.434587445171662,0.0
2026-07-28 22:00:00,27.134886177657773,0.0
2026-07-28 23:00:00,26.6581303098641,0.0
2026-07-29 00:00:00,25.983615800121715,0.0
2026-07-29 01:00:00,25.260072935429278,0.0
2026-07-29 02:00:00,24.483615800121715,0.0
2026-07-29 03:00:00,23.707158664814152,0.0
2026-07-29 04:00:00,22.983615800121715,0.0
2026-07-29 05:00:00,22.362295456562073,0.0
2026-07-29 06:00:00,21.8855395887684,0.0
2026-07-29 07:00:00,21.58583832125451,155.29142706151245
2026-07-29 08:00:00,21.483615800121715,299.99999999999994
2026-07-29 09:00:00,21.58583832125451,424.2640687119285
2026-07-29 10:00:00,21.8855395887684,519.6152422706632
2026-07-29 11:00:00,22.362295456562073,579.555495773441
2026-07-29 12:00:00,22.983615800121715,600.0
2026-07-29 13:00:00,23.707158664814152,579.555495773441
2026-07-29 14:00:00,24.483615800121715,519.6152422706632
2026-07-29 15:00:00,25.260072935429278,424.26406871192853
2026-07-29 16:00:00,25.983615800121715,299.99999999999994
2026-07-29 17:00:00,26.604936143681357,155.29142706151262
2026-07-29 18:00:00,27.08169201147503,7.347880794884119e-14
2026-07-29 19:00:00,27.38139327898892,0.0
2026-07-29 20:00:00,27.483615800121715,0.0
2026-07-29 21:00:00,27.38139327898892,0.0
2026-07-29 22:00:00,27.08169201147503,0.0
2026-07-29 23:00:00,26.604936143681357,0.0
2026-07-30 00:00:00,25.927611433904207,0.0
2026-07-30 01:00:00,25.20406856921177,0.0
2026-07-30 02:00:00,24.427611433904207,0.0
2026-07-30 03:00:00,23.651154298596644,0.0
2026-07-30 04:00:00,22.927611433904207,0.0
2026-07-30 05:00:00,22.306291090344565,0.0
2026-07-30 06:00:00,21.82953522255089,0.0
2026-07-30 07:00:00,21.529833955037002,155.29142706151245
2026-07-30 08:00:00,21.427611433904207,299.99999999999994
2026-07-30 09:00:00,21.529833955037002,424.2640687119285
2026-07-30 10:00:00,21.82953522255089,519.6152422706632
2026-07-30 11:00:00,22.306291090344565,579.555495773441
2026-07-30 12:00:00,22.927611433904207,600.0
2026-07-30 13:00:00,23.651154298596644,579.555495773441
2026-07-30 14:00:00,24.427611433904207,519.6152422706632
2026-07-30 15:00:00,25.20406856921177,424.26406871192853
2026-07-30 16:00:00,25.927611433904207,299.99999999999994
2026-07-30 17:00:00,26.54893177746385,155.29142706151262
2026-07-30 18:00:00,27.025687645257523,7.347880794884119e-14
2026-07-30 19:00:00,27.325388912771412,0.0
2026-07-30 20:00:00,27.427611433904207,0.0
2026-07-30 21:00:00,27.325388912771412,0.0
2026-07-30 22:00:00,27.025687645257523,0.0
2026-07-30 23:00:00,26.54893177746385,0.0
2026-07-31 00:00:00,25.868813462954314,0.0
2026-07-31 01:00:00,25.145270598261877,0.0
2026-07-31 02:00:00,24.368813462954314,0.0
2026-07-31 03:00:00,23.59235632764675,0.0
2026-07-31 04:00:00,22.868813462954314,0.0
2026-07-31 05:00:00,22.247493119394672,0.0
2026-07-31 06:00:00,21.770737251601,0.0
2026-07-31 07:00:00,21.47103598408711,155.29142706151245
2026-07-31 08:00:00,21.368813462954314,299.99999999999994
2026-07-31 09:00:00,21.47103598408711,424.2640687119285
2026-07-31 10:00:00,21.770737251601,519.6152422706632
2026-07-31 11:00:00,22.247493119394672,579.555495773441
2026-07-31 12:00:00,22.868813462954314,600.0
2026-07-31 13:00:00,23.59235632764675,579.555495773441
2026-07-31 14:00:00,24.368813462954314,519.6152422706632
2026-07-31 15:00:00,25.145270598261877,424.26406871192853
2026-07-31 16:00:00,25.868813462954314,299.99999999999994
2026-07-31 17:00:00,26.490133806513956,155.29142706151262
2026-07-31 18:00:00,26.96688967430763,7.347880794884119e-14
2026-07-31 19:00:00,27.26659094182152,0.0
2026-07-31 20:00:00,27.368813462954314,0.0
2026-07-31 21:00:00,27.26659094182152,0.0
2026-07-31 22:00:00,26.96688967430763,0.0
2026-07-31 23:00:00,26.490133806513956,0.0
2026-08-01 00:00:00,25.807239310379792,0.0
2026-08-01 01:00:00,25.083696445687355,0.0
2026-08-01 02:00:00,24.307239310379792,0.0
2026-08-01 03:00:00,23.53078217507223,0.0
2026-08-01 04:00:00,22.807239310379792,0.0
2026-08-01 05:00:00,22.18591896682015,0.0
2026-08-01 06:00:00,21.709163099026476,0.0
2026-08-01 07:00:00,21.409461831512587,155.29142706151245
2026-08-01 08:00:00,21.307239310379792,299.99999999999994
2026-08-01 09:00:00,21.409461831512587,424.2640687119285
2026-08-01 10:00:00,21.709163099026476,519.6152422706632
2026-08-01 11:00:00,22.18591896682015,579.555495773441
2026-08-01 12:00:00,22.807239310379792,600.0
2026-08-01 13:00:00,23.53078217507223,579.555495773441
2026-08-01 14:00:00,24.307239310379792,519.6152422706632
2026-08-01 15:00:00,25.083696445687355,424.26406871192853
2026-08-01 16:00:00,25.807239310379792,299.99999999999994
2026-08-01 17:00:00,26.428559653939434,155.29142706151262
2026-08-01 18:00:00,26.905315521733108,7.347880794884119e-14
2026-08-01 19:00:00,27.205016789246997,0.0
2026-08-01 20:00:00,27.307239310379792,0.0
2026-08-01 21:00:00,27.205016789246997,0.0
2026-08-01 22:00:00,26.905315521733108,0.0
2026-08-01 23:00:00,26.428559653939434,0.0
2026-08-02 00:00:00,25.742907221930935,0.0
2026-08-02 01:00:00,25.019364357238498,0.0
2026-08-02 02:00:00,24.242907221930935,0.0
2026-08-02 03:00:00,23.46645008662337,0.0
2026-08-02 04:00:00,22.742907221930935,0.0
2026-08-02 05:00:00,22.121586878371293,0.0
2026-08-02 06:00:00,21.64483101057762,0.0
2026-08-02 07:00:00,21.34512974306373,155.29142706151245
2026-08-02 08:00:00,21.242907221930935,299.99999999999994
2026-08-02 09:00:00,21.34512974306373,424.2640687119285
2026-08-02 10:00:00,21.64483101057762,519.6152422706632
2026-08-02 11:00:00,22.121586878371293,579.555495773441
2026-08-02 12:00:00,22.742907221930935,600.0
2026-08-02 13:00:00,23.46645008662337,579.555495773441
2026-08-02 14:00:00,24.242907221930935,519.6152422706632
2026-08-02 15:00:00,25.019364357238498,424.26406871192853
2026-08-02 16:00:00,25.742907221930935,299.99999999999994
2026-08-02 17:00:00,26.364227565490577,155.29142706151262
2026-08-02 18:00:00,26.84098343328425,7.347880794884119e-14
2026-08-02 19:00:00,27.14068470079814,0.0
2026-08-02 20:00:00,27.242907221930935,0.0
2026-08-02 21:00:00,27.14068470079814,0.0
2026-08-02 22:00:00,26.84098343328425,0.0
2026-08-02 23:00:00,26.364227565490577,0.0
2026-08-03 00:00:00,25.675836260593936,0.0
2026-08-03 01:00:00,24.9522933959015,0.0
2026-08-03 02:00:00,24.175836260593936,0.0
2026-08-03 03:00:00,23.399379125286373,0.0
2026-08-03 04:00:00,22.675836260593936,0.0
2026-08-03 05:00:00,22.054515917034294,0.0
2026-08-03 06:00:00,21.57776004924062,0.0
2026-08-03 07:00:00,21.27805878172673,155.29142706151245
2026-08-03 08:00:00,21.175836260593936,299.99999999999994
2026-08-03 09:00:00,21.27805878172673,424.2640687119285
2026-08-03 10:00:00,21.57776004924062,519.6152422706632
2026-08-03 11:00:00,22.054515917034294,579.555495773441
2026-08-03 12:00:00,22.675836260593936,600.0
2026-08-03 13:00:00,23.399379125286373,579.555495773441
2026-08-03 14:00:00,24.175836260593936,519.6152422706632
2026-08-03 15:00:00,24.9522933959015,424.26406871192853
2026-08-03 16:00:00,25.675836260593936,299.99999999999994
2026-08-03 17:00:00,26.297156604153578,155.29142706151262
2026-08-03 18:00:00,26.773912471947252,7.347880794884119e-14
2026-08-03 19:00:00,27.07361373946114,0.0
2026-08-03 20:00:00,27.175836260593936,0.0
2026-08-03 21:00:00,27.07361373946114,0.0
2026-08-03 22:00:00,26.773912471947252,0.0
2026-08-03 23:00:00,26.297156604153578,0.0
2026-08-04 00:00:00,25.60604630094216,0.0
2026-08-04 01:00:00,24.882503436249724,0.0
2026-08-04 02:00:00,24.10604630094216,0.0
2026-08-04 03:00:00,23.329589165634598,0.0
2026-08-04 04:00:00,22.60604630094216,0.0
2026-08-04 05:00:00,21.98472595738252,0.0
2026-08-04 06:00:00,21.507970089588845,0.0
2026-08-04 07:00:00,21.208268822074956,155.29142706151245
2026-08-04 08:00:00,21.10604630094216,299.99999999999994
2026-08-04 09:00:00,21.208268822074956,424.2640687119285
2026-08-04 10:00:00,21.507970089588845,519.6152422706632
2026-08-04 11:00:00,21.98472595738252,579.555495773441
2026-08-04 12:00:00,22.60604630094216,600.0
2026-08-04 13:00:00,23.329589165634598,579.555495773441
2026-08-04 14:00:00,24.10604630094216,519.6152422706632
2026-08-04 15:00:00,24.882503436249724,424.26406871192853
2026-08-04 16:00:00,25.60604630094216,299.99999999999994
2026-08-04 17:00:00,26.227366644501803,155.29142706151262
2026-08-04 18:00:00,26.704122512295477,7.347880794884119e-14
2026-08-04 19:00:00,27.003823779809366,0.0
2026-08-04 20:00:00,27.10604630094216,0.0
2026-08-04 21:00:00,27.003823779809366,0.0
2026-08-04 22:00:00,26.704122512295477,0.0
2026-08-04 23:00:00,26.227366644501803,0.0
2026-08-05 00:00:00,25.533558023246847,0.0
2026-08-05 01:00:00,24.81001515855441,0.0
2026-08-05 02:00:00,24.033558023246847,0.0
2026-08-05 03:00:00,23.257100887939284,0.0
2026-08-05 04:00:00,22.533558023246847,0.0
2026-08-05 05:00:00,21.912237679687205,0.0
2026-08-05 06:00:00,21.43548181189353,0.0
2026-08-05 07:00:00,21.135780544379642,155.29142706151245
2026-08-05 08:00:00,21.033558023246847,299.99999999999994
2026-08-05 09:00:00,21.135780544379642,424.2640687119285
2026-08-05 10:00:00,21.43548181189353,519.6152422706632
2026-08-05 11:00:00,21.912237679687205,579.555495773441
2026-08-05 12:00:00,22.533558023246847,600.0
2026-08-05 13:00:00,23.257100887939284,579.555495773441
2026-08-05 14:00:00,24.033558023246847,519.6152422706632
2026-08-05 15:00:00,24.81001515855441,424.26406871192853
2026-08-05 16:00:00,25.533558023246847,299.99999999999994
2026-08-05 17:00:00,26.15487836680649,155.29142706151262
2026-08-05 18:00:00,26.631634234600163,7.347880794884119e-14
2026-08-05 19:00:00,26.931335502114052,0.0
2026-08-05 20:00:00,27.033558023246847,0.0
2026-08-05 21:00:00,26.931335502114052,0.0
2026-08-05 22:00:00,26.631634234600163,0.0
2026-08-05 23:00:00,26.15487836680649,0.0
2026-08-06 00:00:00,25.45839290734909,0.0
2026-08-06 01:00:00,24.734850042656653,0.0
2026-08-06 02:00:00,23.95839290734909,0.0
2026-08-06 03:00:00,23.181935772041527,0.0
2026-08-06 04:00:00,22.45839290734909,0.0
2026-08-06 05:00:00,21.837072563789448,0.0
2026-08-06 06:00:00,21.360316695995774,0.0
2026-08-06 07:00:00,21.060615428481885,155.29142706151245
2026-08-06 08:00:00,20.95839290734909,299.99999999999994
2026-08-06 09:00:00,21.060615428481885,424.2640687119285
2026-08-06 10:00:00,21.360316695995774,519.6152422706632
2026-08-06 11:00:00,21.837072563789448,579.555495773441
2026-08-06 12:00:00,22.45839290734909,600.0
2026-08-06 13:00:00,23.181935772041527,579.555495773441
2026-08-06 14:00:00,23.95839290734909,519.6152422706632
2026-08-06 15:00:00,24.734850042656653,424.26406871192853
2026-08-06 16:00:00,25.45839290734909,299.99999999999994
2026-08-06 17:00:00,26.079713250908732,155.29142706151262
2026-08-06 18:00:00,26.556469118702406,7.347880794884119e-14
2026-08-06 19:00:00,26.856170386216295,0.0
2026-08-06 20:00:00,26.95839290734909,0.0
2026-08-06 21:00:00,26.856170386216295,0.0
2026-08-06 22:00:00,26.556469118702406,0.0
2026-08-06 23:00:00,26.079713250908732,0.0
2026-08-07 00:00:00,25.38057322629493,0.0
2026-08-07 01:00:00,24.657030361602494,0.0
2026-08-07 02:00:00,23.88057322629493,0.0
2026-08-07 03:00:00,23.104116090987368,0.0
2026-08-07 04:00:00,22.38057322629493,0.0
2026-08-07 05:00:00,21.75925288273529,0.0
2026-08-07 06:00:00,21.282497014941615,0.0
2026-08-07 07:00:00,20.982795747427726,155.29142706151245
2026-08-07 08:00:00,20.88057322629493,299.99999999999994
2026-08-07 09:00:00,20.982795747427726,424.2640687119285
2026-08-07 10:00:00,21.282497014941615,519.6152422706632
2026-08-07 11:00:00,21.75925288273529,579.555495773441
2026-08-07 12:00:00,22.38057322629493,600.0
2026-08-07 13:00:00,23.104116090987368,579.555495773441
2026-08-07 14:00:00,23.88057322629493,519.6152422706632
2026-08-07 15:00:00,24.657030361602494,424.26406871192853
2026-08-07 16:00:00,25.38057322629493,299.99999999999994
2026-08-07 17:00:00,26.001893569854573,155.29142706151262
2026-08-07 18:00:00,26.478649437648247,7.347880794884119e-14
2026-08-07 19:00:00,26.778350705162136,0.0
2026-08-07 20:00:00,26.88057322629493,0.0
2026-08-07 21:00:00,26.778350705162136,0.0
2026-08-07 22:00:00,26.478649437648247,0.0
2026-08-07 23:00:00,26.001893569854573,0.0
2026-08-08 00:00:00,25.300122039735356,0.0
2026-08-08 01:00:00,24.57657917504292,0.0
2026-08-08 02:00:00,23.800122039735356,0.0
2026-08-08 03:00:00,23.023664904427793,0.0
2026-08-08 04:00:00,22.300122039735356,0.0
2026-08-08 05:00:00,21.678801696175714,0.0
2026-08-08 06:00:00,21.20204582838204,0.0
2026-08-08 07:00:00,20.90234456086815,155.29142706151245
2026-08-08 08:00:00,20.800122039735356,299.99999999999994
2026-08-08 09:00:00,20.90234456086815,424.2640687119285
2026-08-08 10:00:00,21.20204582838204,519.6152422706632
2026-08-08 11:00:00,21.678801696175714,579.555495773441
2026-08-08 12:00:00,22.300122039735356,600.0
2026-08-08 13:00:00,23.023664904427793,579.555495773441
2026-08-08 14:00:00,23.800122039735356,519.6152422706632
2026-08-08 15:00:00,24.57657917504292,424.26406871192853
2026-08-08 16:00:00,25.300122039735356,299.99999999999994
2026-08-08 17:00:00,25.921442383295,155.29142706151262
2026-08-08 18:00:00,26.398198251088672,7.347880794884119e-14
2026-08-08 19:00:00,26.69789951860256,0.0
2026-08-08 20:00:00,26.800122039735356,0.0
2026-08-08 21:00:00,26.69789951860256,0.0
2026-08-08 22:00:00,26.398198251088672,0.0
2026-08-08 23:00:00,25.921442383295,0.0
2026-08-09 00:00:00,25.217063187093217,0.0
2026-08-09 01:00:00,24.49352032240078,0.0
2026-08-09 02:00:00,23.717063187093217,0.0
2026-08-09 03:00:00,22.940606051785654,0.0
2026-08-09 04:00:00,22.217063187093217,0.0
2026-08-09 05:00:00,21.595742843533575,0.0
2026-08-09 06:00:00,21.1189869757399,0.0
2026-08-09 07:00:00,20.819285708226012,155.29142706151245
2026-08-09 08:00:00,20.717063187093217,299.99999999999994
2026-08-09 09:00:00,20.819285708226012,424.2640687119285
2026-08-09 10:00:00,21.1189869757399,519.6152422706632
2026-08-09 11:00:00,21.595742843533575,579.555495773441
2026-08-09 12:00:00,22.217063187093217,600.0
2026-08-09 13:00:00,22.940606051785654,579.555495773441
2026-08-09 14:00:00,23.717063187093217,519.6152422706632
2026-08-09 15:00:00,24.49352032240078,424.26406871192853
2026-08-09 16:00:00,25.217063187093217,299.99999999999994
2026-08-09 17:00:00,25.83838353065286,155.29142706151262
2026-08-09 18:00:00,26.315139398446533,7.347880794884119e-14
2026-08-09 19:00:00,26.614840665960422,0.0
2026-08-09 20:00:00,26.717063187093217,0.0
2026-08-09 21:00:00,26.614840665960422,0.0
2026-08-09 22:00:00,26.315139398446533,0.0
2026-08-09 23:00:00,25.83838353065286,0.0
2026-08-10 00:00:00,25.131421280499115,0.0
2026-08-10 01:00:00,24.407878415806678,0.0
2026-08-10 02:00:00,23.631421280499115,0.0
2026-08-10 03:00:00,22.854964145191552,0.0
2026-08-10 04:00:00,22.131421280499115,0.0
2026-08-10 05:00:00,21.510100936939473,0.0
2026-08-10 06:00:00,21.0333450691458,0.0
2026-08-10 07:00:00,20.73364380163191,155.29142706151245
2026-08-10 08:00:00,20.631421280499115,299.99999999999994
2026-08-10 09:00:00,20.73364380163191,424.2640687119285
2026-08-10 10:00:00,21.0333450691458,519.6152422706632
2026-08-10 11:00:00,21.510100936939473,579.555495773441
2026-08-10 12:00:00,22.131421280499115,600.0
2026-08-10 13:00:00,22.854964145191552,579.555495773441
2026-08-10 14:00:00,23.631421280499115,519.6152422706632
2026-08-10 15:00:00,24.407878415806678,424.26406871192853
2026-08-10 16:00:00,25.131421280499115,299.99999999999994
2026-08-10 17:00:00,25.752741624058757,155.29142706151262
2026-08-10 18:00:00,26.22949749185243,7.347880794884119e-14
2026-08-10 19:00:00,26.52919875936632,0.0
2026-08-10 20:00:00,26.631421280499115,0.0
2026-08-10 21:00:00,26.52919875936632,0.0
2026-08-10 22:00:00,26.22949749185243,0.0
2026-08-10 23:00:00,25.752741624058757,0.0
2026-08-11 00:00:00,25.043221697498268,0.0
2026-08-11 01:00:00,24.31967883280583,0.0
2026-08-11 02:00:00,23.543221697498268,0.0
2026-08-11 03:00:00,22.766764562190705,0.0
2026-08-11 04:00:00,22.043221697498268,0.0
2026-08-11 05:00:00,21.421901353938626,0.0
2026-08-11 06:00:00,20.945145486144952,0.0
2026-08-11 07:00:00,20.645444218631063,155.29142706151245
2026-08-11 08:00:00,20.543221697498268,299.99999999999994
2026-08-11 09:00:00,20.645444218631063,424.2640687119285
2026-08-11 10:00:00,20.945145486144952,519.6152422706632
2026-08-11 11:00:00,21.421901353938626,579.555495773441
2026-08-11 12:00:00,22.043221697498268,600.0
2026-08-11 13:00:00,22.766764562190705,579.555495773441
2026-08-11 14:00:00,23.543221697498268,519.6152422706632
2026-08-11 15:00:00,24.31967883280583,424.26406871192853
2026-08-11 16:00:00,25.043221697498268,299.99999999999994
2026-08-11 17:00:00,25.66454204105791,155.29142706151262
2026-08-11 18:00:00,26.141297908851584,7.347880794884119e-14
2026-08-11 19:00:00,26.440999176365473,0.0
2026-08-11 20:00:00,26.543221697498268,0.0
2026-08-11 21:00:00,26.440999176365473,0.0
2026-08-11 22:00:00,26.141297908851584,0.0
2026-08-11 23:00:00,25.66454204105791,0.0
2026-08-12 00:00:00,24.952490573530632,0.0
2026-08-12 01:00:00,24.228947708838195,0.0
2026-08-12 02:00:00,23.452490573530632,0.0
2026-08-12 03:00:00,22.67603343822307,0.0
2026-08-12 04:00:00,21.952490573530632,0.0
2026-08-12 05:00:00,21.33117022997099,0.0
2026-08-12 06:00:00,20.854414362177316,0.0
2026-08-12 07:00:00,20.554713094663427,155.29142706151245
2026-08-12 08:00:00,20.452490573530632,299.99999999999994
2026-08-12 09:00:00,20.554713094663427,424.2640687119285
2026-08-12 10:00:00,20.854414362177316,519.6152422706632
2026-08-12 11:00:00,21.33117022997099,579.555495773441
2026-08-12 12:00:00,21.952490573530632,600.0
2026-08-12 13:00:00,22.67603343822307,579.555495773441
2026-08-12 14:00:00,23.452490573530632,519.6152422706632
2026-08-12 15:00:00,24.228947708838195,424.26406871192853
2026-08-12 16:00:00,24.952490573530632,299.99999999999994
2026-08-12 17:00:00,25.573810917090274,155.29142706151262
2026-08-12 18:00:00,26.050566784883948,7.347880794884119e-14
2026-08-12 19:00:00,26.350268052397837,0.0
2026-08-12 20:00:00,26.452490573530632,0.0
2026-08-12 21:00:00,26.350268052397837,0.0
2026-08-12 22:00:00,26.050566784883948,0.0
2026-08-12 23:00:00,25.573810917090274,0.0
2026-08-13 00:00:00,24.85925479418637,0.0
2026-08-13 01:00:00,24.135711929493933,0.0
2026-08-13 02:00:00,23.35925479418637,0.0
2026-08-13 03:00:00,22.582797658878807,0.0
2026-08-13 04:00:00,21.85925479418637,0.0
2026-08-13 05:00:00,21.237934450626728,0.0
2026-08-13 06:00:00,20.761178582833054,0.0
2026-08-13 07:00:00,20.461477315319165,155.29142706151245
2026-08-13 08:00:00,20.35925479418637,299.99999999999994
2026-08-13 09:00:00,20.461477315319165,424.2640687119285
2026-08-13 10:00:00,20.761178582833054,519.6152422706632
2026-08-13 11:00:00,21.237934450626728,579.555495773441
2026-08-13 12:00:00,21.85925479418637,600.0
2026-08-13 13:00:00,22.582797658878807,579.555495773441
2026-08-13 14:00:00,23.35925479418637,519.6152422706632
2026-08-13 15:00:00,24.135711929493933,424.26406871192853
2026-08-13 16:00:00,24.85925479418637,299.99999999999994
2026-08-13 17:00:00,25.480575137746012,155.29142706151262
2026-08-13 18:00:00,25.957331005539686,7.347880794884119e-14
2026-08-13 19:00:00,26.257032273053575,0.0
2026-08-13 20:00:00,26.35925479418637,0.0
2026-08-13 21:00:00,26.257032273053575,0.0
2026-08-13 22:00:00,25.957331005539686,0.0
2026-08-13 23:00:00,25.480575137746012,0.0
2026-08-14 00:00:00,24.763541987239094,0.0
2026-08-14 01:00:00,24.039999122546657,0.0
2026-08-14 02:00:00,23.263541987239094,0.0
2026-08-14 03:00:00,22.48708485193153,0.0
2026-08-14 04:00:00,21.763541987239094,0.0
2026-08-14 05:00:00,21.142221643679452,0.0
2026-08-14 06:00:00,20.665465775885778,0.0
2026-08-14 07:00:00,20.36576450837189,155.29142706151245
2026-08-14 08:00:00,20.263541987239094,299.99999999999994
2026-08-14 09:00:00,20.36576450837189,424.2640687119285
2026-08-14 10:00:00,20.665465775885778,519.6152422706632
2026-08-14 11:00:00,21.142221643679452,579.555495773441
2026-08-14 12:00:00,21.763541987239094,600.0
2026-08-14 13:00:00,22.48708485193153,579.555495773441
2026-08-14 14:00:00,23.263541987239094,519.6152422706632
2026-08-14 15:00:00,24.039999122546657,424.26406871192853
2026-08-14 16:00:00,24.763541987239094,299.99999999999994
2026-08-14 17:00:00,25.384862330798736,155.29142706151262
2026-08-14 18:00:00,25.86161819859241,7.347880794884119e-14
2026-08-14 19:00:00,26.1613194661063,0.0
2026-08-14 20:00:00,26.263541987239094,0.0
2026-08-14 21:00:00,26.1613194661063,0.0
2026-08-14 22:00:00,25.86161819859241,0.0
2026-08-14 23:00:00,25.384862330798736,0.0
2026-08-15 00:00:00,24.66538051445916,0.0
2026-08-15 01:00:00,23.941837649766722,0.0
2026-08-15 02:00:00,23.16538051445916,0.0
2026-08-15 03:00:00,22.388923379151596,0.0
2026-08-15 04:00:00,21.66538051445916,0.0
2026-08-15 05:00:00,21.044060170899517,0.0
2026-08-15 06:00:00,20.567304303105843,0.0
2026-08-15 07:00:00,20.267603035591954,155.29142706151245
2026-08-15 08:00:00,20.16538051445916,299.99999999999994
2026-08-15 09:00:00,20.267603035591954,424.2640687119285
2026-08-15 10:00:00,20.567304303105843,519.6152422706632
2026-08-15 11:00:00,21.044060170899517,579.555495773441
2026-08-15 12:00:00,21.66538051445916,600.0
2026-08-15 13:00:00,22.388923379151596,579.555495773441
2026-08-15 14:00:00,23.16538051445916,519.6152422706632
2026-08-15 15:00:00,23.941837649766722,424.26406871192853
2026-08-15 16:00:00,24.66538051445916,299.99999999999994
2026-08-15 17:00:00,25.2867008580188,155.29142706151262
2026-08-15 18:00:00,25.763456725812475,7.347880794884119e-14
2026-08-15 19:00:00,26.063157993326364,0.0
2026-08-15 20:00:00,26.16538051445916,0.0
2026-08-15 21:00:00,26.063157993326364,0.0
2026-08-15 22:00:00,25.763456725812475,0.0
2026-08-15 23:00:00,25.2867008580188,0.0
2026-08-16 00:00:00,24.564799463209447,0.0
2026-08-16 01:00:00,23.84125659851701,0.0
2026-08-16 02:00:00,23.064799463209447,0.0
2026-08-16 03:00:00,22.288342327901884,0.0
2026-08-16 04:00:00,21.564799463209447,0.0
2026-08-16 05:00:00,20.943479119649805,0.0
2026-08-16 06:00:00,20.46672325185613,0.0
2026-08-16 07:00:00,20.16702198434224,155.29142706151245
2026-08-16 08:00:00,20.064799463209447,299.99999999999994
2026-08-16 09:00:00,20.16702198434224,424.2640687119285
2026-08-16 10:00:00,20.46672325185613,519.6152422706632
2026-08-16 11:00:00,20.943479119649805,579.555495773441
2026-08-16 12:00:00,21.564799463209447,600.0
2026-08-16 13:00:00,22.288342327901884,579.555495773441
2026-08-16 14:00:00,23.064799463209447,519.6152422706632
2026-08-16 15:00:00,23.84125659851701,424.26406871192853
2026-08-16 16:00:00,24.564799463209447,299.99999999999994
2026-08-16 17:00:00,25.18611980676909,155.29142706151262
2026-08-16 18:00:00,25.662875674562763,7.347880794884119e-14
2026-08-16 19:00:00,25.96257694207665,0.0
2026-08-16 20:00:00,26.064799463209447,0.0
2026-08-16 21:00:00,25.96257694207665,0.0
2026-08-16 22:00:00,25.662875674562763,0.0
2026-08-16 23:00:00,25.18611980676909,0.0
2026-08-17 00:00:00,24.46182863782616,0.0
2026-08-17 01:00:00,23.738285773133722,0.0
2026-08-17 02:00:00,22.96182863782616,0.0
2026-08-17 03:00:00,22.185371502518596,0.0
2026-08-17 04:00:00,21.46182863782616,0.0
2026-08-17 05:00:00,20.840508294266517,0.0
2026-08-17 06:00:00,20.363752426472843,0.0
2026-08-17 07:00:00,20.064051158958954,155.29142706151245
2026-08-17 08:00:00,19.96182863782616,299.99999999999994
2026-08-17 09:00:00,20.064051158958954,424.2640687119285
2026-08-17 10:00:00,20.363752426472843,519.6152422706632
2026-08-17 11:00:00,20.840508294266517,579.555495773441
2026-08-17 12:00:00,21.46182863782616,600.0
2026-08-17 13:00:00,22.185371502518596,579.555495773441
2026-08-17 14:00:00,22.96182863782616,519.6152422706632
2026-08-17 15:00:00,23.738285773133722,424.26406871192853
2026-08-17 16:00:00,24.46182863782616,299.99999999999994
2026-08-17 17:00:00,25.0831489813858,155.29142706151262
2026-08-17 18:00:00,25.559904849179475,7.347880794884119e-14
2026-08-17 19:00:00,25.859606116693364,0.0
2026-08-17 20:00:00,25.96182863782616,0.0
2026-08-17 21:00:00,25.859606116693364,0.0
2026-08-17 22:00:00,25.559904849179475,0.0
2026-08-17 23:00:00,25.0831489813858,0.0
2026-08-18 00:00:00,24.356498550787148,0.0
2026-08-18 01:00:00,23.63295568609471,0.0
2026-08-18 02:00:00,22.856498550787148,0.0
2026-08-18 03:00:00,22.080041415479585,0.0
2026-08-18 04:00:00,21.356498550787148,0.0
2026-08-18 05:00:00,20.735178207227506,0.0
2026-08-18 06:00:00,20.25842233943383,0.0
2026-08-18 07:00:00,19.958721071919943,155.29142706151245
2026-08-18 08:00:00,19.856498550787148,299.99999999999994
2026-08-18 09:00:00,19.958721071919943,424.2640687119285
2026-08-18 10:00:00,20.25842233943383,519.6152422706632
2026-08-18 11:00:00,20.735178207227506,579.555495773441
2026-08-18 12:00:00,21.356498550787148,600.0
2026-08-18 13:00:00,22.080041415479585,579.555495773441
2026-08-18 14:00:00,22.856498550787148,519.6152422706632
2026-08-18 15:00:00,23.63295568609471,424.26406871192853
2026-08-18 16:00:00,24.356498550787148,299.99999999999994
2026-08-18 17:00:00,24.97781889434679,155.29142706151262
2026-08-18 18:00:00,25.454574762140464,7.347880794884119e-14
2026-08-18 19:00:00,25.754276029654353,0.0
2026-08-18 20:00:00,25.856498550787148,0.0
2026-08-18 21:00:00,25.754276029654353,0.0
2026-08-18 22:00:00,25.454574762140464,0.0
2026-08-18 23:00:00,24.97781889434679,0.0
2026-08-19 00:00:00,24.248840413670408,0.0
2026-08-19 01:00:00,23.52529754897797,0.0
2026-08-19 02:00:00,22.748840413670408,0.0
2026-08-19 03:00:00,21.972383278362845,0.0
2026-08-19 04:00:00,21.248840413670408,0.0
2026-08-19 05:00:00,20.627520070110766,0.0
2026-08-19 06:00:00,20.15076420231709,0.0
2026-08-19 07:00:00,19.851062934803203,155.29142706151245
2026-08-19 08:00:00,19.748840413670408,299.99999999999994
2026-08-19 09:00:00,19.851062934803203,424.2640687119285
2026-08-19 10:00:00,20.15076420231709,519.6152422706632
2026-08-19 11:00:00,20.627520070110766,579.555495773441
2026-08-19 12:00:00,21.248840413670408,600.0
2026-08-19 13:00:00,21.972383278362845,579.555495773441
2026-08-19 14:00:00,22.748840413670408,519.6152422706632
2026-08-19 15:00:00,23.52529754897797,424.26406871192853
2026-08-19 16:00:00,24.248840413670408,299.99999999999994
2026-08-19 17:00:00,24.87016075723005,155.29142706151262
2026-08-19 18:00:00,25.346916625023724,7.347880794884119e-14
2026-08-19 19:00:00,25.646617892537613,0.0
2026-08-19 20:00:00,25.748840413670408,0.0
2026-08-19 21:00:00,25.646617892537613,0.0
2026-08-19 22:00:00,25.346916625023724,0.0
2026-08-19 23:00:00,24.87016075723005,0.0
2026-08-20 00:00:00,24.13888612790543,0.0
2026-08-20 01:00:00,23.415343263212993,0.0
2026-08-20 02:00:00,22.63888612790543,0.0
2026-08-20 03:00:00,21.862428992597867,0.0
2026-08-20 04:00:00,21.13888612790543,0.0
2026-08-20 05:00:00,20.517565784345788,0.0
2026-08-20 06:00:00,20.040809916552114,0.0
2026-08-20 07:00:00,19.741108649038225,155.29142706151245
2026-08-20 08:00:00,19.63888612790543,299.99999999999994
2026-08-20 09:00:00,19.741108649038225,424.2640687119285
2026-08-20 10:00:00,20.040809916552114,519.6152422706632
2026-08-20 11:00:00,20.517565784345788,579.555495773441
2026-08-20 12:00:00,21.13888612790543,600.0
2026-08-20 13:00:00,21.862428992597867,579.555495773441
2026-08-20 14:00:00,22.63888612790543,519.6152422706632
2026-08-20 15:00:00,23.415343263212993,424.26406871192853
2026-08-20 16:00:00,24.13888612790543,299.99999999999994
2026-08-20 17:00:00,24.76020647146507,155.29142706151262
2026-08-20 18:00:00,25.236962339258746,7.347880794884119e-14
2026-08-20 19:00:00,25.536663606772635,0.0
2026-08-20 20:00:00,25.63888612790543,0.0
2026-08-20 21:00:00,25.536663606772635,0.0
2026-08-20 22:00:00,25.236962339258746,0.0
2026-08-20 23:00:00,24.76020647146507,0.0
2026-08-21 00:00:00,24.026668275320084,0.0
2026-08-21 01:00:00,23.303125410627647,0.0
2026-08-21 02:00:00,22.526668275320084,0.0
2026-08-21 03:00:00,21.75021114001252,0.0
2026-08-21 04:00:00,21.026668275320084,0.0
2026-08-21 05:00:00,20.405347931760442,0.0
2026-08-21 06:00:00,19.928592063966768,0.0
2026-08-21 07:00:00,19.62889079645288,155.29142706151245
2026-08-21 08:00:00,19.526668275320084,299.99999999999994
2026-08-21 09:00:00,19.62889079645288,424.2640687119285
2026-08-21 10:00:00,19.928592063966768,519.6152422706632
2026-08-21 11:00:00,20.405347931760442,579.555495773441
2026-08-21 12:00:00,21.026668275320084,600.0
2026-08-21 13:00:00,21.75021114001252,579.555495773441
2026-08-21 14:00:00,22.526668275320084,519.6152422706632
2026-08-21 15:00:00,23.303125410627647,424.26406871192853
2026-08-21 16:00:00,24.026668275320084,299.99999999999994
2026-08-21 17:00:00,24.647988618879726,155.29142706151262
2026-08-21 18:00:00,25.1247444866734,7.347880794884119e-14
2026-08-21 19:00:00,25.42444575418729,0.0
2026-08-21 20:00:00,25.526668275320084,0.0
2026-08-21 21:00:00,25.42444575418729,0.0
2026-08-21 22:00:00,25.1247444866734,0.0
2026-08-21 23:00:00,24.647988618879726,0.0
2026-08-22 00:00:00,23.91222010848596,0.0
2026-08-22 01:00:00,23.188677243793524,0.0
2026-08-22 02:00:00,22.41222010848596,0.0
2026-08-22 03:00:00,21.635762973178398,0.0
2026-08-22 04:00:00,20.91222010848596,0.0
2026-08-22 05:00:00,20.29089976492632,0.0
2026-08-22 06:00:00,19.814143897132645,0.0
2026-08-22 07:00:00,19.514442629618756,155.29142706151245
2026-08-22 08:00:00,19.41222010848596,299.99999999999994
2026-08-22 09:00:00,19.514442629618756,424.2640687119285
2026-08-22 10:00:00,19.814143897132645,519.6152422706632
2026-08-22 11:00:00,20.29089976492632,579.555495773441
2026-08-22 12:00:00,20.91222010848596,600.0
2026-08-22 13:00:00,21.635762973178398,579.555495773441
2026-08-22 14:00:00,22.41222010848596,519.6152422706632
2026-08-22 15:00:00,23.188677243793524,424.26406871192853
2026-08-22 16:00:00,23.91222010848596,299.99999999999994
2026-08-22 17:00:00,24.533540452045603,155.29142706151262
2026-08-22 18:00:00,25.010296319839277,7.347880794884119e-14
2026-08-22 19:00:00,25.309997587353166,0.0
2026-08-22 20:00:00,25.41222010848596,0.0
2026-08-22 21:00:00,25.309997587353166,0.0
2026-08-22 22:00:00,25.010296319839277,0.0
2026-08-22 23:00:00,24.533540452045603,0.0
2026-08-23 00:00:00,23.795575540864874,0.0
2026-08-23 01:00:00,23.072032676172437,0.0
2026-08-23 02:00:00,22.295575540864874,0.0
2026-08-23 03:00:00,21.51911840555731,0.0
2026-08-23 04:00:00,20.795575540864874,0.0
2026-08-23 05:00:00,20.174255197305232,0.0
2026-08-23 06:00:00,19.697499329511558,0.0
2026-08-23 07:00:00,19.39779806199767,155.29142706151245
2026-08-23 08:00:00,19.295575540864874,299.99999999999994
2026-08-23 09:00:00,19.39779806199767,424.2640687119285
2026-08-23 10:00:00,19.697499329511558,519.6152422706632
2026-08-23 11:00:00,20.174255197305232,579.555495773441
2026-08-23 12:00:00,20.795575540864874,600.0
2026-08-23 13:00:00,21.51911840555731,579.555495773441
2026-08-23 14:00:00,22.295575540864874,519.6152422706632
2026-08-23 15:00:00,23.072032676172437,424.26406871192853
2026-08-23 16:00:00,23.795575540864874,299.99999999999994
2026-08-23 17:00:00,24.416895884424516,155.29142706151262
2026-08-23 18:00:00,24.89365175221819,7.347880794884119e-14
2026-08-23 19:00:00,25.19335301973208,0.0
2026-08-23 20:00:00,25.295575540864874,0.0
2026-08-23 21:00:00,25.19335301973208,0.0
2026-08-23 22:00:00,24.89365175221819,0.0
2026-08-23 23:00:00,24.416895884424516,0.0
2026-08-24 00:00:00,23.67676913675962,0.0
2026-08-24 01:00:00,22.953226272067184,0.0
2026-08-24 02:00:00,22.17676913675962,0.0
2026-08-24 03:00:00,21.400312001452058,0.0
2026-08-24 04:00:00,20.67676913675962,0.0
2026-08-24 05:00:00,20.05544879319998,0.0
2026-08-24 06:00:00,19.578692925406305,0.0
2026-08-24 07:00:00,19.278991657892416,155.29142706151245
2026-08-24 08:00:00,19.17676913675962,299.99999999999994
2026-08-24 09:00:00,19.278991657892416,424.2640687119285
2026-08-24 10:00:00,19.578692925406305,519.6152422706632
2026-08-24 11:00:00,20.05544879319998,579.555495773441
2026-08-24 12:00:00,20.67676913675962,600.0
2026-08-24 13:00:00,21.400312001452058,579.555495773441
2026-08-24 14:00:00,22.17676913675962,519.6152422706632
2026-08-24 15:00:00,22.953226272067184,424.26406871192853
2026-08-24 16:00:00,23.67676913675962,299.99999999999994
2026-08-24 17:00:00,24.298089480319263,155.29142706151262
2026-08-24 18:00:00,24.774845348112937,7.347880794884119e-14
2026-08-24 19:00:00,25.074546615626826,0.0
2026-08-24 20:00:00,25.17676913675962,0.0
2026-08-24 21:00:00,25.074546615626826,0.0
2026-08-24 22:00:00,24.774845348112937,0.0
2026-08-24 23:00:00,24.298089480319263,0.0
2026-08-25 00:00:00,23.55583610107178,0.0
2026-08-25 01:00:00,22.832293236379343,0.0
2026-08-25 02:00:00,22.05583610107178,0.0
2026-08-25 03:00:00,21.279378965764217,0.0
2026-08-25 04:00:00,20.55583610107178,0.0
2026-08-25 05:00:00,19.934515757512138,0.0
2026-08-25 06:00:00,19.457759889718464,0.0
2026-08-25 07:00:00,19.158058622204575,155.29142706151245
2026-08-25 08:00:00,19.05583610107178,299.99999999999994
2026-08-25 09:00:00,19.158058622204575,424.2640687119285
2026-08-25 10:00:00,19.457759889718464,519.6152422706632
2026-08-25 11:00:00,19.934515757512138,579.555495773441
2026-08-25 12:00:00,20.55583610107178,600.0
2026-08-25 13:00:00,21.279378965764217,579.555495773441
2026-08-25 14:00:00,22.05583610107178,519.6152422706632
2026-08-25 15:00:00,22.832293236379343,424.26406871192853
2026-08-25 16:00:00,23.55583610107178,299.99999999999994
2026-08-25 17:00:00,24.17715644463142,155.29142706151262
2026-08-25 18:00:00,24.653912312425096,7.347880794884119e-14
2026-08-25 19:00:00,24.953613579938985,0.0
2026-08-25 20:00:00,25.05583610107178,0.0
2026-08-25 21:00:00,24.953613579938985,0.0
2026-08-25 22:00:00,24.653912312425096,0.0
2026-08-25 23:00:00,24.17715644463142,0.0
2026-08-26 00:00:00,23.432812268869775,0.0
2026-08-26 01:00:00,22.709269404177338,0.0
2026-08-26 02:00:00,21.932812268869775,0.0
2026-08-26 03:00:00,21.15635513356221,0.0
2026-08-26 04:00:00,20.432812268869775,0.0
2026-08-26 05:00:00,19.811491925310133,0.0
2026-08-26 06:00:00,19.33473605751646,0.0
2026-08-26 07:00:00,19.03503479000257,155.29142706151245
2026-08-26 08:00:00,18.932812268869775,299.99999999999994
2026-08-26 09:00:00,19.03503479000257,424.2640687119285
2026-08-26 10:00:00,19.33473605751646,519.6152422706632
2026-08-26 11:00:00,19.811491925310133,579.555495773441
2026-08-26 12:00:00,20.432812268869775,600.0
2026-08-26 13:00:00,21.15635513356221,579.555495773441
2026-08-26 14:00:00,21.932812268869775,519.6152422706632
2026-08-26 15:00:00,22.709269404177338,424.26406871192853
2026-08-26 16:00:00,23.432812268869775,299.99999999999994
2026-08-26 17:00:00,24.054132612429417,155.29142706151262
2026-08-26 18:00:00,24.53088848022309,7.347880794884119e-14
2026-08-26 19:00:00,24.83058974773698,0.0
2026-08-26 20:00:00,24.932812268869775,0.0
2026-08-26 21:00:00,24.83058974773698,0.0
2026-08-26 22:00:00,24.53088848022309,0.0
2026-08-26 23:00:00,24.054132612429417,0.0
2026-08-27 00:00:00,23.30773409477016,0.0
2026-08-27 01:00:00,22.584191230077725,0.0
2026-08-27 02:00:00,21.80773409477016,0.0
2026-08-27 03:00:00,21.0312769594626,0.0
2026-08-27 04:00:00,20.30773409477016,0.0
2026-08-27 05:00:00,19.68641375121052,0.0
2026-08-27 06:00:00,19.209657883416845,0.0
2026-08-27 07:00:00,18.909956615902956,155.29142706151245
2026-08-27 08:00:00,18.80773409477016,299.99999999999994
2026-08-27 09:00:00,18.909956615902956,424.2640687119285
2026-08-27 10:00:00,19.209657883416845,519.6152422706632
2026-08-27 11:00:00,19.68641375121052,579.555495773441
2026-08-27 12:00:00,20.30773409477016,600.0
2026-08-27 13:00:00,21.0312769594626,579.555495773441
2026-08-27 14:00:00,21.80773409477016,519.6152422706632
2026-08-27 15:00:00,22.584191230077725,424.26406871192853
2026-08-27 16:00:00,23.30773409477016,299.99999999999994
2026-08-27 17:00:00,23.929054438329803,155.29142706151262
2026-08-27 18:00:00,24.405810306123477,7.347880794884119e-14
2026-08-27 19:00:00,24.705511573637366,0.0
2026-08-27 20:00:00,24.80773409477016,0.0
2026-08-27 21:00:00,24.705511573637366,0.0
2026-08-27 22:00:00,24.405810306123477,0.0
2026-08-27 23:00:00,23.929054438329803,0.0
2026-08-28 00:00:00,23.180638642135335,0.0
2026-08-28 01:00:00,22.4570957774429,0.0
2026-08-28 02:00:00,21.680638642135335,0.0
2026-08-28 03:00:00,20.904181506827772,0.0
2026-08-28 04:00:00,20.180638642135335,0.0
2026-08-28 05:00:00,19.559318298575693,0.0
2026-08-28 06:00:00,19.08256243078202,0.0
2026-08-28 07:00:00,18.78286116326813,155.29142706151245
2026-08-28 08:00:00,18.680638642135335,299.99999999999994
2026-08-28 09:00:00,18.78286116326813,424.2640687119285
2026-08-28 10:00:00,19.08256243078202,519.6152422706632
2026-08-28 11:00:00,19.559318298575693,579.555495773441
2026-08-28 12:00:00,20.180638642135335,600.0
2026-08-28 13:00:00,20.904181506827772,579.555495773441
2026-08-28 14:00:00,21.680638642135335,519.6152422706632
2026-08-28 15:00:00,22.4570957774429,424.26406871192853
2026-08-28 16:00:00,23.180638642135335,299.99999999999994
2026-08-28 17:00:00,23.801958985694977,155.29142706151262
2026-08-28 18:00:00,24.27871485348865,7.347880794884119e-14
2026-08-28 19:00:00,24.57841612100254,0.0
2026-08-28 20:00:00,24.680638642135335,0.0
2026-08-28 21:00:00,24.57841612100254,0.0
2026-08-28 22:00:00,24.27871485348865,0.0
2026-08-28 23:00:00,23.801958985694977,0.0
2026-08-29 00:00:00,23.051563572090853,0.0
2026-08-29 01:00:00,22.328020707398416,0.0
2026-08-29 02:00:00,21.551563572090853,0.0
2026-08-29 03:00:00,20.77510643678329,0.0
2026-08-29 04:00:00,20.051563572090853,0.0
2026-08-29 05:00:00,19.43024322853121,0.0
2026-08-29 06:00:00,18.953487360737537,0.0
2026-08-29 07:00:00,18.653786093223648,155.29142706151245
2026-08-29 08:00:00,18.551563572090853,299.99999999999994
2026-08-29 09:00:00,18.653786093223648,424.2640687119285
2026-08-29 10:00:00,18.953487360737537,519.6152422706632
2026-08-29 11:00:00,19.43024322853121,579.555495773441
2026-08-29 12:00:00,20.051563572090853,600.0
2026-08-29 13:00:00,20.77510643678329,579.555495773441
2026-08-29 14:00:00,21.551563572090853,519.6152422706632
2026-08-29 15:00:00,22.328020707398416,424.26406871192853
2026-08-29 16:00:00,23.051563572090853,299.99999999999994
2026-08-29 17:00:00,23.672883915650495,155.29142706151262
2026-08-29 18:00:00,24.14963978344417,7.347880794884119e-14
2026-08-29 19:00:00,24.449341050958058,0.0
2026-08-29 20:00:00,24.551563572090853,0.0
2026-08-29 21:00:00,24.449341050958058,0.0
2026-08-29 22:00:00,24.14963978344417,0.0
2026-08-29 23:00:00,23.672883915650495,0.0
2026-08-30 00:00:00,22.920547132365638,0.0
2026-08-30 01:00:00,22.1970042676732,0.0
2026-08-30 02:00:00,21.420547132365638,0.0
2026-08-30 03:00:00,20.644089997058074,0.0
2026-08-30 04:00:00,19.920547132365638,0.0
2026-08-30 05:00:00,19.299226788805996,0.0
2026-08-30 06:00:00,18.82247092101232,0.0
2026-08-30 07:00:00,18.522769653498433,155.29142706151245
2026-08-30 08:00:00,18.420547132365638,299.99999999999994
2026-08-30 09:00:00,18.522769653498433,424.2640687119285
2026-08-30 10:00:00,18.82247092101232,519.6152422706632
2026-08-30 11:00:00,19.299226788805996,579.555495773441
2026-08-30 12:00:00,19.920547132365638,600.0
2026-08-30 13:00:00,20.644089997058074,579.555495773441
2026-08-30 14:00:00,21.420547132365638,519.6152422706632
2026-08-30 15:00:00,22.1970042676732,424.26406871192853
2026-08-30 16:00:00,22.920547132365638,299.99999999999994
2026-08-30 17:00:00,23.54186747592528,155.29142706151262
2026-08-30 18:00:00,24.018623343718954,7.347880794884119e-14
2026-08-30 19:00:00,24.318324611232843,0.0
2026-08-30 20:00:00,24.420547132365638,0.0
2026-08-30 21:00:00,24.318324611232843,0.0
2026-08-30 22:00:00,24.018623343718954,0.0
2026-08-30 23:00:00,23.54186747592528,0.0
2026-08-31 00:00:00,22.787628145958344,0.0
2026-08-31 01:00:00,22.064085281265907,0.0
2026-08-31 02:00:00,21.287628145958344,0.0
2026-08-31 03:00:00,20.51117101065078,0.0
2026-08-31 04:00:00,19.787628145958344,0.0
2026-08-31 05:00:00,19.166307802398702,0.0
2026-08-31 06:00:00,18.689551934605028,0.0
2026-08-31 07:00:00,18.38985066709114,155.29142706151245
2026-08-31 08:00:00,18.287628145958344,299.99999999999994
2026-08-31 09:00:00,18.38985066709114,424.2640687119285
2026-08-31 10:00:00,18.689551934605028,519.6152422706632
2026-08-31 11:00:00,19.166307802398702,579.555495773441
2026-08-31 12:00:00,19.787628145958344,600.0
2026-08-31 13:00:00,20.51117101065078,579.555495773441
2026-08-31 14:00:00,21.287628145958344,519.6152422706632
2026-08-31 15:00:00,22.064085281265907,424.26406871192853
2026-08-31 16:00:00,22.787628145958344,299.99999999999994
2026-08-31 17:00:00,23.408948489517986,155.29142706151262
2026-08-31 18:00:00,23.88570435731166,7.347880794884119e-14
2026-08-31 19:00:00,24.18540562482555,0.0
2026-08-31 20:00:00,24.287628145958344,0.0
2026-08-31 21:00:00,24.18540562482555,0.0
2026-08-31 22:00:00,23.88570435731166,0.0
2026-08-31 23:00:00,23.408948489517986,0.0
2026-09-01 00:00:00,22.65284599963328,0.0
2026-09-01 01:00:00,21.92930313494084,0.0
2026-09-01 02:00:00,21.15284599963328,0.0
2026-09-01 03:00:00,20.376388864325715,0.0
2026-09-01 04:00:00,19.65284599963328,0.0
2026-09-01 05:00:00,19.031525656073637,0.0
2026-09-01 06:00:00,18.554769788279962,0.0
2026-09-01 07:00:00,18.255068520766073,155.29142706151245
2026-09-01 08:00:00,18.15284599963328,299.99999999999994
2026-09-01 09:00:00,18.255068520766073,424.2640687119285
2026-09-01 10:00:00,18.554769788279962,519.6152422706632
2026-09-01 11:00:00,19.031525656073637,579.555495773441
2026-09-01 12:00:00,19.65284599963328,600.0
2026-09-01 13:00:00,20.376388864325715,579.555495773441
2026-09-01 14:00:00,21.15284599963328,519.6152422706632
2026-09-01 15:00:00,21.92930313494084,424.26406871192853
2026-09-01 16:00:00,22.65284599963328,299.99999999999994
2026-09-01 17:00:00,23.27416634319292,155.29142706151262
2026-09-01 18:00:00,23.750922210986595,7.347880794884119e-14
2026-09-01 19:00:00,24.050623478500484,0.0
2026-09-01 20:00:00,24.15284599963328,0.0
2026-09-01 21:00:00,24.050623478500484,0.0
2026-09-01 22:00:00,23.750922210986595,0.0
2026-09-01 23:00:00,23.27416634319292,0.0
2026-09-02 00:00:00,22.516240632249225,0.0
2026-09-02 01:00:00,21.79269776755679,0.0
2026-09-02 02:00:00,21.016240632249225,0.0
2026-09-02 03:00:00,20.239783496941662,0.0
2026-09-02 04:00:00,19.516240632249225,0.0
2026-09-02 05:00:00,18.894920288689583,0.0
2026-09-02 06:00:00,18.41816442089591,0.0
2026-09-02 07:00:00,18.11846315338202,155.29142706151245
2026-09-02 08:00:00,18.016240632249225,299.99999999999994
2026-09-02 09:00:00,18.11846315338202,424.2640687119285
2026-09-02 10:00:00,18.41816442089591,519.6152422706632
2026-09-02 11:00:00,18.894920288689583,579.555495773441
2026-09-02 12:00:00,19.516240632249225,600.0
2026-09-02 13:00:00,20.239783496941662,579.555495773441
2026-09-02 14:00:00,21.016240632249225,519.6152422706632
2026-09-02 15:00:00,21.79269776755679,424.26406871192853
2026-09-02 16:00:00,22.516240632249225,299.99999999999994
2026-09-02 17:00:00,23.137560975808867,155.29142706151262
2026-09-02 18:00:00,23.61431684360254,7.347880794884119e-14
2026-09-02 19:00:00,23.91401811111643,0.0
2026-09-02 20:00:00,24.016240632249225,0.0
2026-09-02 21:00:00,23.91401811111643,0.0
2026-09-02 22:00:00,23.61431684360254,0.0
2026-09-02 23:00:00,23.137560975808867,0.0
2026-09-03 00:00:00,22.377852522924734,0.0
2026-09-03 01:00:00,21.654309658232297,0.0
2026-09-03 02:00:00,20.877852522924734,0.0
2026-09-03 03:00:00,20.10139538761717,0.0
2026-09-03 04:00:00,19.377852522924734,0.0
2026-09-03 05:00:00,18.75653217936509,0.0
2026-09-03 06:00:00,18.279776311571418,0.0
2026-09-03 07:00:00,17.98007504405753,155.29142706151245
2026-09-03 08:00:00,17.877852522924734,299.99999999999994
2026-09-03 09:00:00,17.98007504405753,424.2640687119285
2026-09-03 10:00:00,18.279776311571418,519.6152422706632
2026-09-03 11:00:00,18.75653217936509,579.555495773441
2026-09-03 12:00:00,19.377852522924734,600.0
2026-09-03 13:00:00,20.10139538761717,579.555495773441
2026-09-03 14:00:00,20.877852522924734,519.6152422706632
2026-09-03 15:00:00,21.654309658232297,424.26406871192853
2026-09-03 16:00:00,22.377852522924734,299.99999999999994
2026-09-03 17:00:00,22.999172866484376,155.29142706151262
2026-09-03 18:00:00,23.47592873427805,7.347880794884119e-14
2026-09-03 19:00:00,23.77563000179194,0.0
2026-09-03 20:00:00,23.877852522924734,0.0
2026-09-03 21:00:00,23.77563000179194,0.0
2026-09-03 22:00:00,23.47592873427805,0.0
2026-09-03 23:00:00,22.999172866484376,0.0
2026-09-04 00:00:00,22.237722679043245,0.0
2026-09-04 01:00:00,21.514179814350808,0.0
2026-09-04 02:00:00,20.737722679043245,0.0
2026-09-04 03:00:00,19.96126554373568,0.0
2026-09-04 04:00:00,19.237722679043245,0.0
2026-09-04 05:00:00,18.616402335483603,0.0
2026-09-04 06:00:00,18.13964646768993,0.0
2026-09-04 07:00:00,17.83994520017604,155.29142706151245
2026-09-04 08:00:00,17.737722679043245,299.99999999999994
2026-09-04 09:00:00,17.83994520017604,424.2640687119285
2026-09-04 10:00:00,18.13964646768993,519.6152422706632
2026-09-04 11:00:00,18.616402335483603,579.555495773441
2026-09-04 12:00:00,19.237722679043245,600.0
2026-09-04 13:00:00,19.96126554373568,579.555495773441
2026-09-04 14:00:00,20.737722679043245,519.6152422706632
2026-09-04 15:00:00,21.514179814350808,424.26406871192853
2026-09-04 16:00:00,22.237722679043245,299.99999999999994
2026-09-04 17:00:00,22.859043022602886,155.29142706151262
2026-09-04 18:00:00,23.33579889039656,7.347880794884119e-14
2026-09-04 19:00:00,23.63550015791045,0.0
2026-09-04 20:00:00,23.737722679043245,0.0
2026-09-04 21:00:00,23.63550015791045,0.0
2026-09-04 22:00:00,23.33579889039656,0.0
2026-09-04 23:00:00,22.859043022602886,0.0
2026-09-05 00:00:00,22.095892624101765,0.0
2026-09-05 01:00:00,21.372349759409328,0.0
2026-09-05 02:00:00,20.595892624101765,0.0
2026-09-05 03:00:00,19.819435488794202,0.0
2026-09-05 04:00:00,19.095892624101765,0.0
2026-09-05 05:00:00,18.474572280542123,0.0
2026-09-05 06:00:00,17.99781641274845,0.0
2026-09-05 07:00:00,17.69811514523456,155.29142706151245
2026-09-05 08:00:00,17.595892624101765,299.99999999999994
2026-09-05 09:00:00,17.69811514523456,424.2640687119285
2026-09-05 10:00:00,17.99781641274845,519.6152422706632
2026-09-05 11:00:00,18.474572280542123,579.555495773441
2026-09-05 12:00:00,19.095892624101765,600.0
2026-09-05 13:00:00,19.819435488794202,579.555495773441
2026-09-05 14:00:00,20.595892624101765,519.6152422706632
2026-09-05 15:00:00,21.372349759409328,424.26406871192853
2026-09-05 16:00:00,22.095892624101765,299.99999999999994
2026-09-05 17:00:00,22.717212967661407,155.29142706151262
2026-09-05 18:00:00,23.19396883545508,7.347880794884119e-14
2026-09-05 19:00:00,23.49367010296897,0.0
2026-09-05 20:00:00,23.595892624101765,0.0
2026-09-05 21:00:00,23.49367010296897,0.0
2026-09-05 22:00:00,23.19396883545508,0.0
2026-09-05 23:00:00,22.717212967661407,0.0
2026-09-06 00:00:00,21.95240438540651,0.0
2026-09-06 01:00:00,21.228861520714073,0.0
2026-09-06 02:00:00,20.45240438540651,0.0
2026-09-06 03:00:00,19.675947250098947,0.0
2026-09-06 04:00:00,18.95240438540651,0.0
2026-09-06 05:00:00,18.331084041846868,0.0
2026-09-06 06:00:00,17.854328174053194,0.0
2026-09-06 07:00:00,17.554626906539305,155.29142706151245
2026-09-06 08:00:00,17.45240438540651,299.99999999999994
2026-09-06 09:00:00,17.554626906539305,424.2640687119285
2026-09-06 10:00:00,17.854328174053194,519.6152422706632
2026-09-06 11:00:00,18.331084041846868,579.555495773441
2026-09-06 12:00:00,18.95240438540651,600.0
2026-09-06 13:00:00,19.675947250098947,579.555495773441
2026-09-06 14:00:00,20.45240438540651,519.6152422706632
2026-09-06 15:00:00,21.228861520714073,424.26406871192853
2026-09-06 16:00:00,21.95240438540651,299.99999999999994
2026-09-06 17:00:00,22.573724728966152,155.29142706151262
2026-09-06 18:00:00,23.050480596759826,7.347880794884119e-14
2026-09-06 19:00:00,23.350181864273715,0.0
2026-09-06 20:00:00,23.45240438540651,0.0
2026-09-06 21:00:00,23.350181864273715,0.0
2026-09-06 22:00:00,23.050480596759826,0.0
2026-09-06 23:00:00,22.573724728966152,0.0
2026-09-07 00:00:00,21.807300481619333,0.0
2026-09-07 01:00:00,21.083757616926896,0.0
2026-09-07 02:00:00,20.307300481619333,0.0
2026-09-07 03:00:00,19.53084334631177,0.0
2026-09-07 04:00:00,18.807300481619333,0.0
2026-09-07 05:00:00,18.18598013805969,0.0
2026-09-07 06:00:00,17.709224270266017,0.0
2026-09-07 07:00:00,17.409523002752127,155.29142706151245
2026-09-07 08:00:00,17.307300481619333,299.99999999999994
2026-09-07 09:00:00,17.409523002752127,424.2640687119285
2026-09-07 10:00:00,17.709224270266017,519.6152422706632
2026-09-07 11:00:00,18.18598013805969,579.555495773441
2026-09-07 12:00:00,18.807300481619333,600.0
2026-09-07 13:00:00,19.53084334631177,579.555495773441
2026-09-07 14:00:00,20.307300481619333,519.6152422706632
2026-09-07 15:00:00,21.083757616926896,424.26406871192853
2026-09-07 16:00:00,21.807300481619333,299.99999999999994
2026-09-07 17:00:00,22.428620825178974,155.29142706151262
2026-09-07 18:00:00,22.90537669297265,7.347880794884119e-14
2026-09-07 19:00:00,23.205077960486538,0.0
2026-09-07 20:00:00,23.307300481619333,0.0
2026-09-07 21:00:00,23.205077960486538,0.0
2026-09-07 22:00:00,22.90537669297265,0.0
2026-09-07 23:00:00,22.428620825178974,0.0
2026-09-08 00:00:00,21.660623910158527,0.0
2026-09-08 01:00:00,20.93708104546609,0.0
2026-09-08 02:00:00,20.160623910158527,0.0
2026-09-08 03:00:00,19.384166774850964,0.0
2026-09-08 04:00:00,18.660623910158527,0.0
2026-09-08 05:00:00,18.039303566598885,0.0
2026-09-08 06:00:00,17.56254769880521,0.0
2026-09-08 07:00:00,17.262846431291322,155.29142706151245
2026-09-08 08:00:00,17.160623910158527,299.99999999999994
2026-09-08 09:00:00,17.262846431291322,424.2640687119285
2026-09-08 10:00:00,17.56254769880521,519.6152422706632
2026-09-08 11:00:00,18.039303566598885,579.555495773441
2026-09-08 12:00:00,18.660623910158527,600.0
2026-09-08 13:00:00,19.384166774850964,579.555495773441
2026-09-08 14:00:00,20.160623910158527,519.6152422706632
2026-09-08 15:00:00,20.93708104546609,424.26406871192853
2026-09-08 16:00:00,21.660623910158527,299.99999999999994
2026-09-08 17:00:00,22.28194425371817,155.29142706151262
2026-09-08 18:00:00,22.758700121511843,7.347880794884119e-14
2026-09-08 19:00:00,23.058401389025732,0.0
2026-09-08 20:00:00,23.160623910158527,0.0
2026-09-08 21:00:00,23.058401389025732,0.0
2026-09-08 22:00:00,22.758700121511843,0.0
2026-09-08 23:00:00,22.28194425371817,0.0
2026-09-09 00:00:00,21.512418134457757,0.0
2026-09-09 01:00:00,20.78887526976532,0.0
2026-09-09 02:00:00,20.012418134457757,0.0
2026-09-09 03:00:00,19.235960999150194,0.0
2026-09-09 04:00:00,18.512418134457757,0.0
2026-09-09 05:00:00,17.891097790898115,0.0
2026-09-09 06:00:00,17.41434192310444,0.0
2026-09-09 07:00:00,17.114640655590552,155.29142706151245
2026-09-09 08:00:00,17.012418134457757,299.99999999999994
2026-09-09 09:00:00,17.114640655590552,424.2640687119285
2026-09-09 10:00:00,17.41434192310444,519.6152422706632
2026-09-09 11:00:00,17.891097790898115,579.555495773441
2026-09-09 12:00:00,18.512418134457757,600.0
2026-09-09 13:00:00,19.235960999150194,579.555495773441
2026-09-09 14:00:00,20.012418134457757,519.6152422706632
2026-09-09 15:00:00,20.78887526976532,424.26406871192853
2026-09-09 16:00:00,21.512418134457757,299.99999999999994
2026-09-09 17:00:00,22.1337384780174,155.29142706151262
2026-09-09 18:00:00,22.610494345811073,7.347880794884119e-14
2026-09-09 19:00:00,22.910195613324962,0.0
2026-09-09 20:00:00,23.012418134457757,0.0
2026-09-09 21:00:00,22.910195613324962,0.0
2026-09-09 22:00:00,22.610494345811073,0.0
2026-09-09 23:00:00,22.1337384780174,0.0
2026-09-10 00:00:00,21.3627270710869,0.0
2026-09-10 01:00:00,20.639184206394464,0.0
2026-09-10 02:00:00,19.8627270710869,0.0
2026-09-10 03:00:00,19.086269935779338,0.0
2026-09-10 04:00:00,18.3627270710869,0.0
2026-09-10 05:00:00,17.74140672752726,0.0
2026-09-10 06:00:00,17.264650859733585,0.0
2026-09-10 07:00:00,16.964949592219696,155.29142706151245
2026-09-10 08:00:00,16.8627270710869,299.99999999999994
2026-09-10 09:00:00,16.964949592219696,424.2640687119285
2026-09-10 10:00:00,17.264650859733585,519.6152422706632
2026-09-10 11:00:00,17.74140672752726,579.555495773441
2026-09-10 12:00:00,18.3627270710869,600.0
2026-09-10 13:00:00,19.086269935779338,579.555495773441
2026-09-10 14:00:00,19.8627270710869,519.6152422706632
2026-09-10 15:00:00,20.639184206394464,424.26406871192853
2026-09-10 16:00:00,21.3627270710869,299.99999999999994
2026-09-10 17:00:00,21.984047414646543,155.29142706151262
2026-09-10 18:00:00,22.460803282440217,7.347880794884119e-14
2026-09-10 19:00:00,22.760504549954106,0.0
2026-09-10 20:00:00,22.8627270710869,0.0
2026-09-10 21:00:00,22.760504549954106,0.0
2026-09-10 22:00:00,22.460803282440217,0.0
2026-09-10 23:00:00,21.984047414646543,0.0
2026-09-11 00:00:00,21.21159507673864,0.0
2026-09-11 01:00:00,20.488052212046203,0.0
2026-09-11 02:00:00,19.71159507673864,0.0
2026-09-11 03:00:00,18.935137941431076,0.0
2026-09-11 04:00:00,18.21159507673864,0.0
2026-09-11 05:00:00,17.590274733178997,0.0
2026-09-11 06:00:00,17.113518865385323,0.0
2026-09-11 07:00:00,16.813817597871434,155.29142706151245
2026-09-11 08:00:00,16.71159507673864,299.99999999999994
2026-09-11 09:00:00,16.813817597871434,424.2640687119285
2026-09-11 10:00:00,17.113518865385323,519.6152422706632
2026-09-11 11:00:00,17.590274733178997,579.555495773441
2026-09-11 12:00:00,18.21159507673864,600.0
2026-09-11 13:00:00,18.935137941431076,579.555495773441
2026-09-11 14:00:00,19.71159507673864,519.6152422706632
2026-09-11 15:00:00,20.488052212046203,424.26406871192853
2026-09-11 16:00:00,21.21159507673864,299.99999999999994
2026-09-11 17:00:00,21.83291542029828,155.29142706151262
2026-09-11 18:00:00,22.309671288091955,7.347880794884119e-14
2026-09-11 19:00:00,22.609372555605844,0.0
2026-09-11 20:00:00,22.71159507673864,0.0
2026-09-11 21:00:00,22.609372555605844,0.0
2026-09-11 22:00:00,22.309671288091955,0.0
2026-09-11 23:00:00,21.83291542029828,0.0
2026-09-12 00:00:00,21.059066935084587,0.0
2026-09-12 01:00:00,20.33552407039215,0.0
2026-09-12 02:00:00,19.559066935084587,0.0
2026-09-12 03:00:00,18.782609799777024,0.0
2026-09-12 04:00:00,18.059066935084587,0.0
2026-09-12 05:00:00,17.437746591524945,0.0
2026-09-12 06:00:00,16.96099072373127,0.0
2026-09-12 07:00:00,16.661289456217382,155.29142706151245
2026-09-12 08:00:00,16.559066935084587,299.99999999999994
2026-09-12 09:00:00,16.661289456217382,424.2640687119285
2026-09-12 10:00:00,16.96099072373127,519.6152422706632
2026-09-12 11:00:00,17.437746591524945,579.555495773441
2026-09-12 12:00:00,18.059066935084587,600.0
2026-09-12 13:00:00,18.782609799777024,579.555495773441
2026-09-12 14:00:00,19.559066935084587,519.6152422706632
2026-09-12 15:00:00,20.33552407039215,424.26406871192853
2026-09-12 16:00:00,21.059066935084587,299.99999999999994
2026-09-12 17:00:00,21.68038727864423,155.29142706151262
2026-09-12 18:00:00,22.157143146437903,7.347880794884119e-14
2026-09-12 19:00:00,22.456844413951792,0.0
2026-09-12 20:00:00,22.559066935084587,0.0
2026-09-12 21:00:00,22.456844413951792,0.0
2026-09-12 22:00:00,22.157143146437903,0.0
2026-09-12 23:00:00,21.68038727864423,0.0
2026-09-13 00:00:00,20.90518784350495,0.0
2026-09-13 01:00:00,20.181644978812514,0.0
2026-09-13 02:00:00,19.40518784350495,0.0
2026-09-13 03:00:00,18.628730708197388,0.0
2026-09-13 04:00:00,17.90518784350495,0.0
2026-09-13 05:00:00,17.28386749994531,0.0
2026-09-13 06:00:00,16.807111632151635,0.0
2026-09-13 07:00:00,16.507410364637746,155.29142706151245
2026-09-13 08:00:00,16.40518784350495,299.99999999999994
2026-09-13 09:00:00,16.507410364637746,424.2640687119285
2026-09-13 10:00:00,16.807111632151635,519.6152422706632
2026-09-13 11:00:00,17.28386749994531,579.555495773441
2026-09-13 12:00:00,17.90518784350495,600.0
2026-09-13 13:00:00,18.628730708197388,579.555495773441
2026-09-13 14:00:00,19.40518784350495,519.6152422706632
2026-09-13 15:00:00,20.181644978812514,424.26406871192853
2026-09-13 16:00:00,20.90518784350495,299.99999999999994
2026-09-13 17:00:00,21.526508187064593,155.29142706151262
2026-09-13 18:00:00,22.003264054858267,7.347880794884119e-14
2026-09-13 19:00:00,22.302965322372156,0.0
2026-09-13 20:00:00,22.40518784350495,0.0
2026-09-13 21:00:00,22.302965322372156,0.0
2026-09-13 22:00:00,22.003264054858267,0.0
2026-09-13 23:00:00,21.526508187064593,0.0
2026-09-14 00:00:00,20.750003399695544,0.0
2026-09-14 01:00:00,20.026460535003107,0.0
2026-09-14 02:00:00,19.250003399695544,0.0
2026-09-14 03:00:00,18.47354626438798,0.0
2026-09-14 04:00:00,17.750003399695544,0.0
2026-09-14 05:00:00,17.128683056135902,0.0
2026-09-14 06:00:00,16.651927188342228,0.0
2026-09-14 07:00:00,16.35222592082834,155.29142706151245
2026-09-14 08:00:00,16.250003399695544,299.99999999999994
2026-09-14 09:00:00,16.35222592082834,424.2640687119285
2026-09-14 10:00:00,16.651927188342228,519.6152422706632
2026-09-14 11:00:00,17.128683056135902,579.555495773441
2026-09-14 12:00:00,17.750003399695544,600.0
2026-09-14 13:00:00,18.47354626438798,579.555495773441
2026-09-14 14:00:00,19.250003399695544,519.6152422706632
2026-09-14 15:00:00,20.026460535003107,424.26406871192853
2026-09-14 16:00:00,20.750003399695544,299.99999999999994
2026-09-14 17:00:00,21.371323743255186,155.29142706151262
2026-09-14 18:00:00,21.84807961104886,7.347880794884119e-14
2026-09-14 19:00:00,22.14778087856275,0.0
2026-09-14 20:00:00,22.250003399695544,0.0
2026-09-14 21:00:00,22.14778087856275,0.0
2026-09-14 22:00:00,21.84807961104886,0.0
2026-09-14 23:00:00,21.371323743255186,0.0
2026-09-15 00:00:00,20.593559588156214,0.0
2026-09-15 01:00:00,19.870016723463777,0.0
2026-09-15 02:00:00,19.093559588156214,0.0
2026-09-15 03:00:00,18.31710245284865,0.0
2026-09-15 04:00:00,17.593559588156214,0.0
2026-09-15 05:00:00,16.972239244596572,0.0
2026-09-15 06:00:00,16.4954833768029,0.0
2026-09-15 07:00:00,16.19578210928901,155.29142706151245
2026-09-15 08:00:00,16.093559588156214,299.99999999999994
2026-09-15 09:00:00,16.19578210928901,424.2640687119285
2026-09-15 10:00:00,16.4954833768029,519.6152422706632
2026-09-15 11:00:00,16.972239244596572,579.555495773441
2026-09-15 12:00:00,17.593559588156214,600.0
2026-09-15 13:00:00,18.31710245284865,579.555495773441
2026-09-15 14:00:00,19.093559588156214,519.6152422706632
2026-09-15 15:00:00,19.870016723463777,424.26406871192853
2026-09-15 16:00:00,20.593559588156214,299.99999999999994
2026-09-15 17:00:00,21.214879931715856,155.29142706151262
2026-09-15 18:00:00,21.69163579950953,7.347880794884119e-14
2026-09-15 19:00:00,21.99133706702342,0.0
2026-09-15 20:00:00,22.093559588156214,0.0
2026-09-15 21:00:00,21.99133706702342,0.0
2026-09-15 22:00:00,21.69163579950953,0.0
2026-09-15 23:00:00,21.214879931715856,0.0
2026-09-16 00:00:00,20.435902766564666,0.0
2026-09-16 01:00:00,19.71235990187223,0.0
2026-09-16 02:00:00,18.935902766564666,0.0
2026-09-16 03:00:00,18.159445631257103,0.0
2026-09-16 04:00:00,17.435902766564666,0.0
2026-09-16 05:00:00,16.814582423005024,0.0
2026-09-16 06:00:00,16.33782655521135,0.0
2026-09-16 07:00:00,16.03812528769746,155.29142706151245
2026-09-16 08:00:00,15.935902766564666,299.99999999999994
2026-09-16 09:00:00,16.03812528769746,424.2640687119285
2026-09-16 10:00:00,16.33782655521135,519.6152422706632
2026-09-16 11:00:00,16.814582423005024,579.555495773441
2026-09-16 12:00:00,17.435902766564666,600.0
2026-09-16 13:00:00,18.159445631257103,579.555495773441
2026-09-16 14:00:00,18.935902766564666,519.6152422706632
2026-09-16 15:00:00,19.71235990187223,424.26406871192853
2026-09-16 16:00:00,20.435902766564666,299.99999999999994
2026-09-16 17:00:00,21.05722311012431,155.29142706151262
2026-09-16 18:00:00,21.533978977917982,7.347880794884119e-14
2026-09-16 19:00:00,21.83368024543187,0.0
2026-09-16 20:00:00,21.935902766564666,0.0
2026-09-16 21:00:00,21.83368024543187,0.0
2026-09-16 22:00:00,21.533978977917982,0.0
2026-09-16 23:00:00,21.05722311012431,0.0
2026-09-17 00:00:00,20.27707965203965,0.0
2026-09-17 01:00:00,19.553536787347213,0.0
2026-09-17 02:00:00,18.77707965203965,0.0
2026-09-17 03:00:00,18.000622516732086,0.0
2026-09-17 04:00:00,17.27707965203965,0.0
2026-09-17 05:00:00,16.655759308480008,0.0
2026-09-17 06:00:00,16.179003440686333,0.0
2026-09-17 07:00:00,15.879302173172444,155.29142706151245
2026-09-17 08:00:00,15.77707965203965,299.99999999999994
2026-09-17 09:00:00,15.879302173172444,424.2640687119285
2026-09-17 10:00:00,16.179003440686333,519.6152422706632
2026-09-17 11:00:00,16.655759308480008,579.555495773441
2026-09-17 12:00:00,17.27707965203965,600.0
2026-09-17 13:00:00,18.000622516732086,579.555495773441
2026-09-17 14:00:00,18.77707965203965,519.6152422706632
2026-09-17 15:00:00,19.553536787347213,424.26406871192853
2026-09-17 16:00:00,20.27707965203965,299.99999999999994
2026-09-17 17:00:00,20.89839999559929,155.29142706151262
2026-09-17 18:00:00,21.375155863392965,7.347880794884119e-14
2026-09-17 19:00:00,21.674857130906855,0.0
2026-09-17 20:00:00,21.77707965203965,0.0
2026-09-17 21:00:00,21.674857130906855,0.0
2026-09-17 22:00:00,21.375155863392965,0.0
2026-09-17 23:00:00,20.89839999559929,0.0
2026-09-18 00:00:00,20.117137307297675,0.0
2026-09-18 01:00:00,19.393594442605238,0.0
2026-09-18 02:00:00,18.617137307297675,0.0
2026-09-18 03:00:00,17.840680171990112,0.0
2026-09-18 04:00:00,17.117137307297675,0.0
2026-09-18 05:00:00,16.495816963738033,0.0
2026-09-18 06:00:00,16.01906109594436,0.0
2026-09-18 07:00:00,15.71935982843047,155.29142706151245
2026-09-18 08:00:00,15.617137307297675,299.99999999999994
2026-09-18 09:00:00,15.71935982843047,424.2640687119285
2026-09-18 10:00:00,16.01906109594436,519.6152422706632
2026-09-18 11:00:00,16.495816963738033,579.555495773441
2026-09-18 12:00:00,17.117137307297675,600.0
2026-09-18 13:00:00,17.840680171990112,579.555495773441
2026-09-18 14:00:00,18.617137307297675,519.6152422706632
2026-09-18 15:00:00,19.393594442605238,424.26406871192853
2026-09-18 16:00:00,20.117137307297675,299.99999999999994
2026-09-18 17:00:00,20.738457650857317,155.29142706151262
2026-09-18 18:00:00,21.21521351865099,7.347880794884119e-14
2026-09-18 19:00:00,21.51491478616488,0.0
2026-09-18 20:00:00,21.617137307297675,0.0
2026-09-18 21:00:00,21.51491478616488,0.0
2026-09-18 22:00:00,21.21521351865099,0.0
2026-09-18 23:00:00,20.738457650857317,0.0
2026-09-19 00:00:00,19.956123126707336,0.0
2026-09-19 01:00:00,19.2325802620149,0.0
2026-09-19 02:00:00,18.456123126707336,0.0
2026-09-19 03:00:00,17.679665991399773,0.0
2026-09-19 04:00:00,16.956123126707336,0.0
2026-09-19 05:00:00,16.334802783147694,0.0
2026-09-19 06:00:00,15.85804691535402,0.0
2026-09-19 07:00:00,15.558345647840131,155.29142706151245
2026-09-19 08:00:00,15.456123126707336,299.99999999999994
2026-09-19 09:00:00,15.558345647840131,424.2640687119285
2026-09-19 10:00:00,15.85804691535402,519.6152422706632
2026-09-19 11:00:00,16.334802783147694,579.555495773441
2026-09-19 12:00:00,16.956123126707336,600.0
2026-09-19 13:00:00,17.679665991399773,579.555495773441
2026-09-19 14:00:00,18.456123126707336,519.6152422706632
2026-09-19 15:00:00,19.2325802620149,424.26406871192853
2026-09-19 16:00:00,19.956123126707336,299.99999999999994
2026-09-19 17:00:00,20.577443470266978,155.29142706151262
2026-09-19 18:00:00,21.054199338060652,7.347880794884119e-14
2026-09-19 19:00:00,21.35390060557454,0.0
2026-09-19 20:00:00,21.456123126707336,0.0
2026-09-19 21:00:00,21.35390060557454,0.0
2026-09-19 22:00:00,21.054199338060652,0.0
2026-09-19 23:00:00,20.577443470266978,0.0
2026-09-20 00:00:00,19.794084822245303,0.0
2026-09-20 01:00:00,19.070541957552866,0.0
2026-09-20 02:00:00,18.294084822245303,0.0
2026-09-20 03:00:00,17.51762768693774,0.0
2026-09-20 04:00:00,16.794084822245303,0.0
2026-09-20 05:00:00,16.17276447868566,0.0
2026-09-20 06:00:00,15.696008610891987,0.0
2026-09-20 07:00:00,15.396307343378098,155.29142706151245
2026-09-20 08:00:00,15.294084822245303,299.99999999999994
2026-09-20 09:00:00,15.396307343378098,424.2640687119285
2026-09-20 10:00:00,15.696008610891987,519.6152422706632
2026-09-20 11:00:00,16.17276447868566,579.555495773441
2026-09-20 12:00:00,16.794084822245303,600.0
2026-09-20 13:00:00,17.51762768693774,579.555495773441
2026-09-20 14:00:00,18.294084822245303,519.6152422706632
2026-09-20 15:00:00,19.070541957552866,424.26406871192853
2026-09-20 16:00:00,19.794084822245303,299.99999999999994
2026-09-20 17:00:00,20.415405165804945,155.29142706151262
2026-09-20 18:00:00,20.89216103359862,7.347880794884119e-14
2026-09-20 19:00:00,21.191862301112508,0.0
2026-09-20 20:00:00,21.294084822245303,0.0
2026-09-20 21:00:00,21.191862301112508,0.0
2026-09-20 22:00:00,20.89216103359862,0.0
2026-09-20 23:00:00,20.415405165804945,0.0
2026-09-21 00:00:00,19.63107040935827,0.0
2026-09-21 01:00:00,18.907527544665832,0.0
2026-09-21 02:00:00,18.13107040935827,0.0
2026-09-21 03:00:00,17.354613274050706,0.0
2026-09-21 04:00:00,16.63107040935827,0.0
2026-09-21 05:00:00,16.009750065798627,0.0
2026-09-21 06:00:00,15.532994198004953,0.0
2026-09-21 07:00:00,15.233292930491064,155.29142706151245
2026-09-21 08:00:00,15.13107040935827,299.99999999999994
2026-09-21 09:00:00,15.233292930491064,424.2640687119285
2026-09-21 10:00:00,15.532994198004953,519.6152422706632
2026-09-21 11:00:00,16.009750065798627,579.555495773441
2026-09-21 12:00:00,16.63107040935827,600.0
2026-09-21 13:00:00,17.354613274050706,579.555495773441
2026-09-21 14:00:00,18.13107040935827,519.6152422706632
2026-09-21 15:00:00,18.907527544665832,424.26406871192853
2026-09-21 16:00:00,19.63107040935827,299.99999999999994
2026-09-21 17:00:00,20.25239075291791,155.29142706151262
2026-09-21 18:00:00,20.729146620711585,7.347880794884119e-14
2026-09-21 19:00:00,21.028847888225474,0.0
2026-09-21 20:00:00,21.13107040935827,0.0
2026-09-21 21:00:00,21.028847888225474,0.0
2026-09-21 22:00:00,20.729146620711585,0.0
2026-09-21 23:00:00,20.25239075291791,0.0
2026-09-22 00:00:00,19.467128192734908,0.0
2026-09-22 01:00:00,18.74358532804247,0.0
2026-09-22 02:00:00,17.967128192734908,0.0
2026-09-22 03:00:00,17.190671057427345,0.0
2026-09-22 04:00:00,16.467128192734908,0.0
2026-09-22 05:00:00,15.845807849175266,0.0
2026-09-22 06:00:00,15.369051981381592,0.0
2026-09-22 07:00:00,15.069350713867703,155.29142706151245
2026-09-22 08:00:00,14.967128192734908,299.99999999999994
2026-09-22 09:00:00,15.069350713867703,424.2640687119285
2026-09-22 10:00:00,15.369051981381592,519.6152422706632
2026-09-22 11:00:00,15.845807849175266,579.555495773441
2026-09-22 12:00:00,16.467128192734908,600.0
2026-09-22 13:00:00,17.190671057427345,579.555495773441
2026-09-22 14:00:00,17.967128192734908,519.6152422706632
2026-09-22 15:00:00,18.74358532804247,424.26406871192853
2026-09-22 16:00:00,19.467128192734908,299.99999999999994
2026-09-22 17:00:00,20.08844853629455,155.29142706151262
2026-09-22 18:00:00,20.565204404088224,7.347880794884119e-14
2026-09-22 19:00:00,20.864905671602113,0.0
2026-09-22 20:00:00,20.967128192734908,0.0
2026-09-22 21:00:00,20.864905671602113,0.0
2026-09-22 22:00:00,20.565204404088224,0.0
2026-09-22 23:00:00,20.08844853629455,0.0
2026-09-23 00:00:00,19.30230675199216,0.0
2026-09-23 01:00:00,18.578763887299722,0.0
2026-09-23 02:00:00,17.80230675199216,0.0
2026-09-23 03:00:00,17.025849616684596,0.0
2026-09-23 04:00:00,16.30230675199216,0.0
2026-09-23 05:00:00,15.680986408432517,0.0
2026-09-23 06:00:00,15.204230540638843,0.0
2026-09-23 07:00:00,14.904529273124954,155.29142706151245
2026-09-23 08:00:00,14.802306751992159,299.99999999999994
2026-09-23 09:00:00,14.904529273124954,424.2640687119285
2026-09-23 10:00:00,15.204230540638843,519.6152422706632
2026-09-23 11:00:00,15.680986408432517,579.555495773441
2026-09-23 12:00:00,16.30230675199216,600.0
2026-09-23 13:00:00,17.025849616684596,579.555495773441
2026-09-23 14:00:00,17.80230675199216,519.6152422706632
2026-09-23 15:00:00,18.578763887299722,424.26406871192853
2026-09-23 16:00:00,19.30230675199216,299.99999999999994
2026-09-23 17:00:00,19.9236270955518,155.29142706151262
2026-09-23 18:00:00,20.400382963345475,7.347880794884119e-14
2026-09-23 19:00:00,20.700084230859364,0.0
2026-09-23 20:00:00,20.80230675199216,0.0
2026-09-23 21:00:00,20.700084230859364,0.0
2026-09-23 22:00:00,20.400382963345475,0.0
2026-09-23 23:00:00,19.9236270955518,0.0
2026-09-24 00:00:00,19.13665492728007,0.0
2026-09-24 01:00:00,18.413112062587633,0.0
2026-09-24 02:00:00,17.63665492728007,0.0
2026-09-24 03:00:00,16.860197791972507,0.0
2026-09-24 04:00:00,16.13665492728007,0.0
2026-09-24 05:00:00,15.515334583720428,0.0
2026-09-24 06:00:00,15.038578715926754,0.0
2026-09-24 07:00:00,14.738877448412865,155.29142706151245
2026-09-24 08:00:00,14.63665492728007,299.99999999999994
2026-09-24 09:00:00,14.738877448412865,424.2640687119285
2026-09-24 10:00:00,15.038578715926754,519.6152422706632
2026-09-24 11:00:00,15.515334583720428,579.555495773441
2026-09-24 12:00:00,16.13665492728007,600.0
2026-09-24 13:00:00,16.860197791972507,579.555495773441
2026-09-24 14:00:00,17.63665492728007,519.6152422706632
2026-09-24 15:00:00,18.413112062587633,424.26406871192853
2026-09-24 16:00:00,19.13665492728007,299.99999999999994
2026-09-24 17:00:00,19.75797527083971,155.29142706151262
2026-09-24 18:00:00,20.234731138633386,7.347880794884119e-14
2026-09-24 19:00:00,20.534432406147275,0.0
2026-09-24 20:00:00,20.63665492728007,0.0
2026-09-24 21:00:00,20.534432406147275,0.0
2026-09-24 22:00:00,20.234731138633386,0.0
2026-09-24 23:00:00,19.75797527083971,0.0
2026-09-25 00:00:00,18.970221804809356,0.0
2026-09-25 01:00:00,18.24667894011692,0.0
2026-09-25 02:00:00,17.470221804809356,0.0
2026-09-25 03:00:00,16.693764669501792,0.0
2026-09-25 04:00:00,15.970221804809356,0.0
2026-09-25 05:00:00,15.348901461249714,0.0
2026-09-25 06:00:00,14.87214559345604,0.0
2026-09-25 07:00:00,14.57244432594215,155.29142706151245
2026-09-25 08:00:00,14.470221804809356,299.99999999999994
2026-09-25 09:00:00,14.57244432594215,424.2640687119285
2026-09-25 10:00:00,14.87214559345604,519.6152422706632
2026-09-25 11:00:00,15.348901461249714,579.555495773441
2026-09-25 12:00:00,15.970221804809356,600.0
2026-09-25 13:00:00,16.693764669501792,579.555495773441
2026-09-25 14:00:00,17.470221804809356,519.6152422706632
2026-09-25 15:00:00,18.24667894011692,424.26406871192853
2026-09-25 16:00:00,18.970221804809356,299.99999999999994
2026-09-25 17:00:00,19.591542148368998,155.29142706151262
2026-09-25 18:00:00,20.06829801616267,7.347880794884119e-14
2026-09-25 19:00:00,20.36799928367656,0.0
2026-09-25 20:00:00,20.470221804809356,0.0
2026-09-25 21:00:00,20.36799928367656,0.0
2026-09-25 22:00:00,20.06829801616267,0.0
2026-09-25 23:00:00,19.591542148368998,0.0
2026-09-26 00:00:00,18.803056702306122,0.0
2026-09-26 01:00:00,18.079513837613685,0.0
2026-09-26 02:00:00,17.303056702306122,0.0
2026-09-26 03:00:00,16.52659956699856,0.0
2026-09-26 04:00:00,15.803056702306122,0.0
2026-09-26 05:00:00,15.18173635874648,0.0
2026-09-26 06:00:00,14.704980490952806,0.0
2026-09-26 07:00:00,14.405279223438917,155.29142706151245
2026-09-26 08:00:00,14.303056702306122,299.99999999999994
2026-09-26 09:00:00,14.405279223438917,424.2640687119285
2026-09-26 10:00:00,14.704980490952806,519.6152422706632
2026-09-26 11:00:00,15.18173635874648,579.555495773441
2026-09-26 12:00:00,15.803056702306122,600.0
2026-09-26 13:00:00,16.52659956699856,579.555495773441
2026-09-26 14:00:00,17.303056702306122,519.6152422706632
2026-09-26 15:00:00,18.079513837613685,424.26406871192853
2026-09-26 16:00:00,18.803056702306122,299.99999999999994
2026-09-26 17:00:00,19.424377045865764,155.29142706151262
2026-09-26 18:00:00,19.90113291365944,7.347880794884119e-14
2026-09-26 19:00:00,20.200834181173327,0.0
2026-09-26 20:00:00,20.303056702306122,0.0
2026-09-26 21:00:00,20.200834181173327,0.0
2026-09-26 22:00:00,19.90113291365944,0.0
2026-09-26 23:00:00,19.424377045865764,0.0
2026-09-27 00:00:00,18.635209154397963,0.0
2026-09-27 01:00:00,17.911666289705526,0.0
2026-09-27 02:00:00,17.135209154397963,0.0
2026-09-27 03:00:00,16.3587520190904,0.0
2026-09-27 04:00:00,15.635209154397963,0.0
2026-09-27 05:00:00,15.01388881083832,0.0
2026-09-27 06:00:00,14.537132943044647,0.0
2026-09-27 07:00:00,14.237431675530758,155.29142706151245
2026-09-27 08:00:00,14.135209154397963,299.99999999999994
2026-09-27 09:00:00,14.237431675530758,424.2640687119285
2026-09-27 10:00:00,14.537132943044647,519.6152422706632
2026-09-27 11:00:00,15.01388881083832,579.555495773441
2026-09-27 12:00:00,15.635209154397963,600.0
2026-09-27 13:00:00,16.3587520190904,579.555495773441
2026-09-27 14:00:00,17.135209154397963,519.6152422706632
2026-09-27 15:00:00,17.911666289705526,424.26406871192853
2026-09-27 16:00:00,18.635209154397963,299.99999999999994
2026-09-27 17:00:00,19.256529497957604,155.29142706151262
2026-09-27 18:00:00,19.73328536575128,7.347880794884119e-14
2026-09-27 19:00:00,20.032986633265168,0.0
2026-09-27 20:00:00,20.135209154397963,0.0
2026-09-27 21:00:00,20.032986633265168,0.0
2026-09-27 22:00:00,19.73328536575128,0.0
2026-09-27 23:00:00,19.256529497957604,0.0
2026-09-28 00:00:00,18.466728897935766,0.0
2026-09-28 01:00:00,17.74318603324333,0.0
2026-09-28 02:00:00,16.966728897935766,0.0
2026-09-28 03:00:00,16.190271762628203,0.0
2026-09-28 04:00:00,15.466728897935766,0.0
2026-09-28 05:00:00,14.845408554376124,0.0
2026-09-28 06:00:00,14.36865268658245,0.0
2026-09-28 07:00:00,14.068951419068561,155.29142706151245
2026-09-28 08:00:00,13.966728897935766,299.99999999999994
2026-09-28 09:00:00,14.068951419068561,424.2640687119285
2026-09-28 10:00:00,14.36865268658245,519.6152422706632
2026-09-28 11:00:00,14.845408554376124,579.555495773441
2026-09-28 12:00:00,15.466728897935766,600.0
2026-09-28 13:00:00,16.190271762628203,579.555495773441
2026-09-28 14:00:00,16.966728897935766,519.6152422706632
2026-09-28 15:00:00,17.74318603324333,424.26406871192853
2026-09-28 16:00:00,18.466728897935766,299.99999999999994
2026-09-28 17:00:00,19.08804924149541,155.29142706151262
2026-09-28 18:00:00,19.564805109289082,7.347880794884119e-14
2026-09-28 19:00:00,19.86450637680297,0.0
2026-09-28 20:00:00,19.966728897935766,0.0
2026-09-28 21:00:00,19.86450637680297,0.0
2026-09-28 22:00:00,19.564805109289082,0.0
2026-09-28 23:00:00,19.08804924149541,0.0
2026-09-29 00:00:00,18.297665857255623,0.0
2026-09-29 01:00:00,17.574122992563186,0.0
2026-09-29 02:00:00,16.797665857255623,0.0
2026-09-29 03:00:00,16.02120872194806,0.0
2026-09-29 04:00:00,15.297665857255623,0.0
2026-09-29 05:00:00,14.676345513695981,0.0
2026-09-29 06:00:00,14.199589645902307,0.0
2026-09-29 07:00:00,13.899888378388418,155.29142706151245
2026-09-29 08:00:00,13.797665857255623,299.99999999999994
2026-09-29 09:00:00,13.899888378388418,424.2640687119285
2026-09-29 10:00:00,14.199589645902307,519.6152422706632
2026-09-29 11:00:00,14.676345513695981,579.555495773441
2026-09-29 12:00:00,15.297665857255623,600.0
2026-09-29 13:00:00,16.02120872194806,579.555495773441
2026-09-29 14:00:00,16.797665857255623,519.6152422706632
2026-09-29 15:00:00,17.574122992563186,424.26406871192853
2026-09-29 16:00:00,18.297665857255623,299.99999999999994
2026-09-29 17:00:00,18.918986200815265,155.29142706151262
2026-09-29 18:00:00,19.39574206860894,7.347880794884119e-14
2026-09-29 19:00:00,19.69544333612283,0.0
2026-09-29 20:00:00,19.797665857255623,0.0
2026-09-29 21:00:00,19.69544333612283,0.0
2026-09-29 22:00:00,19.39574206860894,0.0
2026-09-29 23:00:00,18.918986200815265,0.0
2026-09-30 00:00:00,18.128070129385172,0.0
2026-09-30 01:00:00,17.404527264692735,0.0
2026-09-30 02:00:00,16.628070129385172,0.0
2026-09-30 03:00:00,15.851612994077609,0.0
2026-09-30 04:00:00,15.128070129385172,0.0
2026-09-30 05:00:00,14.50674978582553,0.0
2026-09-30 06:00:00,14.029993918031856,0.0
2026-09-30 07:00:00,13.730292650517967,155.29142706151245
2026-09-30 08:00:00,13.628070129385172,299.99999999999994
2026-09-30 09:00:00,13.730292650517967,424.2640687119285
2026-09-30 10:00:00,14.029993918031856,519.6152422706632
2026-09-30 11:00:00,14.50674978582553,579.555495773441
2026-09-30 12:00:00,15.128070129385172,600.0
2026-09-30 13:00:00,15.851612994077609,579.555495773441
2026-09-30 14:00:00,16.628070129385172,519.6152422706632
2026-09-30 15:00:00,17.404527264692735,424.26406871192853
2026-09-30 16:00:00,18.128070129385172,299.99999999999994
2026-09-30 17:00:00,18.749390472944814,155.29142706151262
2026-09-30 18:00:00,19.226146340738488,7.347880794884119e-14
2026-09-30 19:00:00,19.525847608252377,0.0
2026-09-30 20:00:00,19.628070129385172,0.0
2026-09-30 21:00:00,19.525847608252377,0.0
2026-09-30 22:00:00,19.226146340738488,0.0
2026-09-30 23:00:00,18.749390472944814,0.0
2026-10-01 00:00:00,17.95799196919875,0.0
2026-10-01 01:00:00,17.234449104506314,0.0
2026-10-01 02:00:00,16.45799196919875,0.0
2026-10-01 03:00:00,15.681534833891188,0.0
2026-10-01 04:00:00,14.957991969198751,0.0
2026-10-01 05:00:00,14.33667162563911,0.0
2026-10-01 06:00:00,13.859915757845435,0.0
2026-10-01 07:00:00,13.560214490331546,155.29142706151245
2026-10-01 08:00:00,13.457991969198751,299.99999999999994
2026-10-01 09:00:00,13.560214490331546,424.2640687119285
2026-10-01 10:00:00,13.859915757845435,519.6152422706632
2026-10-01 11:00:00,14.33667162563911,579.555495773441
2026-10-01 12:00:00,14.957991969198751,600.0
2026-10-01 13:00:00,15.681534833891188,579.555495773441
2026-10-01 14:00:00,16.45799196919875,519.6152422706632
2026-10-01 15:00:00,17.234449104506314,424.26406871192853
2026-10-01 16:00:00,17.95799196919875,299.99999999999994
2026-10-01 17:00:00,18.579312312758393,155.29142706151262
2026-10-01 18:00:00,19.056068180552067,7.347880794884119e-14
2026-10-01 19:00:00,19.355769448065956,0.0
2026-10-01 20:00:00,19.45799196919875,0.0
2026-10-01 21:00:00,19.355769448065956,0.0
2026-10-01 22:00:00,19.056068180552067,0.0
2026-10-01 23:00:00,18.579312312758393,0.0
2026-10-02 00:00:00,17.787481774525812,0.0
2026-10-02 01:00:00,17.063938909833375,0.0
2026-10-02 02:00:00,16.287481774525812,0.0
2026-10-02 03:00:00,15.511024639218249,0.0
2026-10-02 04:00:00,14.787481774525812,0.0
2026-10-02 05:00:00,14.16616143096617,0.0
2026-10-02 06:00:00,13.689405563172496,0.0
2026-10-02 07:00:00,13.389704295658607,155.29142706151245
2026-10-02 08:00:00,13.287481774525812,299.99999999999994
2026-10-02 09:00:00,13.389704295658607,424.2640687119285
2026-10-02 10:00:00,13.689405563172496,519.6152422706632
2026-10-02 11:00:00,14.16616143096617,579.555495773441
2026-10-02 12:00:00,14.787481774525812,600.0
2026-10-02 13:00:00,15.511024639218249,579.555495773441
2026-10-02 14:00:00,16.287481774525812,519.6152422706632
2026-10-02 15:00:00,17.063938909833375,424.26406871192853
2026-10-02 16:00:00,17.787481774525812,299.99999999999994
2026-10-02 17:00:00,18.408802118085454,155.29142706151262
2026-10-02 18:00:00,18.885557985879128,7.347880794884119e-14
2026-10-02 19:00:00,19.185259253393017,0.0
2026-10-02 20:00:00,19.287481774525812,0.0
2026-10-02 21:00:00,19.185259253393017,0.0
2026-10-02 22:00:00,18.885557985879128,0.0
2026-10-02 23:00:00,18.408802118085454,0.0
2026-10-03 00:00:00,17.61659007121695,0.0
2026-10-03 01:00:00,16.893047206524514,0.0
2026-10-03 02:00:00,16.11659007121695,0.0
2026-10-03 03:00:00,15.340132935909388,0.0
2026-10-03 04:00:00,14.616590071216951,0.0
2026-10-03 05:00:00,13.995269727657309,0.0
2026-10-03 06:00:00,13.518513859863635,0.0
2026-10-03 07:00:00,13.218812592349746,155.29142706151245
2026-10-03 08:00:00,13.116590071216951,299.99999999999994
2026-10-03 09:00:00,13.218812592349746,424.2640687119285
2026-10-03 10:00:00,13.518513859863635,519.6152422706632
2026-10-03 11:00:00,13.995269727657309,579.555495773441
2026-10-03 12:00:00,14.616590071216951,600.0
2026-10-03 13:00:00,15.340132935909388,579.555495773441
2026-10-03 14:00:00,16.11659007121695,519.6152422706632
2026-10-03 15:00:00,16.893047206524514,424.26406871192853
2026-10-03 16:00:00,17.61659007121695,299.99999999999994
2026-10-03 17:00:00,18.237910414776593,155.29142706151262
2026-10-03 18:00:00,18.714666282570267,7.347880794884119e-14
2026-10-03 19:00:00,19.014367550084156,0.0
2026-10-03 20:00:00,19.11659007121695,0.0
2026-10-03 21:00:00,19.014367550084156,0.0
2026-10-03 22:00:00,18.714666282570267,0.0
2026-10-03 23:00:00,18.237910414776593,0.0
2026-10-04 00:00:00,17.44536749817199,0.0
2026-10-04 01:00:00,16.721824633479553,0.0
2026-10-04 02:00:00,15.945367498171992,0.0
2026-10-04 03:00:00,15.168910362864429,0.0
2026-10-04 04:00:00,14.445367498171992,0.0
2026-10-04 05:00:00,13.824047154612348,0.0
2026-10-04 06:00:00,13.347291286818676,0.0
2026-10-04 07:00:00,13.047590019304787,155.29142706151245
2026-10-04 08:00:00,12.945367498171992,299.99999999999994
2026-10-04 09:00:00,13.047590019304787,424.2640687119285
2026-10-04 10:00:00,13.347291286818676,519.6152422706632
2026-10-04 11:00:00,13.82404715461235,579.555495773441
2026-10-04 12:00:00,14.445367498171992,600.0
2026-10-04 13:00:00,15.16891036286443,579.555495773441
2026-10-04 14:00:00,15.945367498171992,519.6152422706632
2026-10-04 15:00:00,16.721824633479553,424.26406871192853
2026-10-04 16:00:00,17.44536749817199,299.99999999999994
2026-10-04 17:00:00,18.066687841731635,155.29142706151262
2026-10-04 18:00:00,18.543443709525306,7.347880794884119e-14
2026-10-04 19:00:00,18.843144977039195,0.0
2026-10-04 20:00:00,18.94536749817199,0.0
2026-10-04 21:00:00,18.843144977039195,0.0
2026-10-04 22:00:00,18.543443709525306,0.0
2026-10-04 23:00:00,18.066687841731635,0.0
2026-10-05 00:00:00,17.273864792334628,0.0
2026-10-05 01:00:00,16.55032192764219,0.0
2026-10-05 02:00:00,15.77386479233463,0.0
2026-10-05 03:00:00,14.997407657027066,0.0
2026-10-05 04:00:00,14.27386479233463,0.0
2026-10-05 05:00:00,13.652544448774986,0.0
2026-10-05 06:00:00,13.175788580981314,0.0
2026-10-05 07:00:00,12.876087313467425,155.29142706151245
2026-10-05 08:00:00,12.77386479233463,299.99999999999994
2026-10-05 09:00:00,12.876087313467425,424.2640687119285
2026-10-05 10:00:00,13.175788580981314,519.6152422706632
2026-10-05 11:00:00,13.652544448774988,579.555495773441
2026-10-05 12:00:00,14.27386479233463,600.0
2026-10-05 13:00:00,14.997407657027068,579.555495773441
2026-10-05 14:00:00,15.77386479233463,519.6152422706632
2026-10-05 15:00:00,16.55032192764219,424.26406871192853
2026-10-05 16:00:00,17.273864792334628,299.99999999999994
2026-10-05 17:00:00,17.895185135894273,155.29142706151262
2026-10-05 18:00:00,18.371941003687944,7.347880794884119e-14
2026-10-05 19:00:00,18.671642271201833,0.0
2026-10-05 20:00:00,18.773864792334628,0.0
2026-10-05 21:00:00,18.671642271201833,0.0
2026-10-05 22:00:00,18.371941003687944,0.0
2026-10-05 23:00:00,17.895185135894273,0.0
2026-10-06 00:00:00,17.102132773657928,0.0
2026-10-06 01:00:00,16.37858990896549,0.0
2026-10-06 02:00:00,15.60213277365793,0.0
2026-10-06 03:00:00,14.825675638350367,0.0
2026-10-06 04:00:00,14.10213277365793,0.0
2026-10-06 05:00:00,13.480812430098286,0.0
2026-10-06 06:00:00,13.004056562304614,0.0
2026-10-06 07:00:00,12.704355294790725,155.29142706151245
2026-10-06 08:00:00,12.60213277365793,299.99999999999994
2026-10-06 09:00:00,12.704355294790725,424.2640687119285
2026-10-06 10:00:00,13.004056562304614,519.6152422706632
2026-10-06 11:00:00,13.480812430098288,579.555495773441
2026-10-06 12:00:00,14.10213277365793,600.0
2026-10-06 13:00:00,14.825675638350369,579.555495773441
2026-10-06 14:00:00,15.60213277365793,519.6152422706632
2026-10-06 15:00:00,16.37858990896549,424.26406871192853
2026-10-06 16:00:00,17.102132773657928,299.99999999999994
2026-10-06 17:00:00,17.723453117217574,155.29142706151262
2026-10-06 18:00:00,18.200208985011244,7.347880794884119e-14
2026-10-06 19:00:00,18.499910252525133,0.0
2026-10-06 20:00:00,18.602132773657928,0.0
2026-10-06 21:00:00,18.499910252525133,0.0
2026-10-06 22:00:00,18.200208985011244,0.0
2026-10-06 23:00:00,17.723453117217574,0.0
2026-10-07 00:00:00,16.930222330045304,0.0
2026-10-07 01:00:00,16.206679465352867,0.0
2026-10-07 02:00:00,15.430222330045305,0.0
2026-10-07 03:00:00,14.653765194737742,0.0
2026-10-07 04:00:00,13.930222330045305,0.0
2026-10-07 05:00:00,13.308901986485662,0.0
2026-10-07 06:00:00,12.83214611869199,0.0
2026-10-07 07:00:00,12.5324448511781,155.29142706151245
2026-10-07 08:00:00,12.430222330045305,299.99999999999994
2026-10-07 09:00:00,12.5324448511781,424.2640687119285
2026-10-07 10:00:00,12.83214611869199,519.6152422706632
2026-10-07 11:00:00,13.308901986485663,579.555495773441
2026-10-07 12:00:00,13.930222330045305,600.0
2026-10-07 13:00:00,14.653765194737744,579.555495773441
2026-10-07 14:00:00,15.430222330045305,519.6152422706632
2026-10-07 15:00:00,16.206679465352867,424.26406871192853
2026-10-07 16:00:00,16.930222330045304,299.99999999999994
2026-10-07 17:00:00,17.55154267360495,155.29142706151262
2026-10-07 18:00:00,18.02829854139862,7.347880794884119e-14
2026-10-07 19:00:00,18.32799980891251,0.0
2026-10-07 20:00:00,18.430222330045304,0.0
2026-10-07 21:00:00,18.32799980891251,0.0
2026-10-07 22:00:00,18.02829854139862,0.0
2026-10-07 23:00:00,17.55154267360495,0.0
2026-10-08 00:00:00,16.75818440227133,0.0
2026-10-08 01:00:00,16.034641537578892,0.0
2026-10-08 02:00:00,15.25818440227133,0.0
2026-10-08 03:00:00,14.481727266963768,0.0
2026-10-08 04:00:00,13.75818440227133,0.0
2026-10-08 05:00:00,13.136864058711687,0.0
2026-10-08 06:00:00,12.660108190918015,0.0
2026-10-08 07:00:00,12.360406923404126,155.29142706151245
2026-10-08 08:00:00,12.25818440227133,299.99999999999994
2026-10-08 09:00:00,12.360406923404126,424.2640687119285
2026-10-08 10:00:00,12.660108190918015,519.6152422706632
2026-10-08 11:00:00,13.136864058711689,579.555495773441
2026-10-08 12:00:00,13.75818440227133,600.0
2026-10-08 13:00:00,14.48172726696377,579.555495773441
2026-10-08 14:00:00,15.25818440227133,519.6152422706632
2026-10-08 15:00:00,16.034641537578892,424.26406871192853
2026-10-08 16:00:00,16.75818440227133,299.99999999999994
2026-10-08 17:00:00,17.379504745830975,155.29142706151262
2026-10-08 18:00:00,17.85626061362465,7.347880794884119e-14
2026-10-08 19:00:00,18.155961881138538,0.0
2026-10-08 20:00:00,18.258184402271333,0.0
2026-10-08 21:00:00,18.155961881138538,0.0
2026-10-08 22:00:00,17.85626061362465,0.0
2026-10-08 23:00:00,17.379504745830975,0.0
2026-10-09 00:00:00,16.586069968886886,0.0
2026-10-09 01:00:00,15.86252710419445,0.0
2026-10-09 02:00:00,15.086069968886887,0.0
2026-10-09 03:00:00,14.309612833579324,0.0
2026-10-09 04:00:00,13.586069968886887,0.0
2026-10-09 05:00:00,12.964749625327244,0.0
2026-10-09 06:00:00,12.487993757533571,0.0
2026-10-09 07:00:00,12.188292490019682,155.29142706151245
2026-10-09 08:00:00,12.086069968886887,299.99999999999994
2026-10-09 09:00:00,12.188292490019682,424.2640687119285
2026-10-09 10:00:00,12.487993757533571,519.6152422706632
2026-10-09 11:00:00,12.964749625327245,579.555495773441
2026-10-09 12:00:00,13.586069968886887,600.0
2026-10-09 13:00:00,14.309612833579326,579.555495773441
2026-10-09 14:00:00,15.086069968886887,519.6152422706632
2026-10-09 15:00:00,15.862527104194449,424.26406871192853
2026-10-09 16:00:00,16.586069968886886,299.99999999999994
2026-10-09 17:00:00,17.20739031244653,155.29142706151262
2026-10-09 18:00:00,17.684146180240205,7.347880794884119e-14
2026-10-09 19:00:00,17.983847447754094,0.0
2026-10-09 20:00:00,18.08606996888689,0.0
2026-10-09 21:00:00,17.983847447754094,0.0
2026-10-09 22:00:00,17.684146180240205,0.0
2026-10-09 23:00:00,17.20739031244653,0.0
2026-10-10 00:00:00,16.413930031113118,0.0
2026-10-10 01:00:00,15.690387166420683,0.0
2026-10-10 02:00:00,14.91393003111312,0.0
2026-10-10 03:00:00,14.137472895805557,0.0
2026-10-10 04:00:00,13.41393003111312,0.0
2026-10-10 05:00:00,12.792609687553476,0.0
2026-10-10 06:00:00,12.315853819759804,0.0
2026-10-10 07:00:00,12.016152552245915,155.29142706151245
2026-10-10 08:00:00,11.91393003111312,299.99999999999994
2026-10-10 09:00:00,12.016152552245915,424.2640687119285
2026-10-10 10:00:00,12.315853819759804,519.6152422706632
2026-10-10 11:00:00,12.792609687553478,579.555495773441
2026-10-10 12:00:00,13.41393003111312,600.0
2026-10-10 13:00:00,14.137472895805558,579.555495773441
2026-10-10 14:00:00,14.91393003111312,519.6152422706632
2026-10-10 15:00:00,15.690387166420681,424.26406871192853
2026-10-10 16:00:00,16.413930031113118,299.99999999999994
2026-10-10 17:00:00,17.035250374672763,155.29142706151262
2026-10-10 18:00:00,17.512006242466434,7.347880794884119e-14
2026-10-10 19:00:00,17.811707509980323,0.0
2026-10-10 20:00:00,17.913930031113118,0.0
2026-10-10 21:00:00,17.811707509980323,0.0
2026-10-10 22:00:00,17.512006242466434,0.0
2026-10-10 23:00:00,17.035250374672763,0.0
2026-10-11 00:00:00,16.241815597728674,0.0
2026-10-11 01:00:00,15.51827273303624,0.0
2026-10-11 02:00:00,14.741815597728676,0.0
2026-10-11 03:00:00,13.965358462421113,0.0
2026-10-11 04:00:00,13.241815597728676,0.0
2026-10-11 05:00:00,12.620495254169033,0.0
2026-10-11 06:00:00,12.14373938637536,0.0
2026-10-11 07:00:00,11.844038118861471,155.29142706151245
2026-10-11 08:00:00,11.741815597728676,299.99999999999994
2026-10-11 09:00:00,11.844038118861471,424.2640687119285
2026-10-11 10:00:00,12.14373938637536,519.6152422706632
2026-10-11 11:00:00,12.620495254169034,579.555495773441
2026-10-11 12:00:00,13.241815597728676,600.0
2026-10-11 13:00:00,13.965358462421115,579.555495773441
2026-10-11 14:00:00,14.741815597728676,519.6152422706632
2026-10-11 15:00:00,15.518272733036238,424.26406871192853
2026-10-11 16:00:00,16.241815597728674,299.99999999999994
2026-10-11 17:00:00,16.86313594128832,155.29142706151262
2026-10-11 18:00:00,17.33989180908199,7.347880794884119e-14
2026-10-11 19:00:00,17.63959307659588,0.0
2026-10-11 20:00:00,17.741815597728674,0.0
2026-10-11 21:00:00,17.63959307659588,0.0
2026-10-11 22:00:00,17.33989180908199,0.0
2026-10-11 23:00:00,16.86313594128832,0.0
2026-10-12 00:00:00,16.069777669954696,0.0
2026-10-12 01:00:00,15.34623480526226,0.0
2026-10-12 02:00:00,14.569777669954696,0.0
2026-10-12 03:00:00,13.793320534647133,0.0
2026-10-12 04:00:00,13.069777669954696,0.0
2026-10-12 05:00:00,12.448457326395054,0.0
2026-10-12 06:00:00,11.97170145860138,0.0
2026-10-12 07:00:00,11.672000191087491,155.29142706151245
2026-10-12 08:00:00,11.569777669954696,299.99999999999994
2026-10-12 09:00:00,11.672000191087491,424.2640687119285
2026-10-12 10:00:00,11.97170145860138,519.6152422706632
2026-10-12 11:00:00,12.448457326395054,579.555495773441
2026-10-12 12:00:00,13.069777669954696,600.0
2026-10-12 13:00:00,13.793320534647133,579.555495773441
2026-10-12 14:00:00,14.569777669954696,519.6152422706632
2026-10-12 15:00:00,15.34623480526226,424.26406871192853
2026-10-12 16:00:00,16.069777669954696,299.99999999999994
2026-10-12 17:00:00,16.69109801351434,155.29142706151262
2026-10-12 18:00:00,17.167853881308012,7.347880794884119e-14
2026-10-12 19:00:00,17.4675551488219,0.0
2026-10-12 20:00:00,17.569777669954696,0.0
2026-10-12 21:00:00,17.4675551488219,0.0
2026-10-12 22:00:00,17.167853881308012,0.0
2026-10-12 23:00:00,16.69109801351434,0.0
2026-10-13 00:00:00,15.897867226342072,0.0
2026-10-13 01:00:00,15.174324361649635,0.0
2026-10-13 02:00:00,14.397867226342072,0.0
2026-10-13 03:00:00,13.621410091034509,0.0
2026-10-13 04:00:00,12.897867226342072,0.0
2026-10-13 05:00:00,12.27654688278243,0.0
2026-10-13 06:00:00,11.799791014988756,0.0
2026-10-13 07:00:00,11.500089747474867,155.29142706151245
2026-10-13 08:00:00,11.397867226342072,299.99999999999994
2026-10-13 09:00:00,11.500089747474867,424.2640687119285
2026-10-13 10:00:00,11.799791014988756,519.6152422706632
2026-10-13 11:00:00,12.27654688278243,579.555495773441
2026-10-13 12:00:00,12.897867226342072,600.0
2026-10-13 13:00:00,13.621410091034509,579.555495773441
2026-10-13 14:00:00,14.397867226342072,519.6152422706632
2026-10-13 15:00:00,15.174324361649635,424.26406871192853
2026-10-13 16:00:00,15.897867226342072,299.99999999999994
2026-10-13 17:00:00,16.519187569901714,155.29142706151262
2026-10-13 18:00:00,16.995943437695388,7.347880794884119e-14
2026-10-13 19:00:00,17.295644705209277,0.0
2026-10-13 20:00:00,17.397867226342072,0.0
2026-10-13 21:00:00,17.295644705209277,0.0
2026-10-13 22:00:00,16.995943437695388,0.0
2026-10-13 23:00:00,16.519187569901714,0.0
2026-10-14 00:00:00,15.726135207665369,0.0
2026-10-14 01:00:00,15.002592342972932,0.0
2026-10-14 02:00:00,14.226135207665369,0.0
2026-10-14 03:00:00,13.449678072357806,0.0
2026-10-14 04:00:00,12.726135207665369,0.0
2026-10-14 05:00:00,12.104814864105727,0.0
2026-10-14 06:00:00,11.628058996312053,0.0
2026-10-14 07:00:00,11.328357728798164,155.29142706151245
2026-10-14 08:00:00,11.226135207665369,299.99999999999994
2026-10-14 09:00:00,11.328357728798164,424.2640687119285
2026-10-14 10:00:00,11.628058996312053,519.6152422706632
2026-10-14 11:00:00,12.104814864105727,579.555495773441
2026-10-14 12:00:00,12.726135207665369,600.0
2026-10-14 13:00:00,13.449678072357806,579.555495773441
2026-10-14 14:00:00,14.226135207665369,519.6152422706632
2026-10-14 15:00:00,15.002592342972932,424.26406871192853
2026-10-14 16:00:00,15.726135207665369,299.99999999999994
2026-10-14 17:00:00,16.34745555122501,155.29142706151262
2026-10-14 18:00:00,16.824211419018685,7.347880794884119e-14
2026-10-14 19:00:00,17.123912686532574,0.0
2026-10-14 20:00:00,17.22613520766537,0.0
2026-10-14 21:00:00,17.123912686532574,0.0
2026-10-14 22:00:00,16.824211419018685,0.0
2026-10-14 23:00:00,16.34745555122501,0.0
2026-10-15 00:00:00,15.554632501828006,0.0
2026-10-15 01:00:00,14.83108963713557,0.0
2026-10-15 02:00:00,14.054632501828006,0.0
2026-10-15 03:00:00,13.278175366520443,0.0
2026-10-15 04:00:00,12.554632501828006,0.0
2026-10-15 05:00:00,11.933312158268365,0.0
2026-10-15 06:00:00,11.45655629047469,0.0
2026-10-15 07:00:00,11.156855022960801,155.29142706151245
2026-10-15 08:00:00,11.054632501828006,299.99999999999994
2026-10-15 09:00:00,11.156855022960801,424.2640687119285
2026-10-15 10:00:00,11.45655629047469,519.6152422706632
2026-10-15 11:00:00,11.933312158268365,579.555495773441
2026-10-15 12:00:00,12.554632501828006,600.0
2026-10-15 13:00:00,13.278175366520443,579.555495773441
2026-10-15 14:00:00,14.054632501828006,519.6152422706632
2026-10-15 15:00:00,14.83108963713557,424.26406871192853
2026-10-15 16:00:00,15.554632501828006,299.99999999999994
2026-10-15 17:00:00,16.17595284538765,155.29142706151262
2026-10-15 18:00:00,16.652708713181323,7.347880794884119e-14
2026-10-15 19:00:00,16.95240998069521,0.0
2026-10-15 20:00:00,17.054632501828006,0.0
2026-10-15 21:00:00,16.95240998069521,0.0
2026-10-15 22:00:00,16.652708713181323,0.0
2026-10-15 23:00:00,16.17595284538765,0.0
2026-10-16 00:00:00,15.383409928783056,0.0
2026-10-16 01:00:00,14.65986706409062,0.0
2026-10-16 02:00:00,13.883409928783056,0.0
2026-10-16 03:00:00,13.106952793475493,0.0
2026-10-16 04:00:00,12.383409928783056,0.0
2026-10-16 05:00:00,11.762089585223414,0.0
2026-10-16 06:00:00,11.28533371742974,0.0
2026-10-16 07:00:00,10.985632449915851,155.29142706151245
2026-10-16 08:00:00,10.883409928783056,299.99999999999994
2026-10-16 09:00:00,10.985632449915851,424.2640687119285
2026-10-16 10:00:00,11.28533371742974,519.6152422706632
2026-10-16 11:00:00,11.762089585223414,579.555495773441
2026-10-16 12:00:00,12.383409928783056,600.0
2026-10-16 13:00:00,13.106952793475493,579.555495773441
2026-10-16 14:00:00,13.883409928783056,519.6152422706632
2026-10-16 15:00:00,14.65986706409062,424.26406871192853
2026-10-16 16:00:00,15.383409928783056,299.99999999999994
2026-10-16 17:00:00,16.004730272342698,155.29142706151262
2026-10-16 18:00:00,16.481486140136372,7.347880794884119e-14
2026-10-16 19:00:00,16.78118740765026,0.0
2026-10-16 20:00:00,16.883409928783056,0.0
2026-10-16 21:00:00,16.78118740765026,0.0
2026-10-16 22:00:00,16.481486140136372,0.0
2026-10-16 23:00:00,16.004730272342698,0.0
2026-10-17 00:00:00,15.212518225474192,0.0
2026-10-17 01:00:00,14.488975360781756,0.0
2026-10-17 02:00:00,13.712518225474193,0.0
2026-10-17 03:00:00,12.93606109016663,0.0
2026-10-17 04:00:00,12.212518225474193,0.0
2026-10-17 05:00:00,11.59119788191455,0.0
2026-10-17 06:00:00,11.114442014120877,0.0
2026-10-17 07:00:00,10.814740746606988,155.29142706151245
2026-10-17 08:00:00,10.712518225474193,299.99999999999994
2026-10-17 09:00:00,10.814740746606988,424.2640687119285
2026-10-17 10:00:00,11.114442014120877,519.6152422706632
2026-10-17 11:00:00,11.591197881914551,579.555495773441
2026-10-17 12:00:00,12.212518225474193,600.0
2026-10-17 13:00:00,12.936061090166632,579.555495773441
2026-10-17 14:00:00,13.712518225474193,519.6152422706632
2026-10-17 15:00:00,14.488975360781755,424.26406871192853
2026-10-17 16:00:00,15.212518225474193,299.99999999999994
2026-10-17 17:00:00,15.833838569033835,155.29142706151262
2026-10-17 18:00:00,16.310594436827508,7.347880794884119e-14
2026-10-17 19:00:00,16.610295704341397,0.0
2026-10-17 20:00:00,16.71251822547419,0.0
2026-10-17 21:00:00,16.610295704341397,0.0
2026-10-17 22:00:00,16.310594436827508,0.0
2026-10-17 23:00:00,15.833838569033837,0.0
2026-10-18 00:00:00,15.042008030801256,0.0
2026-10-18 01:00:00,14.318465166108819,0.0
2026-10-18 02:00:00,13.542008030801256,0.0
2026-10-18 03:00:00,12.765550895493693,0.0
2026-10-18 04:00:00,12.042008030801256,0.0
2026-10-18 05:00:00,11.420687687241614,0.0
2026-10-18 06:00:00,10.94393181944794,0.0
2026-10-18 07:00:00,10.64423055193405,155.29142706151245
2026-10-18 08:00:00,10.542008030801256,299.99999999999994
2026-10-18 09:00:00,10.64423055193405,424.2640687119285
2026-10-18 10:00:00,10.94393181944794,519.6152422706632
2026-10-18 11:00:00,11.420687687241614,579.555495773441
2026-10-18 12:00:00,12.042008030801256,600.0
2026-10-18 13:00:00,12.765550895493693,579.555495773441
2026-10-18 14:00:00,13.542008030801256,519.6152422706632
2026-10-18 15:00:00,14.318465166108819,424.26406871192853
2026-10-18 16:00:00,15.042008030801256,299.99999999999994
2026-10-18 17:00:00,15.663328374360898,155.29142706151262
2026-10-18 18:00:00,16.140084242154572,7.347880794884119e-14
2026-10-18 19:00:00,16.43978550966846,0.0
2026-10-18 20:00:00,16.542008030801256,0.0
2026-10-18 21:00:00,16.43978550966846,0.0
2026-10-18 22:00:00,16.140084242154572,0.0
2026-10-18 23:00:00,15.663328374360898,0.0
2026-10-19 00:00:00,14.871929870614835,0.0
2026-10-19 01:00:00,14.148387005922398,0.0
2026-10-19 02:00:00,13.371929870614835,0.0
2026-10-19 03:00:00,12.595472735307272,0.0
2026-10-19 04:00:00,11.871929870614835,0.0
2026-10-19 05:00:00,11.250609527055193,0.0
2026-10-19 06:00:00,10.773853659261519,0.0
2026-10-19 07:00:00,10.47415239174763,155.29142706151245
2026-10-19 08:00:00,10.371929870614835,299.99999999999994
2026-10-19 09:00:00,10.47415239174763,424.2640687119285
2026-10-19 10:00:00,10.773853659261519,519.6152422706632
2026-10-19 11:00:00,11.250609527055193,579.555495773441
2026-10-19 12:00:00,11.871929870614835,600.0
2026-10-19 13:00:00,12.595472735307272,579.555495773441
2026-10-19 14:00:00,13.371929870614835,519.6152422706632
2026-10-19 15:00:00,14.148387005922398,424.26406871192853
2026-10-19 16:00:00,14.871929870614835,299.99999999999994
2026-10-19 17:00:00,15.493250214174477,155.29142706151262
2026-10-19 18:00:00,15.970006081968151,7.347880794884119e-14
2026-10-19 19:00:00,16.26970734948204,0.0
2026-10-19 20:00:00,16.371929870614835,0.0
2026-10-19 21:00:00,16.26970734948204,0.0
2026-10-19 22:00:00,15.970006081968151,0.0
2026-10-19 23:00:00,15.493250214174477,0.0
2026-10-20 00:00:00,14.702334142744377,0.0
2026-10-20 01:00:00,13.978791278051942,0.0
2026-10-20 02:00:00,13.202334142744379,0.0
2026-10-20 03:00:00,12.425877007436815,0.0
2026-10-20 04:00:00,11.702334142744379,0.0
2026-10-20 05:00:00,11.081013799184735,0.0
2026-10-20 06:00:00,10.604257931391063,0.0
2026-10-20 07:00:00,10.304556663877174,155.29142706151245
2026-10-20 08:00:00,10.202334142744379,299.99999999999994
2026-10-20 09:00:00,10.304556663877174,424.2640687119285
2026-10-20 10:00:00,10.604257931391063,519.6152422706632
2026-10-20 11:00:00,11.081013799184737,579.555495773441
2026-10-20 12:00:00,11.702334142744379,600.0
2026-10-20 13:00:00,12.425877007436817,579.555495773441
2026-10-20 14:00:00,13.202334142744379,519.6152422706632
2026-10-20 15:00:00,13.97879127805194,424.26406871192853
2026-10-20 16:00:00,14.702334142744379,299.99999999999994
2026-10-20 17:00:00,15.32365448630402,155.29142706151262
2026-10-20 18:00:00,15.800410354097695,7.347880794884119e-14
2026-10-20 19:00:00,16.100111621611582,0.0
2026-10-20 20:00:00,16.202334142744377,0.0
2026-10-20 21:00:00,16.100111621611582,0.0
2026-10-20 22:00:00,15.800410354097695,0.0
2026-10-20 23:00:00,15.323654486304022,0.0
2026-10-21 00:00:00,14.533271102064237,0.0
2026-10-21 01:00:00,13.8097282373718,0.0
2026-10-21 02:00:00,13.033271102064237,0.0
2026-10-21 03:00:00,12.256813966756674,0.0
2026-10-21 04:00:00,11.533271102064237,0.0
2026-10-21 05:00:00,10.911950758504595,0.0
2026-10-21 06:00:00,10.435194890710921,0.0
2026-10-21 07:00:00,10.135493623197032,155.29142706151245
2026-10-21 08:00:00,10.033271102064237,299.99999999999994
2026-10-21 09:00:00,10.135493623197032,424.2640687119285
2026-10-21 10:00:00,10.435194890710921,519.6152422706632
2026-10-21 11:00:00,10.911950758504595,579.555495773441
2026-10-21 12:00:00,11.533271102064237,600.0
2026-10-21 13:00:00,12.256813966756674,579.555495773441
2026-10-21 14:00:00,13.033271102064237,519.6152422706632
2026-10-21 15:00:00,13.8097282373718,424.26406871192853
2026-10-21 16:00:00,14.533271102064237,299.99999999999994
2026-10-21 17:00:00,15.154591445623879,155.29142706151262
2026-10-21 18:00:00,15.631347313417553,7.347880794884119e-14
2026-10-21 19:00:00,15.931048580931442,0.0
2026-10-21 20:00:00,16.033271102064237,0.0
2026-10-21 21:00:00,15.931048580931442,0.0
2026-10-21 22:00:00,15.631347313417553,0.0
2026-10-21 23:00:00,15.154591445623879,0.0
2026-10-22 00:00:00,14.364790845602041,0.0
2026-10-22 01:00:00,13.641247980909604,0.0
2026-10-22 02:00:00,12.864790845602041,0.0
2026-10-22 03:00:00,12.088333710294478,0.0
2026-10-22 04:00:00,11.364790845602041,0.0
2026-10-22 05:00:00,10.743470502042399,0.0
2026-10-22 06:00:00,10.266714634248725,0.0
2026-10-22 07:00:00,9.967013366734836,155.29142706151245
2026-10-22 08:00:00,9.864790845602041,299.99999999999994
2026-10-22 09:00:00,9.967013366734836,424.2640687119285
2026-10-22 10:00:00,10.266714634248725,519.6152422706632
2026-10-22 11:00:00,10.743470502042399,579.555495773441
2026-10-22 12:00:00,11.364790845602041,600.0
2026-10-22 13:00:00,12.088333710294478,579.555495773441
2026-10-22 14:00:00,12.864790845602041,519.6152422706632
2026-10-22 15:00:00,13.641247980909604,424.26406871192853
2026-10-22 16:00:00,14.364790845602041,299.99999999999994
2026-10-22 17:00:00,14.986111189161683,155.29142706151262
2026-10-22 18:00:00,15.462867056955357,7.347880794884119e-14
2026-10-22 19:00:00,15.762568324469246,0.0
2026-10-22 20:00:00,15.864790845602041,0.0
2026-10-22 21:00:00,15.762568324469246,0.0
2026-10-22 22:00:00,15.462867056955357,0.0
2026-10-22 23:00:00,14.986111189161683,0.0
2026-10-23 00:00:00,14.196943297693881,0.0
2026-10-23 01:00:00,13.473400433001444,0.0
2026-10-23 02:00:00,12.696943297693881,0.0
2026-10-23 03:00:00,11.920486162386318,0.0
2026-10-23 04:00:00,11.196943297693881,0.0
2026-10-23 05:00:00,10.57562295413424,0.0
2026-10-23 06:00:00,10.098867086340565,0.0
2026-10-23 07:00:00,9.799165818826676,155.29142706151245
2026-10-23 08:00:00,9.696943297693881,299.99999999999994
2026-10-23 09:00:00,9.799165818826676,424.2640687119285
2026-10-23 10:00:00,10.098867086340565,519.6152422706632
2026-10-23 11:00:00,10.57562295413424,579.555495773441
2026-10-23 12:00:00,11.196943297693881,600.0
2026-10-23 13:00:00,11.920486162386318,579.555495773441
2026-10-23 14:00:00,12.696943297693881,519.6152422706632
2026-10-23 15:00:00,13.473400433001444,424.26406871192853
2026-10-23 16:00:00,14.196943297693881,299.99999999999994
2026-10-23 17:00:00,14.818263641253523,155.29142706151262
2026-10-23 18:00:00,15.295019509047197,7.347880794884119e-14
2026-10-23 19:00:00,15.594720776561086,0.0
2026-10-23 20:00:00,15.696943297693881,0.0
2026-10-23 21:00:00,15.594720776561086,0.0
2026-10-23 22:00:00,15.295019509047197,0.0
2026-10-23 23:00:00,14.818263641253523,0.0
2026-10-24 00:00:00,14.029778195190648,0.0
2026-10-24 01:00:00,13.306235330498211,0.0
2026-10-24 02:00:00,12.529778195190648,0.0
2026-10-24 03:00:00,11.753321059883085,0.0
2026-10-24 04:00:00,11.029778195190648,0.0
2026-10-24 05:00:00,10.408457851631006,0.0
2026-10-24 06:00:00,9.931701983837332,0.0
2026-10-24 07:00:00,9.632000716323443,155.29142706151245
2026-10-24 08:00:00,9.529778195190648,299.99999999999994
2026-10-24 09:00:00,9.632000716323443,424.2640687119285
2026-10-24 10:00:00,9.931701983837332,519.6152422706632
2026-10-24 11:00:00,10.408457851631006,579.555495773441
2026-10-24 12:00:00,11.029778195190648,600.0
2026-10-24 13:00:00,11.753321059883085,579.555495773441
2026-10-24 14:00:00,12.529778195190648,519.6152422706632
2026-10-24 15:00:00,13.306235330498211,424.26406871192853
2026-10-24 16:00:00,14.029778195190648,299.99999999999994
2026-10-24 17:00:00,14.65109853875029,155.29142706151262
2026-10-24 18:00:00,15.127854406543964,7.347880794884119e-14
2026-10-24 19:00:00,15.427555674057853,0.0
2026-10-24 20:00:00,15.529778195190648,0.0
2026-10-24 21:00:00,15.427555674057853,0.0
2026-10-24 22:00:00,15.127854406543964,0.0
2026-10-24 23:00:00,14.65109853875029,0.0
2026-10-25 00:00:00,13.863345072719927,0.0
2026-10-25 01:00:00,13.13980220802749,0.0
2026-10-25 02:00:00,12.363345072719927,0.0
2026-10-25 03:00:00,11.586887937412364,0.0
2026-10-25 04:00:00,10.863345072719927,0.0
2026-10-25 05:00:00,10.242024729160285,0.0
2026-10-25 06:00:00,9.76526886136661,0.0
2026-10-25 07:00:00,9.465567593852722,155.29142706151245
2026-10-25 08:00:00,9.363345072719927,299.99999999999994
2026-10-25 09:00:00,9.465567593852722,424.2640687119285
2026-10-25 10:00:00,9.76526886136661,519.6152422706632
2026-10-25 11:00:00,10.242024729160285,579.555495773441
2026-10-25 12:00:00,10.863345072719927,600.0
2026-10-25 13:00:00,11.586887937412364,579.555495773441
2026-10-25 14:00:00,12.363345072719927,519.6152422706632
2026-10-25 15:00:00,13.13980220802749,424.26406871192853
2026-10-25 16:00:00,13.863345072719927,299.99999999999994
2026-10-25 17:00:00,14.484665416279569,155.29142706151262
2026-10-25 18:00:00,14.961421284073243,7.347880794884119e-14
2026-10-25 19:00:00,15.261122551587132,0.0
2026-10-25 20:00:00,15.363345072719927,0.0
2026-10-25 21:00:00,15.261122551587132,0.0
2026-10-25 22:00:00,14.961421284073243,0.0
2026-10-25 23:00:00,14.484665416279569,0.0
2026-10-26 00:00:00,13.697693248007837,0.0
2026-10-26 01:00:00,12.974150383315402,0.0
2026-10-26 02:00:00,12.19769324800784,0.0
2026-10-26 03:00:00,11.421236112700276,0.0
2026-10-26 04:00:00,10.69769324800784,0.0
2026-10-26 05:00:00,10.076372904448196,0.0
2026-10-26 06:00:00,9.599617036654523,0.0
2026-10-26 07:00:00,9.299915769140634,155.29142706151245
2026-10-26 08:00:00,9.19769324800784,299.99999999999994
2026-10-26 09:00:00,9.299915769140634,424.2640687119285
2026-10-26 10:00:00,9.599617036654523,519.6152422706632
2026-10-26 11:00:00,10.076372904448197,579.555495773441
2026-10-26 12:00:00,10.69769324800784,600.0
2026-10-26 13:00:00,11.421236112700278,579.555495773441
2026-10-26 14:00:00,12.19769324800784,519.6152422706632
2026-10-26 15:00:00,12.9741503833154,424.26406871192853
2026-10-26 16:00:00,13.69769324800784,299.99999999999994
2026-10-26 17:00:00,14.319013591567481,155.29142706151262
2026-10-26 18:00:00,14.795769459361155,7.347880794884119e-14
2026-10-26 19:00:00,15.095470726875044,0.0
2026-10-26 20:00:00,15.19769324800784,0.0
2026-10-26 21:00:00,15.095470726875044,0.0
2026-10-26 22:00:00,14.795769459361155,0.0
2026-10-26 23:00:00,14.319013591567483,0.0
2026-10-27 00:00:00,13.5328718072651,0.0
2026-10-27 01:00:00,12.809328942572662,0.0
2026-10-27 02:00:00,12.0328718072651,0.0
2026-10-27 03:00:00,11.256414671957536,0.0
2026-10-27 04:00:00,10.5328718072651,0.0
2026-10-27 05:00:00,9.911551463705457,0.0
2026-10-27 06:00:00,9.434795595911783,0.0
2026-10-27 07:00:00,9.135094328397894,155.29142706151245
2026-10-27 08:00:00,9.0328718072651,299.99999999999994
2026-10-27 09:00:00,9.135094328397894,424.2640687119285
2026-10-27 10:00:00,9.434795595911783,519.6152422706632
2026-10-27 11:00:00,9.911551463705457,579.555495773441
2026-10-27 12:00:00,10.5328718072651,600.0
2026-10-27 13:00:00,11.256414671957536,579.555495773441
2026-10-27 14:00:00,12.0328718072651,519.6152422706632
2026-10-27 15:00:00,12.809328942572662,424.26406871192853
2026-10-27 16:00:00,13.5328718072651,299.99999999999994
2026-10-27 17:00:00,14.154192150824741,155.29142706151262
2026-10-27 18:00:00,14.630948018618415,7.347880794884119e-14
2026-10-27 19:00:00,14.930649286132304,0.0
2026-10-27 20:00:00,15.0328718072651,0.0
2026-10-27 21:00:00,14.930649286132304,0.0
2026-10-27 22:00:00,14.630948018618415,0.0
2026-10-27 23:00:00,14.154192150824741,0.0
2026-10-28 00:00:00,13.36892959064173,0.0
2026-10-28 01:00:00,12.645386725949296,0.0
2026-10-28 02:00:00,11.868929590641732,0.0
2026-10-28 03:00:00,11.09247245533417,0.0
2026-10-28 04:00:00,10.368929590641732,0.0
2026-10-28 05:00:00,9.747609247082089,0.0
2026-10-28 06:00:00,9.270853379288416,0.0
2026-10-28 07:00:00,8.971152111774527,155.29142706151245
2026-10-28 08:00:00,8.868929590641732,299.99999999999994
2026-10-28 09:00:00,8.971152111774527,424.2640687119285
2026-10-28 10:00:00,9.270853379288416,519.6152422706632
2026-10-28 11:00:00,9.74760924708209,579.555495773441
2026-10-28 12:00:00,10.368929590641732,600.0
2026-10-28 13:00:00,11.092472455334171,579.555495773441
2026-10-28 14:00:00,11.868929590641732,519.6152422706632
2026-10-28 15:00:00,12.645386725949294,424.26406871192853
2026-10-28 16:00:00,13.368929590641732,299.99999999999994
2026-10-28 17:00:00,13.990249934201374,155.29142706151262
2026-10-28 18:00:00,14.467005801995048,7.347880794884119e-14
2026-10-28 19:00:00,14.766707069508938,0.0
2026-10-28 20:00:00,14.868929590641732,0.0
2026-10-28 21:00:00,14.766707069508938,0.0
2026-10-28 22:00:00,14.467005801995048,0.0
2026-10-28 23:00:00,13.990249934201376,0.0
2026-10-29 00:00:00,13.205915177754697,0.0
2026-10-29 01:00:00,12.48237231306226,0.0
2026-10-29 02:00:00,11.705915177754697,0.0
2026-10-29 03:00:00,10.929458042447134,0.0
2026-10-29 04:00:00,10.205915177754697,0.0
2026-10-29 05:00:00,9.584594834195055,0.0
2026-10-29 06:00:00,9.107838966401381,0.0
2026-10-29 07:00:00,8.808137698887492,155.29142706151245
2026-10-29 08:00:00,8.705915177754697,299.99999999999994
2026-10-29 09:00:00,8.808137698887492,424.2640687119285
2026-10-29 10:00:00,9.107838966401381,519.6152422706632
2026-10-29 11:00:00,9.584594834195055,579.555495773441
2026-10-29 12:00:00,10.205915177754697,600.0
2026-10-29 13:00:00,10.929458042447134,579.555495773441
2026-10-29 14:00:00,11.705915177754697,519.6152422706632
2026-10-29 15:00:00,12.48237231306226,424.26406871192853
2026-10-29 16:00:00,13.205915177754697,299.99999999999994
2026-10-29 17:00:00,13.82723552131434,155.29142706151262
2026-10-29 18:00:00,14.303991389108013,7.347880794884119e-14
2026-10-29 19:00:00,14.603692656621902,0.0
2026-10-29 20:00:00,14.705915177754697,0.0
2026-10-29 21:00:00,14.603692656621902,0.0
2026-10-29 22:00:00,14.303991389108013,0.0
2026-10-29 23:00:00,13.82723552131434,0.0
2026-10-30 00:00:00,13.043876873292668,0.0
2026-10-30 01:00:00,12.32033400860023,0.0
2026-10-30 02:00:00,11.543876873292668,0.0
2026-10-30 03:00:00,10.767419737985104,0.0
2026-10-30 04:00:00,10.043876873292668,0.0
2026-10-30 05:00:00,9.422556529733026,0.0
2026-10-30 06:00:00,8.945800661939352,0.0
2026-10-30 07:00:00,8.646099394425462,155.29142706151245
2026-10-30 08:00:00,8.543876873292668,299.99999999999994
2026-10-30 09:00:00,8.646099394425462,424.2640687119285
2026-10-30 10:00:00,8.945800661939352,519.6152422706632
2026-10-30 11:00:00,9.422556529733026,579.555495773441
2026-10-30 12:00:00,10.043876873292668,600.0
2026-10-30 13:00:00,10.767419737985104,579.555495773441
2026-10-30 14:00:00,11.543876873292668,519.6152422706632
2026-10-30 15:00:00,12.32033400860023,424.26406871192853
2026-10-30 16:00:00,13.043876873292668,299.99999999999994
2026-10-30 17:00:00,13.66519721685231,155.29142706151262
2026-10-30 18:00:00,14.141953084645984,7.347880794884119e-14
2026-10-30 19:00:00,14.441654352159873,0.0
2026-10-30 20:00:00,14.543876873292668,0.0
2026-10-30 21:00:00,14.441654352159873,0.0
2026-10-30 22:00:00,14.141953084645984,0.0
2026-10-30 23:00:00,13.66519721685231,0.0
2026-10-31 00:00:00,12.882862692702325,0.0
2026-10-31 01:00:00,12.159319828009888,0.0
2026-10-31 02:00:00,11.382862692702325,0.0
2026-10-31 03:00:00,10.606405557394762,0.0
2026-10-31 04:00:00,9.882862692702325,0.0
2026-10-31 05:00:00,9.261542349142683,0.0
2026-10-31 06:00:00,8.784786481349009,0.0
2026-10-31 07:00:00,8.48508521383512,155.29142706151245
2026-10-31 08:00:00,8.382862692702325,299.99999999999994
2026-10-31 09:00:00,8.48508521383512,424.2640687119285
2026-10-31 10:00:00,8.784786481349009,519.6152422706632
2026-10-31 11:00:00,9.261542349142683,579.555495773441
2026-10-31 12:00:00,9.882862692702325,600.0
2026-10-31 13:00:00,10.606405557394762,579.555495773441
2026-10-31 14:00:00,11.382862692702325,519.6152422706632
2026-10-31 15:00:00,12.159319828009888,424.26406871192853
2026-10-31 16:00:00,12.882862692702325,299.99999999999994
2026-10-31 17:00:00,13.504183036261967,155.29142706151262
2026-10-31 18:00:00,13.980938904055641,7.347880794884119e-14
2026-10-31 19:00:00,14.28064017156953,0.0
2026-10-31 20:00:00,14.382862692702325,0.0
2026-10-31 21:00:00,14.28064017156953,0.0
2026-10-31 22:00:00,13.980938904055641,0.0
2026-10-31 23:00:00,13.504183036261967,0.0
2026-11-01 00:00:00,12.722920347960354,0.0
2026-11-01 01:00:00,11.999377483267917,0.0
2026-11-01 02:00:00,11.222920347960354,0.0
2026-11-01 03:00:00,10.446463212652791,0.0
2026-11-01 04:00:00,9.722920347960354,0.0
2026-11-01 05:00:00,9.101600004400712,0.0
2026-11-01 06:00:00,8.624844136607038,0.0
2026-11-01 07:00:00,8.325142869093149,155.29142706151245
2026-11-01 08:00:00,8.222920347960354,299.99999999999994
2026-11-01 09:00:00,8.325142869093149,424.2640687119285
2026-11-01 10:00:00,8.624844136607038,519.6152422706632
2026-11-01 11:00:00,9.101600004400712,579.555495773441
2026-11-01 12:00:00,9.722920347960354,600.0
2026-11-01 13:00:00,10.446463212652791,579.555495773441
2026-11-01 14:00:00,11.222920347960354,519.6152422706632
2026-11-01 15:00:00,11.999377483267917,424.26406871192853
2026-11-01 16:00:00,12.722920347960354,299.99999999999994
2026-11-01 17:00:00,13.344240691519996,155.29142706151262
2026-11-01 18:00:00,13.82099655931367,7.347880794884119e-14
2026-11-01 19:00:00,14.12069782682756,0.0
2026-11-01 20:00:00,14.222920347960354,0.0
2026-11-01 21:00:00,14.12069782682756,0.0
2026-11-01 22:00:00,13.82099655931367,0.0
2026-11-01 23:00:00,13.344240691519996,0.0
2026-11-02 00:00:00,12.564097233435334,0.0
2026-11-02 01:00:00,11.840554368742898,0.0
2026-11-02 02:00:00,11.064097233435335,0.0
2026-11-02 03:00:00,10.287640098127772,0.0
2026-11-02 04:00:00,9.564097233435335,0.0
2026-11-02 05:00:00,8.942776889875692,0.0
2026-11-02 06:00:00,8.46602102208202,0.0
2026-11-02 07:00:00,8.16631975456813,155.29142706151245
2026-11-02 08:00:00,8.064097233435335,299.99999999999994
2026-11-02 09:00:00,8.16631975456813,424.2640687119285
2026-11-02 10:00:00,8.46602102208202,519.6152422706632
2026-11-02 11:00:00,8.942776889875693,579.555495773441
2026-11-02 12:00:00,9.564097233435335,600.0
2026-11-02 13:00:00,10.287640098127774,579.555495773441
2026-11-02 14:00:00,11.064097233435335,519.6152422706632
2026-11-02 15:00:00,11.840554368742897,424.26406871192853
2026-11-02 16:00:00,12.564097233435335,299.99999999999994
2026-11-02 17:00:00,13.185417576994977,155.29142706151262
2026-11-02 18:00:00,13.662173444788651,7.347880794884119e-14
2026-11-02 19:00:00,13.96187471230254,0.0
2026-11-02 20:00:00,14.064097233435335,0.0
2026-11-02 21:00:00,13.96187471230254,0.0
2026-11-02 22:00:00,13.662173444788651,0.0
2026-11-02 23:00:00,13.185417576994979,0.0
2026-11-03 00:00:00,12.40644041184379,0.0
2026-11-03 01:00:00,11.682897547151352,0.0
2026-11-03 02:00:00,10.90644041184379,0.0
2026-11-03 03:00:00,10.129983276536226,0.0
2026-11-03 04:00:00,9.40644041184379,0.0
2026-11-03 05:00:00,8.785120068284147,0.0
2026-11-03 06:00:00,8.308364200490473,0.0
2026-11-03 07:00:00,8.008662932976584,155.29142706151245
2026-11-03 08:00:00,7.906440411843789,299.99999999999994
2026-11-03 09:00:00,8.008662932976584,424.2640687119285
2026-11-03 10:00:00,8.308364200490473,519.6152422706632
2026-11-03 11:00:00,8.785120068284147,579.555495773441
2026-11-03 12:00:00,9.40644041184379,600.0
2026-11-03 13:00:00,10.129983276536226,579.555495773441
2026-11-03 14:00:00,10.90644041184379,519.6152422706632
2026-11-03 15:00:00,11.682897547151352,424.26406871192853
2026-11-03 16:00:00,12.40644041184379,299.99999999999994
2026-11-03 17:00:00,13.027760755403431,155.29142706151262
2026-11-03 18:00:00,13.504516623197105,7.347880794884119e-14
2026-11-03 19:00:00,13.804217890710994,0.0
2026-11-03 20:00:00,13.90644041184379,0.0
2026-11-03 21:00:00,13.804217890710994,0.0
2026-11-03 22:00:00,13.504516623197105,0.0
2026-11-03 23:00:00,13.027760755403431,0.0
2026-11-04 00:00:00,12.24999660030446,0.0
2026-11-04 01:00:00,11.526453735612023,0.0
2026-11-04 02:00:00,10.74999660030446,0.0
2026-11-04 03:00:00,9.973539464996897,0.0
2026-11-04 04:00:00,9.24999660030446,0.0
2026-11-04 05:00:00,8.628676256744818,0.0
2026-11-04 06:00:00,8.151920388951144,0.0
2026-11-04 07:00:00,7.852219121437255,155.29142706151245
2026-11-04 08:00:00,7.74999660030446,299.99999999999994
2026-11-04 09:00:00,7.852219121437255,424.2640687119285
2026-11-04 10:00:00,8.151920388951144,519.6152422706632
2026-11-04 11:00:00,8.628676256744818,579.555495773441
2026-11-04 12:00:00,9.24999660030446,600.0
2026-11-04 13:00:00,9.973539464996897,579.555495773441
2026-11-04 14:00:00,10.74999660030446,519.6152422706632
2026-11-04 15:00:00,11.526453735612023,424.26406871192853
2026-11-04 16:00:00,12.24999660030446,299.99999999999994
2026-11-04 17:00:00,12.871316943864102,155.29142706151262
2026-11-04 18:00:00,13.348072811657776,7.347880794884119e-14
2026-11-04 19:00:00,13.647774079171665,0.0
2026-11-04 20:00:00,13.74999660030446,0.0
2026-11-04 21:00:00,13.647774079171665,0.0
2026-11-04 22:00:00,13.348072811657776,0.0
2026-11-04 23:00:00,12.871316943864102,0.0
2026-11-05 00:00:00,12.094812156495049,0.0
2026-11-05 01:00:00,11.371269291802612,0.0
2026-11-05 02:00:00,10.594812156495049,0.0
2026-11-05 03:00:00,9.818355021187486,0.0
2026-11-05 04:00:00,9.094812156495049,0.0
2026-11-05 05:00:00,8.473491812935407,0.0
2026-11-05 06:00:00,7.996735945141733,0.0
2026-11-05 07:00:00,7.697034677627844,155.29142706151245
2026-11-05 08:00:00,7.594812156495049,299.99999999999994
2026-11-05 09:00:00,7.697034677627844,424.2640687119285
2026-11-05 10:00:00,7.996735945141733,519.6152422706632
2026-11-05 11:00:00,8.473491812935407,579.555495773441
2026-11-05 12:00:00,9.094812156495049,600.0
2026-11-05 13:00:00,9.818355021187486,579.555495773441
2026-11-05 14:00:00,10.594812156495049,519.6152422706632
2026-11-05 15:00:00,11.371269291802612,424.26406871192853
2026-11-05 16:00:00,12.094812156495049,299.99999999999994
2026-11-05 17:00:00,12.716132500054691,155.29142706151262
2026-11-05 18:00:00,13.192888367848365,7.347880794884119e-14
2026-11-05 19:00:00,13.492589635362254,0.0
2026-11-05 20:00:00,13.594812156495049,0.0
2026-11-05 21:00:00,13.492589635362254,0.0
2026-11-05 22:00:00,13.192888367848365,0.0
2026-11-05 23:00:00,12.716132500054691,0.0
2026-11-06 00:00:00,11.94093306491541,0.0
2026-11-06 01:00:00,11.217390200222972,0.0
2026-11-06 02:00:00,10.44093306491541,0.0
2026-11-06 03:00:00,9.664475929607846,0.0
2026-11-06 04:00:00,8.94093306491541,0.0
2026-11-06 05:00:00,8.319612721355767,0.0
2026-11-06 06:00:00,7.842856853562093,0.0
2026-11-06 07:00:00,7.543155586048204,155.29142706151245
2026-11-06 08:00:00,7.440933064915409,299.99999999999994
2026-11-06 09:00:00,7.543155586048204,424.2640687119285
2026-11-06 10:00:00,7.842856853562093,519.6152422706632
2026-11-06 11:00:00,8.319612721355767,579.555495773441
2026-11-06 12:00:00,8.94093306491541,600.0
2026-11-06 13:00:00,9.664475929607846,579.555495773441
2026-11-06 14:00:00,10.44093306491541,519.6152422706632
2026-11-06 15:00:00,11.217390200222972,424.26406871192853
2026-11-06 16:00:00,11.94093306491541,299.99999999999994
2026-11-06 17:00:00,12.562253408475051,155.29142706151262
2026-11-06 18:00:00,13.039009276268725,7.347880794884119e-14
2026-11-06 19:00:00,13.338710543782614,0.0
2026-11-06 20:00:00,13.44093306491541,0.0
2026-11-06 21:00:00,13.338710543782614,0.0
2026-11-06 22:00:00,13.039009276268725,0.0
2026-11-06 23:00:00,12.562253408475051,0.0
2026-11-07 00:00:00,11.78840492326136,0.0
2026-11-07 01:00:00,11.064862058568924,0.0
2026-11-07 02:00:00,10.28840492326136,0.0
2026-11-07 03:00:00,9.511947787953797,0.0
2026-11-07 04:00:00,8.78840492326136,0.0
2026-11-07 05:00:00,8.167084579701719,0.0
2026-11-07 06:00:00,7.690328711908045,0.0
2026-11-07 07:00:00,7.3906274443941555,155.29142706151245
2026-11-07 08:00:00,7.288404923261361,299.99999999999994
2026-11-07 09:00:00,7.3906274443941555,424.2640687119285
2026-11-07 10:00:00,7.690328711908045,519.6152422706632
2026-11-07 11:00:00,8.167084579701719,579.555495773441
2026-11-07 12:00:00,8.78840492326136,600.0
2026-11-07 13:00:00,9.511947787953797,579.555495773441
2026-11-07 14:00:00,10.28840492326136,519.6152422706632
2026-11-07 15:00:00,11.064862058568924,424.26406871192853
2026-11-07 16:00:00,11.78840492326136,299.99999999999994
2026-11-07 17:00:00,12.409725266821003,155.29142706151262
2026-11-07 18:00:00,12.886481134614677,7.347880794884119e-14
2026-11-07 19:00:00,13.186182402128566,0.0
2026-11-07 20:00:00,13.28840492326136,0.0
2026-11-07 21:00:00,13.186182402128566,0.0
2026-11-07 22:00:00,12.886481134614677,0.0
2026-11-07 23:00:00,12.409725266821003,0.0
2026-11-08 00:00:00,11.637272928913099,0.0
2026-11-08 01:00:00,10.913730064220662,0.0
2026-11-08 02:00:00,10.137272928913099,0.0
2026-11-08 03:00:00,9.360815793605536,0.0
2026-11-08 04:00:00,8.637272928913099,0.0
2026-11-08 05:00:00,8.015952585353457,0.0
2026-11-08 06:00:00,7.539196717559783,0.0
2026-11-08 07:00:00,7.239495450045894,155.29142706151245
2026-11-08 08:00:00,7.137272928913099,299.99999999999994
2026-11-08 09:00:00,7.239495450045894,424.2640687119285
2026-11-08 10:00:00,7.539196717559783,519.6152422706632
2026-11-08 11:00:00,8.015952585353457,579.555495773441
2026-11-08 12:00:00,8.637272928913099,600.0
2026-11-08 13:00:00,9.360815793605536,579.555495773441
2026-11-08 14:00:00,10.137272928913099,519.6152422706632
2026-11-08 15:00:00,10.913730064220662,424.26406871192853
2026-11-08 16:00:00,11.637272928913099,299.99999999999994
2026-11-08 17:00:00,12.25859327247274,155.29142706151262
2026-11-08 18:00:00,12.735349140266415,7.347880794884119e-14
2026-11-08 19:00:00,13.035050407780304,0.0
2026-11-08 20:00:00,13.137272928913099,0.0
2026-11-08 21:00:00,13.035050407780304,0.0
2026-11-08 22:00:00,12.735349140266415,0.0
2026-11-08 23:00:00,12.25859327247274,0.0
2026-11-09 00:00:00,11.487581865542243,0.0
2026-11-09 01:00:00,10.764039000849808,0.0
2026-11-09 02:00:00,9.987581865542245,0.0
2026-11-09 03:00:00,9.211124730234681,0.0
2026-11-09 04:00:00,8.487581865542245,0.0
2026-11-09 05:00:00,7.866261521982602,0.0
2026-11-09 06:00:00,7.389505654188929,0.0
2026-11-09 07:00:00,7.0898043866750395,155.29142706151245
2026-11-09 08:00:00,6.987581865542245,299.99999999999994
2026-11-09 09:00:00,7.0898043866750395,424.2640687119285
2026-11-09 10:00:00,7.389505654188929,519.6152422706632
2026-11-09 11:00:00,7.866261521982603,579.555495773441
2026-11-09 12:00:00,8.487581865542245,600.0
2026-11-09 13:00:00,9.211124730234683,579.555495773441
2026-11-09 14:00:00,9.987581865542245,519.6152422706632
2026-11-09 15:00:00,10.764039000849806,424.26406871192853
2026-11-09 16:00:00,11.487581865542245,299.99999999999994
2026-11-09 17:00:00,12.108902209101887,155.29142706151262
2026-11-09 18:00:00,12.58565807689556,7.347880794884119e-14
2026-11-09 19:00:00,12.88535934440945,0.0
2026-11-09 20:00:00,12.987581865542245,0.0
2026-11-09 21:00:00,12.88535934440945,0.0
2026-11-09 22:00:00,12.58565807689556,0.0
2026-11-09 23:00:00,12.108902209101888,0.0
2026-11-10 00:00:00,11.339376089841473,0.0
2026-11-10 01:00:00,10.615833225149037,0.0
2026-11-10 02:00:00,9.839376089841474,0.0
2026-11-10 03:00:00,9.062918954533911,0.0
2026-11-10 04:00:00,8.339376089841474,0.0
2026-11-10 05:00:00,7.7180557462818316,0.0
2026-11-10 06:00:00,7.241299878488158,0.0
2026-11-10 07:00:00,6.941598610974269,155.29142706151245
2026-11-10 08:00:00,6.839376089841474,299.99999999999994
2026-11-10 09:00:00,6.941598610974269,424.2640687119285
2026-11-10 10:00:00,7.241299878488158,519.6152422706632
2026-11-10 11:00:00,7.718055746281832,579.555495773441
2026-11-10 12:00:00,8.339376089841474,600.0
2026-11-10 13:00:00,9.062918954533913,579.555495773441
2026-11-10 14:00:00,9.839376089841474,519.6152422706632
2026-11-10 15:00:00,10.615833225149036,424.26406871192853
2026-11-10 16:00:00,11.339376089841474,299.99999999999994
2026-11-10 17:00:00,11.960696433401116,155.29142706151262
2026-11-10 18:00:00,12.43745230119479,7.347880794884119e-14
2026-11-10 19:00:00,12.73715356870868,0.0
2026-11-10 20:00:00,12.839376089841474,0.0
2026-11-10 21:00:00,12.73715356870868,0.0
2026-11-10 22:00:00,12.43745230119479,0.0
2026-11-10 23:00:00,11.960696433401118,0.0
2026-11-11 00:00:00,11.192699518380667,0.0
2026-11-11 01:00:00,10.46915665368823,0.0
2026-11-11 02:00:00,9.692699518380667,0.0
2026-11-11 03:00:00,8.916242383073104,0.0
2026-11-11 04:00:00,8.192699518380667,0.0
2026-11-11 05:00:00,7.571379174821025,0.0
2026-11-11 06:00:00,7.0946233070273514,0.0
2026-11-11 07:00:00,6.794922039513462,155.29142706151245
2026-11-11 08:00:00,6.6926995183806675,299.99999999999994
2026-11-11 09:00:00,6.794922039513462,424.2640687119285
2026-11-11 10:00:00,7.0946233070273514,519.6152422706632
2026-11-11 11:00:00,7.5713791748210255,579.555495773441
2026-11-11 12:00:00,8.192699518380667,600.0
2026-11-11 13:00:00,8.916242383073104,579.555495773441
2026-11-11 14:00:00,9.692699518380667,519.6152422706632
2026-11-11 15:00:00,10.46915665368823,424.26406871192853
2026-11-11 16:00:00,11.192699518380667,299.99999999999994
2026-11-11 17:00:00,11.81401986194031,155.29142706151262
2026-11-11 18:00:00,12.290775729733983,7.347880794884119e-14
2026-11-11 19:00:00,12.590476997247873,0.0
2026-11-11 20:00:00,12.692699518380667,0.0
2026-11-11 21:00:00,12.590476997247873,0.0
2026-11-11 22:00:00,12.290775729733983,0.0
2026-11-11 23:00:00,11.81401986194031,0.0
2026-11-12 00:00:00,11.047595614593494,0.0
2026-11-12 01:00:00,10.324052749901057,0.0
2026-11-12 02:00:00,9.547595614593494,0.0
2026-11-12 03:00:00,8.77113847928593,0.0
2026-11-12 04:00:00,8.047595614593494,0.0
2026-11-12 05:00:00,7.426275271033851,0.0
2026-11-12 06:00:00,6.949519403240178,0.0
2026-11-12 07:00:00,6.649818135726289,155.29142706151245
2026-11-12 08:00:00,6.547595614593494,299.99999999999994
2026-11-12 09:00:00,6.649818135726289,424.2640687119285
2026-11-12 10:00:00,6.949519403240178,519.6152422706632
2026-11-12 11:00:00,7.426275271033852,579.555495773441
2026-11-12 12:00:00,8.047595614593494,600.0
2026-11-12 13:00:00,8.77113847928593,579.555495773441
2026-11-12 14:00:00,9.547595614593494,519.6152422706632
2026-11-12 15:00:00,10.324052749901057,424.26406871192853
2026-11-12 16:00:00,11.047595614593494,299.99999999999994
2026-11-12 17:00:00,11.668915958153136,155.29142706151262
2026-11-12 18:00:00,12.14567182594681,7.347880794884119e-14
2026-11-12 19:00:00,12.445373093460699,0.0
2026-11-12 20:00:00,12.547595614593494,0.0
2026-11-12 21:00:00,12.445373093460699,0.0
2026-11-12 22:00:00,12.14567182594681,0.0
2026-11-12 23:00:00,11.668915958153136,0.0
2026-11-13 00:00:00,10.904107375898239,0.0
2026-11-13 01:00:00,10.180564511205802,0.0
2026-11-13 02:00:00,9.404107375898239,0.0
2026-11-13 03:00:00,8.627650240590675,0.0
2026-11-13 04:00:00,7.9041073758982385,0.0
2026-11-13 05:00:00,7.282787032338596,0.0
2026-11-13 06:00:00,6.8060311645449225,0.0
2026-11-13 07:00:00,6.5063298970310335,155.29142706151245
2026-11-13 08:00:00,6.4041073758982385,299.99999999999994
2026-11-13 09:00:00,6.5063298970310335,424.2640687119285
2026-11-13 10:00:00,6.8060311645449225,519.6152422706632
2026-11-13 11:00:00,7.282787032338597,579.555495773441
2026-11-13 12:00:00,7.9041073758982385,600.0
2026-11-13 13:00:00,8.627650240590675,579.555495773441
2026-11-13 14:00:00,9.404107375898239,519.6152422706632
2026-11-13 15:00:00,10.180564511205802,424.26406871192853
2026-11-13 16:00:00,10.904107375898239,299.99999999999994
2026-11-13 17:00:00,11.52542771945788,155.29142706151262
2026-11-13 18:00:00,12.002183587251555,7.347880794884119e-14
2026-11-13 19:00:00,12.301884854765444,0.0
2026-11-13 20:00:00,12.404107375898239,0.0
2026-11-13 21:00:00,12.301884854765444,0.0
2026-11-13 22:00:00,12.002183587251555,0.0
2026-11-13 23:00:00,11.52542771945788,0.0
2026-11-14 00:00:00,10.762277320956755,0.0
2026-11-14 01:00:00,10.038734456264319,0.0
2026-11-14 02:00:00,9.262277320956755,0.0
2026-11-14 03:00:00,8.485820185649192,0.0
2026-11-14 04:00:00,7.7622773209567555,0.0
2026-11-14 05:00:00,7.140956977397113,0.0
2026-11-14 06:00:00,6.6642011096034395,0.0
2026-11-14 07:00:00,6.36449984208955,155.29142706151245
2026-11-14 08:00:00,6.2622773209567555,299.99999999999994
2026-11-14 09:00:00,6.36449984208955,424.2640687119285
2026-11-14 10:00:00,6.6642011096034395,519.6152422706632
2026-11-14 11:00:00,7.1409569773971135,579.555495773441
2026-11-14 12:00:00,7.7622773209567555,600.0
2026-11-14 13:00:00,8.485820185649192,579.555495773441
2026-11-14 14:00:00,9.262277320956755,519.6152422706632
2026-11-14 15:00:00,10.038734456264319,424.26406871192853
2026-11-14 16:00:00,10.762277320956755,299.99999999999994
2026-11-14 17:00:00,11.383597664516397,155.29142706151262
2026-11-14 18:00:00,11.860353532310072,7.347880794884119e-14
2026-11-14 19:00:00,12.16005479982396,0.0
2026-11-14 20:00:00,12.262277320956755,0.0
2026-11-14 21:00:00,12.16005479982396,0.0
2026-11-14 22:00:00,11.860353532310072,0.0
2026-11-14 23:00:00,11.383597664516397,0.0
2026-11-15 00:00:00,10.622147477075266,0.0
2026-11-15 01:00:00,9.89860461238283,0.0
2026-11-15 02:00:00,9.122147477075266,0.0
2026-11-15 03:00:00,8.345690341767703,0.0
2026-11-15 04:00:00,7.622147477075266,0.0
2026-11-15 05:00:00,7.000827133515624,0.0
2026-11-15 06:00:00,6.52407126572195,0.0
2026-11-15 07:00:00,6.224369998208061,155.29142706151245
2026-11-15 08:00:00,6.122147477075266,299.99999999999994
2026-11-15 09:00:00,6.224369998208061,424.2640687119285
2026-11-15 10:00:00,6.52407126572195,519.6152422706632
2026-11-15 11:00:00,7.0008271335156245,579.555495773441
2026-11-15 12:00:00,7.622147477075266,600.0
2026-11-15 13:00:00,8.345690341767703,579.555495773441
2026-11-15 14:00:00,9.122147477075266,519.6152422706632
2026-11-15 15:00:00,9.89860461238283,424.26406871192853
2026-11-15 16:00:00,10.622147477075266,299.99999999999994
2026-11-15 17:00:00,11.243467820634908,155.29142706151262
2026-11-15 18:00:00,11.720223688428582,7.347880794884119e-14
2026-11-15 19:00:00,12.019924955942471,0.0
2026-11-15 20:00:00,12.122147477075266,0.0
2026-11-15 21:00:00,12.019924955942471,0.0
2026-11-15 22:00:00,11.720223688428582,0.0
2026-11-15 23:00:00,11.243467820634908,0.0
2026-11-16 00:00:00,10.483759367750771,0.0
2026-11-16 01:00:00,9.760216503058336,0.0
2026-11-16 02:00:00,8.983759367750773,0.0
2026-11-16 03:00:00,8.20730223244321,0.0
2026-11-16 04:00:00,7.483759367750773,0.0
2026-11-16 05:00:00,6.86243902419113,0.0
2026-11-16 06:00:00,6.385683156397457,0.0
2026-11-16 07:00:00,6.085981888883568,155.29142706151245
2026-11-16 08:00:00,5.983759367750773,299.99999999999994
2026-11-16 09:00:00,6.085981888883568,424.2640687119285
2026-11-16 10:00:00,6.385683156397457,519.6152422706632
2026-11-16 11:00:00,6.862439024191131,579.555495773441
2026-11-16 12:00:00,7.483759367750773,600.0
2026-11-16 13:00:00,8.207302232443212,579.555495773441
2026-11-16 14:00:00,8.983759367750773,519.6152422706632
2026-11-16 15:00:00,9.760216503058334,424.26406871192853
2026-11-16 16:00:00,10.483759367750773,299.99999999999994
2026-11-16 17:00:00,11.105079711310415,155.29142706151262
2026-11-16 18:00:00,11.581835579104089,7.347880794884119e-14
2026-11-16 19:00:00,11.881536846617978,0.0
2026-11-16 20:00:00,11.983759367750773,0.0
2026-11-16 21:00:00,11.881536846617978,0.0
2026-11-16 22:00:00,11.581835579104089,0.0
2026-11-16 23:00:00,11.105079711310417,0.0
2026-11-17 00:00:00,10.347154000366722,0.0
2026-11-17 01:00:00,9.623611135674285,0.0
2026-11-17 02:00:00,8.847154000366722,0.0
2026-11-17 03:00:00,8.070696865059158,0.0
2026-11-17 04:00:00,7.3471540003667215,0.0
2026-11-17 05:00:00,6.725833656807079,0.0
2026-11-17 06:00:00,6.2490777890134055,0.0
2026-11-17 07:00:00,5.9493765214995165,155.29142706151245
2026-11-17 08:00:00,5.8471540003667215,299.99999999999994
2026-11-17 09:00:00,5.9493765214995165,424.2640687119285
2026-11-17 10:00:00,6.2490777890134055,519.6152422706632
2026-11-17 11:00:00,6.72583365680708,579.555495773441
2026-11-17 12:00:00,7.3471540003667215,600.0
2026-11-17 13:00:00,8.070696865059158,579.555495773441
2026-11-17 14:00:00,8.847154000366722,519.6152422706632
2026-11-17 15:00:00,9.623611135674285,424.26406871192853
2026-11-17 16:00:00,10.347154000366722,299.99999999999994
2026-11-17 17:00:00,10.968474343926363,155.29142706151262
2026-11-17 18:00:00,11.445230211720038,7.347880794884119e-14
2026-11-17 19:00:00,11.744931479233927,0.0
2026-11-17 20:00:00,11.847154000366722,0.0
2026-11-17 21:00:00,11.744931479233927,0.0
2026-11-17 22:00:00,11.445230211720038,0.0
2026-11-17 23:00:00,10.968474343926363,0.0
2026-11-18 00:00:00,10.212371854041656,0.0
2026-11-18 01:00:00,9.48882898934922,0.0
2026-11-18 02:00:00,8.712371854041656,0.0
2026-11-18 03:00:00,7.935914718734093,0.0
2026-11-18 04:00:00,7.212371854041656,0.0
2026-11-18 05:00:00,6.591051510482013,0.0
2026-11-18 06:00:00,6.11429564268834,0.0
2026-11-18 07:00:00,5.814594375174451,155.29142706151245
2026-11-18 08:00:00,5.712371854041656,299.99999999999994
2026-11-18 09:00:00,5.814594375174451,424.2640687119285
2026-11-18 10:00:00,6.11429564268834,519.6152422706632
2026-11-18 11:00:00,6.591051510482014,579.555495773441
2026-11-18 12:00:00,7.212371854041656,600.0
2026-11-18 13:00:00,7.935914718734094,579.555495773441
2026-11-18 14:00:00,8.712371854041656,519.6152422706632
2026-11-18 15:00:00,9.48882898934922,424.26406871192853
2026-11-18 16:00:00,10.212371854041656,299.99999999999994
2026-11-18 17:00:00,10.833692197601298,155.29142706151262
2026-11-18 18:00:00,11.310448065394972,7.347880794884119e-14
2026-11-18 19:00:00,11.610149332908861,0.0
2026-11-18 20:00:00,11.712371854041656,0.0
2026-11-18 21:00:00,11.610149332908861,0.0
2026-11-18 22:00:00,11.310448065394972,0.0
2026-11-18 23:00:00,10.833692197601298,0.0
2026-11-19 00:00:00,10.079452867634362,0.0
2026-11-19 01:00:00,9.355910002941927,0.0
2026-11-19 02:00:00,8.579452867634364,0.0
2026-11-19 03:00:00,7.802995732326801,0.0
2026-11-19 04:00:00,7.079452867634364,0.0
2026-11-19 05:00:00,6.458132524074721,0.0
2026-11-19 06:00:00,5.981376656281048,0.0
2026-11-19 07:00:00,5.681675388767159,155.29142706151245
2026-11-19 08:00:00,5.579452867634364,299.99999999999994
2026-11-19 09:00:00,5.681675388767159,424.2640687119285
2026-11-19 10:00:00,5.981376656281048,519.6152422706632
2026-11-19 11:00:00,6.458132524074722,579.555495773441
2026-11-19 12:00:00,7.079452867634364,600.0
2026-11-19 13:00:00,7.802995732326802,579.555495773441
2026-11-19 14:00:00,8.579452867634364,519.6152422706632
2026-11-19 15:00:00,9.355910002941926,424.26406871192853
2026-11-19 16:00:00,10.079452867634364,299.99999999999994
2026-11-19 17:00:00,10.700773211194006,155.29142706151262
2026-11-19 18:00:00,11.17752907898768,7.347880794884119e-14
2026-11-19 19:00:00,11.47723034650157,0.0
2026-11-19 20:00:00,11.579452867634364,0.0
2026-11-19 21:00:00,11.47723034650157,0.0
2026-11-19 22:00:00,11.17752907898768,0.0
2026-11-19 23:00:00,10.700773211194008,0.0
2026-11-20 00:00:00,9.948436427909147,0.0
2026-11-20 01:00:00,9.224893563216712,0.0
2026-11-20 02:00:00,8.448436427909149,0.0
2026-11-20 03:00:00,7.671979292601586,0.0
2026-11-20 04:00:00,6.948436427909149,0.0
2026-11-20 05:00:00,6.327116084349506,0.0
2026-11-20 06:00:00,5.850360216555833,0.0
2026-11-20 07:00:00,5.550658949041944,155.29142706151245
2026-11-20 08:00:00,5.448436427909149,299.99999999999994
2026-11-20 09:00:00,5.550658949041944,424.2640687119285
2026-11-20 10:00:00,5.850360216555833,519.6152422706632
2026-11-20 11:00:00,6.327116084349507,579.555495773441
2026-11-20 12:00:00,6.948436427909149,600.0
2026-11-20 13:00:00,7.671979292601587,579.555495773441
2026-11-20 14:00:00,8.448436427909149,519.6152422706632
2026-11-20 15:00:00,9.22489356321671,424.26406871192853
2026-11-20 16:00:00,9.948436427909149,299.99999999999994
2026-11-20 17:00:00,10.569756771468791,155.29142706151262
2026-11-20 18:00:00,11.046512639262465,7.347880794884119e-14
2026-11-20 19:00:00,11.346213906776354,0.0
2026-11-20 20:00:00,11.448436427909149,0.0
2026-11-20 21:00:00,11.346213906776354,0.0
2026-11-20 22:00:00,11.046512639262465,0.0
2026-11-20 23:00:00,10.569756771468793,0.0
2026-11-21 00:00:00,9.819361357864668,0.0
2026-11-21 01:00:00,9.095818493172231,0.0
2026-11-21 02:00:00,8.319361357864668,0.0
2026-11-21 03:00:00,7.542904222557105,0.0
2026-11-21 04:00:00,6.819361357864668,0.0
2026-11-21 05:00:00,6.1980410143050255,0.0
2026-11-21 06:00:00,5.721285146511352,0.0
2026-11-21 07:00:00,5.421583878997463,155.29142706151245
2026-11-21 08:00:00,5.319361357864668,299.99999999999994
2026-11-21 09:00:00,5.421583878997463,424.2640687119285
2026-11-21 10:00:00,5.721285146511352,519.6152422706632
2026-11-21 11:00:00,6.198041014305026,579.555495773441
2026-11-21 12:00:00,6.819361357864668,600.0
2026-11-21 13:00:00,7.542904222557106,579.555495773441
2026-11-21 14:00:00,8.319361357864668,519.6152422706632
2026-11-21 15:00:00,9.095818493172231,424.26406871192853
2026-11-21 16:00:00,9.819361357864668,299.99999999999994
2026-11-21 17:00:00,10.44068170142431,155.29142706151262
2026-11-21 18:00:00,10.917437569217984,7.347880794884119e-14
2026-11-21 19:00:00,11.217138836731873,0.0
2026-11-21 20:00:00,11.319361357864668,0.0
2026-11-21 21:00:00,11.217138836731873,0.0
2026-11-21 22:00:00,10.917437569217984,0.0
2026-11-21 23:00:00,10.44068170142431,0.0
2026-11-22 00:00:00,9.692265905229839,0.0
2026-11-22 01:00:00,8.968723040537402,0.0
2026-11-22 02:00:00,8.192265905229839,0.0
2026-11-22 03:00:00,7.4158087699222754,0.0
2026-11-22 04:00:00,6.6922659052298386,0.0
2026-11-22 05:00:00,6.070945561670196,0.0
2026-11-22 06:00:00,5.5941896938765225,0.0
2026-11-22 07:00:00,5.2944884263626335,155.29142706151245
2026-11-22 08:00:00,5.1922659052298386,299.99999999999994
2026-11-22 09:00:00,5.2944884263626335,424.2640687119285
2026-11-22 10:00:00,5.5941896938765225,519.6152422706632
2026-11-22 11:00:00,6.070945561670197,579.555495773441
2026-11-22 12:00:00,6.6922659052298386,600.0
2026-11-22 13:00:00,7.415808769922276,579.555495773441
2026-11-22 14:00:00,8.192265905229839,519.6152422706632
2026-11-22 15:00:00,8.968723040537402,424.26406871192853
2026-11-22 16:00:00,9.692265905229839,299.99999999999994
2026-11-22 17:00:00,10.31358624878948,155.29142706151262
2026-11-22 18:00:00,10.790342116583155,7.347880794884119e-14
2026-11-22 19:00:00,11.090043384097044,0.0
2026-11-22 20:00:00,11.192265905229839,0.0
2026-11-22 21:00:00,11.090043384097044,0.0
2026-11-22 22:00:00,10.790342116583155,0.0
2026-11-22 23:00:00,10.31358624878948,0.0
2026-11-23 00:00:00,9.567187731130229,0.0
2026-11-23 01:00:00,8.843644866437792,0.0
2026-11-23 02:00:00,8.067187731130229,0.0
2026-11-23 03:00:00,7.290730595822666,0.0
2026-11-23 04:00:00,6.567187731130229,0.0
2026-11-23 05:00:00,5.945867387570586,0.0
2026-11-23 06:00:00,5.469111519776913,0.0
2026-11-23 07:00:00,5.169410252263024,155.29142706151245
2026-11-23 08:00:00,5.067187731130229,299.99999999999994
2026-11-23 09:00:00,5.169410252263024,424.2640687119285
2026-11-23 10:00:00,5.469111519776913,519.6152422706632
2026-11-23 11:00:00,5.945867387570587,579.555495773441
2026-11-23 12:00:00,6.567187731130229,600.0
2026-11-23 13:00:00,7.290730595822667,579.555495773441
2026-11-23 14:00:00,8.067187731130229,519.6152422706632
2026-11-23 15:00:00,8.843644866437792,424.26406871192853
2026-11-23 16:00:00,9.567187731130229,299.99999999999994
2026-11-23 17:00:00,10.18850807468987,155.29142706151262
2026-11-23 18:00:00,10.665263942483545,7.347880794884119e-14
2026-11-23 19:00:00,10.964965209997434,0.0
2026-11-23 20:00:00,11.067187731130229,0.0
2026-11-23 21:00:00,10.964965209997434,0.0
2026-11-23 22:00:00,10.665263942483545,0.0
2026-11-23 23:00:00,10.18850807468987,0.0
2026-11-24 00:00:00,9.444163898928224,0.0
2026-11-24 01:00:00,8.720621034235789,0.0
2026-11-24 02:00:00,7.944163898928226,0.0
2026-11-24 03:00:00,7.167706763620663,0.0
2026-11-24 04:00:00,6.444163898928226,0.0
2026-11-24 05:00:00,5.822843555368583,0.0
2026-11-24 06:00:00,5.34608768757491,0.0
2026-11-24 07:00:00,5.046386420061021,155.29142706151245
2026-11-24 08:00:00,4.944163898928226,299.99999999999994
2026-11-24 09:00:00,5.046386420061021,424.2640687119285
2026-11-24 10:00:00,5.34608768757491,519.6152422706632
2026-11-24 11:00:00,5.822843555368584,579.555495773441
2026-11-24 12:00:00,6.444163898928226,600.0
2026-11-24 13:00:00,7.1677067636206635,579.555495773441
2026-11-24 14:00:00,7.944163898928226,519.6152422706632
2026-11-24 15:00:00,8.720621034235787,424.26406871192853
2026-11-24 16:00:00,9.444163898928226,299.99999999999994
2026-11-24 17:00:00,10.065484242487868,155.29142706151262
2026-11-24 18:00:00,10.542240110281542,7.347880794884119e-14
2026-11-24 19:00:00,10.84194137779543,0.0
2026-11-24 20:00:00,10.944163898928226,0.0
2026-11-24 21:00:00,10.84194137779543,0.0
2026-11-24 22:00:00,10.542240110281542,0.0
2026-11-24 23:00:00,10.06548424248787,0.0
2026-11-25 00:00:00,9.323230863240383,0.0
2026-11-25 01:00:00,8.599687998547948,0.0
2026-11-25 02:00:00,7.823230863240385,0.0
2026-11-25 03:00:00,7.0467737279328215,0.0
2026-11-25 04:00:00,6.323230863240385,0.0
2026-11-25 05:00:00,5.701910519680742,0.0
2026-11-25 06:00:00,5.225154651887069,0.0
2026-11-25 07:00:00,4.92545338437318,155.29142706151245
2026-11-25 08:00:00,4.823230863240385,299.99999999999994
2026-11-25 09:00:00,4.92545338437318,424.2640687119285
2026-11-25 10:00:00,5.225154651887069,519.6152422706632
2026-11-25 11:00:00,5.701910519680743,579.555495773441
2026-11-25 12:00:00,6.323230863240385,600.0
2026-11-25 13:00:00,7.046773727932822,579.555495773441
2026-11-25 14:00:00,7.823230863240385,519.6152422706632
2026-11-25 15:00:00,8.599687998547946,424.26406871192853
2026-11-25 16:00:00,9.323230863240385,299.99999999999994
2026-11-25 17:00:00,9.944551206800027,155.29142706151262
2026-11-25 18:00:00,10.4213070745937,7.347880794884119e-14
2026-11-25 19:00:00,10.72100834210759,0.0
2026-11-25 20:00:00,10.823230863240385,0.0
2026-11-25 21:00:00,10.72100834210759,0.0
2026-11-25 22:00:00,10.4213070745937,0.0
2026-11-25 23:00:00,9.944551206800028,0.0
2026-11-26 00:00:00,9.204424459135122,0.0
2026-11-26 01:00:00,8.480881594442687,0.0
2026-11-26 02:00:00,7.704424459135124,0.0
2026-11-26 03:00:00,6.927967323827561,0.0
2026-11-26 04:00:00,6.204424459135124,0.0
2026-11-26 05:00:00,5.583104115575481,0.0
2026-11-26 06:00:00,5.106348247781808,0.0
2026-11-26 07:00:00,4.806646980267919,155.29142706151245
2026-11-26 08:00:00,4.704424459135124,299.99999999999994
2026-11-26 09:00:00,4.806646980267919,424.2640687119285
2026-11-26 10:00:00,5.106348247781808,519.6152422706632
2026-11-26 11:00:00,5.583104115575482,579.555495773441
2026-11-26 12:00:00,6.204424459135124,600.0
2026-11-26 13:00:00,6.927967323827562,579.555495773441
2026-11-26 14:00:00,7.704424459135124,519.6152422706632
2026-11-26 15:00:00,8.480881594442685,424.26406871192853
2026-11-26 16:00:00,9.204424459135124,299.99999999999994
2026-11-26 17:00:00,9.825744802694766,155.29142706151262
2026-11-26 18:00:00,10.30250067048844,7.347880794884119e-14
2026-11-26 19:00:00,10.60220193800233,0.0
2026-11-26 20:00:00,10.704424459135124,0.0
2026-11-26 21:00:00,10.60220193800233,0.0
2026-11-26 22:00:00,10.30250067048844,0.0
2026-11-26 23:00:00,9.825744802694768,0.0
2026-11-27 00:00:00,9.087779891514042,0.0
2026-11-27 01:00:00,8.364237026821606,0.0
2026-11-27 02:00:00,7.587779891514042,0.0
2026-11-27 03:00:00,6.811322756206479,0.0
2026-11-27 04:00:00,6.087779891514042,0.0
2026-11-27 05:00:00,5.4664595479544,0.0
2026-11-27 06:00:00,4.989703680160726,0.0
2026-11-27 07:00:00,4.690002412646837,155.29142706151245
2026-11-27 08:00:00,4.587779891514042,299.99999999999994
2026-11-27 09:00:00,4.690002412646837,424.2640687119285
2026-11-27 10:00:00,4.989703680160726,519.6152422706632
2026-11-27 11:00:00,5.4664595479544005,579.555495773441
2026-11-27 12:00:00,6.087779891514042,600.0
2026-11-27 13:00:00,6.81132275620648,579.555495773441
2026-11-27 14:00:00,7.587779891514042,519.6152422706632
2026-11-27 15:00:00,8.364237026821606,424.26406871192853
2026-11-27 16:00:00,9.087779891514042,299.99999999999994
2026-11-27 17:00:00,9.709100235073684,155.29142706151262
2026-11-27 18:00:00,10.185856102867358,7.347880794884119e-14
2026-11-27 19:00:00,10.485557370381247,0.0
2026-11-27 20:00:00,10.587779891514042,0.0
2026-11-27 21:00:00,10.485557370381247,0.0
2026-11-27 22:00:00,10.185856102867358,0.0
2026-11-27 23:00:00,9.709100235073684,0.0
2026-11-28 00:00:00,8.973331724679916,0.0
2026-11-28 01:00:00,8.24978885998748,0.0
2026-11-28 02:00:00,7.473331724679917,0.0
2026-11-28 03:00:00,6.696874589372354,0.0
2026-11-28 04:00:00,5.973331724679917,0.0
2026-11-28 05:00:00,5.352011381120274,0.0
2026-11-28 06:00:00,4.875255513326601,0.0
2026-11-28 07:00:00,4.575554245812712,155.29142706151245
2026-11-28 08:00:00,4.473331724679917,299.99999999999994
2026-11-28 09:00:00,4.575554245812712,424.2640687119285
2026-11-28 10:00:00,4.875255513326601,519.6152422706632
2026-11-28 11:00:00,5.352011381120274,579.555495773441
2026-11-28 12:00:00,5.973331724679917,600.0
2026-11-28 13:00:00,6.696874589372355,579.555495773441
2026-11-28 14:00:00,7.473331724679917,519.6152422706632
2026-11-28 15:00:00,8.24978885998748,424.26406871192853
2026-11-28 16:00:00,8.973331724679916,299.99999999999994
2026-11-28 17:00:00,9.59465206823956,155.29142706151262
2026-11-28 18:00:00,10.071407936033232,7.347880794884119e-14
2026-11-28 19:00:00,10.371109203547121,0.0
2026-11-28 20:00:00,10.473331724679916,0.0
2026-11-28 21:00:00,10.371109203547121,0.0
2026-11-28 22:00:00,10.071407936033232,0.0
2026-11-28 23:00:00,9.59465206823956,0.0
2026-11-29 00:00:00,8.86111387209457,0.0
2026-11-29 01:00:00,8.137571007402133,0.0
2026-11-29 02:00:00,7.361113872094571,0.0
2026-11-29 03:00:00,6.584656736787008,0.0
2026-11-29 04:00:00,5.861113872094571,0.0
2026-11-29 05:00:00,5.239793528534928,0.0
2026-11-29 06:00:00,4.763037660741255,0.0
2026-11-29 07:00:00,4.463336393227366,155.29142706151245
2026-11-29 08:00:00,4.361113872094571,299.99999999999994
2026-11-29 09:00:00,4.463336393227366,424.2640687119285
2026-11-29 10:00:00,4.763037660741255,519.6152422706632
2026-11-29 11:00:00,5.239793528534928,579.555495773441
2026-11-29 12:00:00,5.861113872094571,600.0
2026-11-29 13:00:00,6.584656736787009,579.555495773441
2026-11-29 14:00:00,7.361113872094571,519.6152422706632
2026-11-29 15:00:00,8.137571007402133,424.26406871192853
2026-11-29 16:00:00,8.86111387209457,299.99999999999994
2026-11-29 17:00:00,9.482434215654214,155.29142706151262
2026-11-29 18:00:00,9.959190083447886,7.347880794884119e-14
2026-11-29 19:00:00,10.258891350961775,0.0
2026-11-29 20:00:00,10.36111387209457,0.0
2026-11-29 21:00:00,10.258891350961775,0.0
2026-11-29 22:00:00,9.959190083447886,0.0
2026-11-29 23:00:00,9.482434215654214,0.0
2026-11-30 00:00:00,8.751159586329592,0.0
2026-11-30 01:00:00,8.027616721637157,0.0
2026-11-30 02:00:00,7.251159586329594,0.0
2026-11-30 03:00:00,6.474702451022031,0.0
2026-11-30 04:00:00,5.751159586329594,0.0
2026-11-30 05:00:00,5.129839242769951,0.0
2026-11-30 06:00:00,4.653083374976278,0.0
2026-11-30 07:00:00,4.353382107462389,155.29142706151245
2026-11-30 08:00:00,4.251159586329594,299.99999999999994
2026-11-30 09:00:00,4.353382107462389,424.2640687119285
2026-11-30 10:00:00,4.653083374976278,519.6152422706632
2026-11-30 11:00:00,5.129839242769952,579.555495773441
2026-11-30 12:00:00,5.751159586329594,600.0
2026-11-30 13:00:00,6.474702451022032,579.555495773441
2026-11-30 14:00:00,7.251159586329594,519.6152422706632
2026-11-30 15:00:00,8.027616721637155,424.26406871192853
2026-11-30 16:00:00,8.751159586329594,299.99999999999994
2026-11-30 17:00:00,9.372479929889236,155.29142706151262
2026-11-30 18:00:00,9.84923579768291,7.347880794884119e-14
2026-11-30 19:00:00,10.1489370651968,0.0
2026-11-30 20:00:00,10.251159586329594,0.0
2026-11-30 21:00:00,10.1489370651968,0.0
2026-11-30 22:00:00,9.84923579768291,0.0
2026-11-30 23:00:00,9.372479929889238,0.0
2026-12-01 00:00:00,8.643501449212856,0.0
2026-12-01 01:00:00,7.919958584520418,0.0
2026-12-01 02:00:00,7.143501449212856,0.0
2026-12-01 03:00:00,6.367044313905293,0.0
2026-12-01 04:00:00,5.643501449212856,0.0
2026-12-01 05:00:00,5.022181105653213,0.0
2026-12-01 06:00:00,4.54542523785954,0.0
2026-12-01 07:00:00,4.245723970345651,155.29142706151245
2026-12-01 08:00:00,4.143501449212856,299.99999999999994
2026-12-01 09:00:00,4.245723970345651,424.2640687119285
2026-12-01 10:00:00,4.54542523785954,519.6152422706632
2026-12-01 11:00:00,5.022181105653214,579.555495773441
2026-12-01 12:00:00,5.643501449212856,600.0
2026-12-01 13:00:00,6.367044313905294,579.555495773441
2026-12-01 14:00:00,7.143501449212856,519.6152422706632
2026-12-01 15:00:00,7.919958584520418,424.26406871192853
2026-12-01 16:00:00,8.643501449212856,299.99999999999994
2026-12-01 17:00:00,9.264821792772498,155.29142706151262
2026-12-01 18:00:00,9.741577660566172,7.347880794884119e-14
2026-12-01 19:00:00,10.041278928080061,0.0
2026-12-01 20:00:00,10.143501449212856,0.0
2026-12-01 21:00:00,10.041278928080061,0.0
2026-12-01 22:00:00,9.741577660566172,0.0
2026-12-01 23:00:00,9.264821792772498,0.0
2026-12-02 00:00:00,8.538171362173845,0.0
2026-12-02 01:00:00,7.814628497481409,0.0
2026-12-02 02:00:00,7.038171362173847,0.0
2026-12-02 03:00:00,6.2617142268662835,0.0
2026-12-02 04:00:00,5.538171362173847,0.0
2026-12-02 05:00:00,4.916851018614204,0.0
2026-12-02 06:00:00,4.440095150820531,0.0
2026-12-02 07:00:00,4.140393883306642,155.29142706151245
2026-12-02 08:00:00,4.038171362173847,299.99999999999994
2026-12-02 09:00:00,4.140393883306642,424.2640687119285
2026-12-02 10:00:00,4.440095150820531,519.6152422706632
2026-12-02 11:00:00,4.916851018614205,579.555495773441
2026-12-02 12:00:00,5.538171362173847,600.0
2026-12-02 13:00:00,6.261714226866284,579.555495773441
2026-12-02 14:00:00,7.038171362173847,519.6152422706632
2026-12-02 15:00:00,7.814628497481409,424.26406871192853
2026-12-02 16:00:00,8.538171362173847,299.99999999999994
2026-12-02 17:00:00,9.159491705733489,155.29142706151262
2026-12-02 18:00:00,9.636247573527163,7.347880794884119e-14
2026-12-02 19:00:00,9.935948841041052,0.0
2026-12-02 20:00:00,10.038171362173847,0.0
2026-12-02 21:00:00,9.935948841041052,0.0
2026-12-02 22:00:00,9.636247573527163,0.0
2026-12-02 23:00:00,9.15949170573349,0.0
2026-12-03 00:00:00,8.435200536790553,0.0
2026-12-03 01:00:00,7.711657672098116,0.0
2026-12-03 02:00:00,6.935200536790553,0.0
2026-12-03 03:00:00,6.15874340148299,0.0
2026-12-03 04:00:00,5.435200536790553,0.0
2026-12-03 05:00:00,4.8138801932309105,0.0
2026-12-03 06:00:00,4.337124325437237,0.0
2026-12-03 07:00:00,4.037423057923348,155.29142706151245
2026-12-03 08:00:00,3.9352005367905534,299.99999999999994
2026-12-03 09:00:00,4.037423057923348,424.2640687119285
2026-12-03 10:00:00,4.337124325437237,519.6152422706632
2026-12-03 11:00:00,4.813880193230911,579.555495773441
2026-12-03 12:00:00,5.435200536790553,600.0
2026-12-03 13:00:00,6.158743401482991,579.555495773441
2026-12-03 14:00:00,6.935200536790553,519.6152422706632
2026-12-03 15:00:00,7.711657672098116,424.26406871192853
2026-12-03 16:00:00,8.435200536790553,299.99999999999994
2026-12-03 17:00:00,9.056520880350195,155.29142706151262
2026-12-03 18:00:00,9.53327674814387,7.347880794884119e-14
2026-12-03 19:00:00,9.832978015657758,0.0
2026-12-03 20:00:00,9.935200536790553,0.0
2026-12-03 21:00:00,9.832978015657758,0.0
2026-12-03 22:00:00,9.53327674814387,0.0
2026-12-03 23:00:00,9.056520880350195,0.0
2026-12-04 00:00:00,8.334619485540841,0.0
2026-12-04 01:00:00,7.611076620848405,0.0
2026-12-04 02:00:00,6.834619485540843,0.0
2026-12-04 03:00:00,6.05816235023328,0.0
2026-12-04 04:00:00,5.334619485540843,0.0
2026-12-04 05:00:00,4.7132991419812,0.0
2026-12-04 06:00:00,4.236543274187527,0.0
2026-12-04 07:00:00,3.936842006673638,155.29142706151245
2026-12-04 08:00:00,3.834619485540843,299.99999999999994
2026-12-04 09:00:00,3.936842006673638,424.2640687119285
2026-12-04 10:00:00,4.236543274187527,519.6152422706632
2026-12-04 11:00:00,4.713299141981201,579.555495773441
2026-12-04 12:00:00,5.334619485540843,600.0
2026-12-04 13:00:00,6.058162350233281,579.555495773441
2026-12-04 14:00:00,6.834619485540843,519.6152422706632
2026-12-04 15:00:00,7.611076620848405,424.26406871192853
2026-12-04 16:00:00,8.334619485540843,299.99999999999994
2026-12-04 17:00:00,8.955939829100485,155.29142706151262
2026-12-04 18:00:00,9.432695696894159,7.347880794884119e-14
2026-12-04 19:00:00,9.732396964408048,0.0
2026-12-04 20:00:00,9.834619485540843,0.0
2026-12-04 21:00:00,9.732396964408048,0.0
2026-12-04 22:00:00,9.432695696894159,0.0
2026-12-04 23:00:00,8.955939829100487,0.0
2026-12-05 00:00:00,8.236458012760906,0.0
2026-12-05 01:00:00,7.512915148068468,0.0
2026-12-05 02:00:00,6.736458012760906,0.0
2026-12-05 03:00:00,5.960000877453343,0.0
2026-12-05 04:00:00,5.236458012760906,0.0
2026-12-05 05:00:00,4.615137669201263,0.0
2026-12-05 06:00:00,4.13838180140759,0.0
2026-12-05 07:00:00,3.838680533893701,155.29142706151245
2026-12-05 08:00:00,3.736458012760906,299.99999999999994
2026-12-05 09:00:00,3.838680533893701,424.2640687119285
2026-12-05 10:00:00,4.13838180140759,519.6152422706632
2026-12-05 11:00:00,4.615137669201264,579.555495773441
2026-12-05 12:00:00,5.236458012760906,600.0
2026-12-05 13:00:00,5.960000877453344,579.555495773441
2026-12-05 14:00:00,6.736458012760906,519.6152422706632
2026-12-05 15:00:00,7.512915148068468,424.26406871192853
2026-12-05 16:00:00,8.236458012760906,299.99999999999994
2026-12-05 17:00:00,8.857778356320548,155.29142706151262
2026-12-05 18:00:00,9.334534224114222,7.347880794884119e-14
2026-12-05 19:00:00,9.634235491628111,0.0
2026-12-05 20:00:00,9.736458012760906,0.0
2026-12-05 21:00:00,9.634235491628111,0.0
2026-12-05 22:00:00,9.334534224114222,0.0
2026-12-05 23:00:00,8.857778356320548,0.0
2026-12-06 00:00:00,8.140745205813634,0.0
2026-12-06 01:00:00,7.417202341121198,0.0
2026-12-06 02:00:00,6.640745205813635,0.0
2026-12-06 03:00:00,5.864288070506072,0.0
2026-12-06 04:00:00,5.140745205813635,0.0
2026-12-06 05:00:00,4.5194248622539925,0.0
2026-12-06 06:00:00,4.042668994460319,0.0
2026-12-06 07:00:00,3.7429677269464303,155.29142706151245
2026-12-06 08:00:00,3.6407452058136354,299.99999999999994
2026-12-06 09:00:00,3.7429677269464303,424.2640687119285
2026-12-06 10:00:00,4.042668994460319,519.6152422706632
2026-12-06 11:00:00,4.519424862253993,579.555495773441
2026-12-06 12:00:00,5.140745205813635,600.0
2026-12-06 13:00:00,5.864288070506073,579.555495773441
2026-12-06 14:00:00,6.640745205813635,519.6152422706632
2026-12-06 15:00:00,7.417202341121198,424.26406871192853
2026-12-06 16:00:00,8.140745205813635,299.99999999999994
2026-12-06 17:00:00,8.762065549373277,155.29142706151262
2026-12-06 18:00:00,9.238821417166951,7.347880794884119e-14
2026-12-06 19:00:00,9.53852268468084,0.0
2026-12-06 20:00:00,9.640745205813635,0.0
2026-12-06 21:00:00,9.53852268468084,0.0
2026-12-06 22:00:00,9.238821417166951,0.0
2026-12-06 23:00:00,8.762065549373279,0.0
2026-12-07 00:00:00,8.047509426469365,0.0
2026-12-07 01:00:00,7.3239665617769285,0.0
2026-12-07 02:00:00,6.547509426469366,0.0
2026-12-07 03:00:00,5.771052291161803,0.0
2026-12-07 04:00:00,5.047509426469366,0.0
2026-12-07 05:00:00,4.4261890829097235,0.0
2026-12-07 06:00:00,3.9494332151160503,0.0
2026-12-07 07:00:00,3.6497319476021612,155.29142706151245
2026-12-07 08:00:00,3.5475094264693663,299.99999999999994
2026-12-07 09:00:00,3.6497319476021612,424.2640687119285
2026-12-07 10:00:00,3.9494332151160503,519.6152422706632
2026-12-07 11:00:00,4.426189082909724,579.555495773441
2026-12-07 12:00:00,5.047509426469366,600.0
2026-12-07 13:00:00,5.771052291161804,579.555495773441
2026-12-07 14:00:00,6.547509426469366,519.6152422706632
2026-12-07 15:00:00,7.3239665617769285,424.26406871192853
2026-12-07 16:00:00,8.047509426469366,299.99999999999994
2026-12-07 17:00:00,8.668829770029008,155.29142706151262
2026-12-07 18:00:00,9.145585637822682,7.347880794884119e-14
2026-12-07 19:00:00,9.445286905336571,0.0
2026-12-07 20:00:00,9.547509426469366,0.0
2026-12-07 21:00:00,9.445286905336571,0.0
2026-12-07 22:00:00,9.145585637822682,0.0
2026-12-07 23:00:00,8.66882977002901,0.0
2026-12-08 00:00:00,7.956778302501731,0.0
2026-12-08 01:00:00,7.233235437809294,0.0
2026-12-08 02:00:00,6.456778302501732,0.0
2026-12-08 03:00:00,5.680321167194169,0.0
2026-12-08 04:00:00,4.956778302501732,0.0
2026-12-08 05:00:00,4.335457958942089,0.0
2026-12-08 06:00:00,3.858702091148416,0.0
2026-12-08 07:00:00,3.559000823634527,155.29142706151245
2026-12-08 08:00:00,3.456778302501732,299.99999999999994
2026-12-08 09:00:00,3.559000823634527,424.2640687119285
2026-12-08 10:00:00,3.858702091148416,519.6152422706632
2026-12-08 11:00:00,4.33545795894209,579.555495773441
2026-12-08 12:00:00,4.956778302501732,600.0
2026-12-08 13:00:00,5.68032116719417,579.555495773441
2026-12-08 14:00:00,6.456778302501732,519.6152422706632
2026-12-08 15:00:00,7.233235437809294,424.26406871192853
2026-12-08 16:00:00,7.956778302501732,299.99999999999994
2026-12-08 17:00:00,8.578098646061374,155.29142706151262
2026-12-08 18:00:00,9.054854513855048,7.347880794884119e-14
2026-12-08 19:00:00,9.354555781368937,0.0
2026-12-08 20:00:00,9.456778302501732,0.0
2026-12-08 21:00:00,9.354555781368937,0.0
2026-12-08 22:00:00,9.054854513855048,0.0
2026-12-08 23:00:00,8.578098646061374,0.0
2026-12-09 00:00:00,7.868578719500884,0.0
2026-12-09 01:00:00,7.145035854808447,0.0
2026-12-09 02:00:00,6.368578719500885,0.0
2026-12-09 03:00:00,5.592121584193322,0.0
2026-12-09 04:00:00,4.868578719500885,0.0
2026-12-09 05:00:00,4.247258375941242,0.0
2026-12-09 06:00:00,3.770502508147569,0.0
2026-12-09 07:00:00,3.47080124063368,155.29142706151245
2026-12-09 08:00:00,3.368578719500885,299.99999999999994
2026-12-09 09:00:00,3.47080124063368,424.2640687119285
2026-12-09 10:00:00,3.770502508147569,519.6152422706632
2026-12-09 11:00:00,4.247258375941243,579.555495773441
2026-12-09 12:00:00,4.868578719500885,600.0
2026-12-09 13:00:00,5.592121584193323,579.555495773441
2026-12-09 14:00:00,6.368578719500885,519.6152422706632
2026-12-09 15:00:00,7.145035854808447,424.26406871192853
2026-12-09 16:00:00,7.868578719500885,299.99999999999994
2026-12-09 17:00:00,8.489899063060527,155.29142706151262
2026-12-09 18:00:00,8.966654930854201,7.347880794884119e-14
2026-12-09 19:00:00,9.26635619836809,0.0
2026-12-09 20:00:00,9.368578719500885,0.0
2026-12-09 21:00:00,9.26635619836809,0.0
2026-12-09 22:00:00,8.966654930854201,0.0
2026-12-09 23:00:00,8.489899063060527,0.0
2026-12-10 00:00:00,7.782936812906782,0.0
2026-12-10 01:00:00,7.059393948214345,0.0
2026-12-10 02:00:00,6.282936812906783,0.0
2026-12-10 03:00:00,5.50647967759922,0.0
2026-12-10 04:00:00,4.782936812906783,0.0
2026-12-10 05:00:00,4.16161646934714,0.0
2026-12-10 06:00:00,3.684860601553467,0.0
2026-12-10 07:00:00,3.385159334039578,155.29142706151245
2026-12-10 08:00:00,3.282936812906783,299.99999999999994
2026-12-10 09:00:00,3.385159334039578,424.2640687119285
2026-12-10 10:00:00,3.684860601553467,519.6152422706632
2026-12-10 11:00:00,4.161616469347141,579.555495773441
2026-12-10 12:00:00,4.782936812906783,600.0
2026-12-10 13:00:00,5.506479677599221,579.555495773441
2026-12-10 14:00:00,6.282936812906783,519.6152422706632
2026-12-10 15:00:00,7.059393948214345,424.26406871192853
2026-12-10 16:00:00,7.782936812906783,299.99999999999994
2026-12-10 17:00:00,8.404257156466425,155.29142706151262
2026-12-10 18:00:00,8.881013024260099,7.347880794884119e-14
2026-12-10 19:00:00,9.180714291773988,0.0
2026-12-10 20:00:00,9.282936812906783,0.0
2026-12-10 21:00:00,9.180714291773988,0.0
2026-12-10 22:00:00,8.881013024260099,0.0
2026-12-10 23:00:00,8.404257156466425,0.0
2026-12-11 00:00:00,7.699877960264643,0.0
2026-12-11 01:00:00,6.976335095572206,0.0
2026-12-11 02:00:00,6.199877960264644,0.0
2026-12-11 03:00:00,5.4234208249570806,0.0
2026-12-11 04:00:00,4.699877960264644,0.0
2026-12-11 05:00:00,4.078557616705001,0.0
2026-12-11 06:00:00,3.6018017489113276,0.0
2026-12-11 07:00:00,3.3021004813974386,155.29142706151245
2026-12-11 08:00:00,3.1998779602646437,299.99999999999994
2026-12-11 09:00:00,3.3021004813974386,424.2640687119285
2026-12-11 10:00:00,3.6018017489113276,519.6152422706632
2026-12-11 11:00:00,4.078557616705002,579.555495773441
2026-12-11 12:00:00,4.699877960264644,600.0
2026-12-11 13:00:00,5.423420824957081,579.555495773441
2026-12-11 14:00:00,6.199877960264644,519.6152422706632
2026-12-11 15:00:00,6.976335095572206,424.26406871192853
2026-12-11 16:00:00,7.699877960264644,299.99999999999994
2026-12-11 17:00:00,8.321198303824286,155.29142706151262
2026-12-11 18:00:00,8.79795417161796,7.347880794884119e-14
2026-12-11 19:00:00,9.097655439131849,0.0
2026-12-11 20:00:00,9.199877960264644,0.0
2026-12-11 21:00:00,9.097655439131849,0.0
2026-12-11 22:00:00,8.79795417161796,0.0
2026-12-11 23:00:00,8.321198303824286,0.0
2026-12-12 00:00:00,7.61942677370507,0.0
2026-12-12 01:00:00,6.895883909012633,0.0
2026-12-12 02:00:00,6.1194267737050705,0.0
2026-12-12 03:00:00,5.342969638397507,0.0
2026-12-12 04:00:00,4.6194267737050705,0.0
2026-12-12 05:00:00,3.9981064301454277,0.0
2026-12-12 06:00:00,3.5213505623517545,0.0
2026-12-12 07:00:00,3.2216492948378654,155.29142706151245
2026-12-12 08:00:00,3.1194267737050705,299.99999999999994
2026-12-12 09:00:00,3.2216492948378654,424.2640687119285
2026-12-12 10:00:00,3.5213505623517545,519.6152422706632
2026-12-12 11:00:00,3.998106430145428,579.555495773441
2026-12-12 12:00:00,4.6194267737050705,600.0
2026-12-12 13:00:00,5.342969638397508,579.555495773441
2026-12-12 14:00:00,6.1194267737050705,519.6152422706632
2026-12-12 15:00:00,6.895883909012633,424.26406871192853
2026-12-12 16:00:00,7.6194267737050705,299.99999999999994
2026-12-12 17:00:00,8.240747117264712,155.29142706151262
2026-12-12 18:00:00,8.717502985058386,7.347880794884119e-14
2026-12-12 19:00:00,9.017204252572276,0.0
2026-12-12 20:00:00,9.11942677370507,0.0
2026-12-12 21:00:00,9.017204252572276,0.0
2026-12-12 22:00:00,8.717502985058386,0.0
2026-12-12 23:00:00,8.240747117264714,0.0
2026-12-13 00:00:00,7.541607092650911,0.0
2026-12-13 01:00:00,6.818064227958474,0.0
2026-12-13 02:00:00,6.041607092650912,0.0
2026-12-13 03:00:00,5.265149957343349,0.0
2026-12-13 04:00:00,4.541607092650912,0.0
2026-12-13 05:00:00,3.920286749091269,0.0
2026-12-13 06:00:00,3.4435308812975958,0.0
2026-12-13 07:00:00,3.1438296137837067,155.29142706151245
2026-12-13 08:00:00,3.041607092650912,299.99999999999994
2026-12-13 09:00:00,3.1438296137837067,424.2640687119285
2026-12-13 10:00:00,3.4435308812975958,519.6152422706632
2026-12-13 11:00:00,3.9202867490912694,579.555495773441
2026-12-13 12:00:00,4.541607092650912,600.0
2026-12-13 13:00:00,5.26514995734335,579.555495773441
2026-12-13 14:00:00,6.041607092650912,519.6152422706632
2026-12-13 15:00:00,6.818064227958474,424.26406871192853
2026-12-13 16:00:00,7.541607092650912,299.99999999999994
2026-12-13 17:00:00,8.162927436210554,155.29142706151262
2026-12-13 18:00:00,8.639683304004228,7.347880794884119e-14
2026-12-13 19:00:00,8.939384571518117,0.0
2026-12-13 20:00:00,9.041607092650912,0.0
2026-12-13 21:00:00,8.939384571518117,0.0
2026-12-13 22:00:00,8.639683304004228,0.0
2026-12-13 23:00:00,8.162927436210555,0.0
2026-12-14 00:00:00,7.466441976753157,0.0
2026-12-14 01:00:00,6.74289911206072,0.0
2026-12-14 02:00:00,5.966441976753158,0.0
2026-12-14 03:00:00,5.189984841445595,0.0
2026-12-14 04:00:00,4.466441976753158,0.0
2026-12-14 05:00:00,3.845121633193515,0.0
2026-12-14 06:00:00,3.368365765399842,0.0
2026-12-14 07:00:00,3.068664497885953,155.29142706151245
2026-12-14 08:00:00,2.966441976753158,299.99999999999994
2026-12-14 09:00:00,3.068664497885953,424.2640687119285
2026-12-14 10:00:00,3.368365765399842,519.6152422706632
2026-12-14 11:00:00,3.8451216331935156,579.555495773441
2026-12-14 12:00:00,4.466441976753158,600.0
2026-12-14 13:00:00,5.189984841445596,579.555495773441
2026-12-14 14:00:00,5.966441976753158,519.6152422706632
2026-12-14 15:00:00,6.74289911206072,424.26406871192853
2026-12-14 16:00:00,7.466441976753158,299.99999999999994
2026-12-14 17:00:00,8.0877623203128,155.29142706151262
2026-12-14 18:00:00,8.564518188106474,7.347880794884119e-14
2026-12-14 19:00:00,8.864219455620363,0.0
2026-12-14 20:00:00,8.966441976753158,0.0
2026-12-14 21:00:00,8.864219455620363,0.0
2026-12-14 22:00:00,8.564518188106474,0.0
2026-12-14 23:00:00,8.087762320312802,0.0
2026-12-15 00:00:00,7.393953699057836,0.0
2026-12-15 01:00:00,6.670410834365399,0.0
2026-12-15 02:00:00,5.893953699057837,0.0
2026-12-15 03:00:00,5.117496563750274,0.0
2026-12-15 04:00:00,4.393953699057837,0.0
2026-12-15 05:00:00,3.7726333554981943,0.0
2026-12-15 06:00:00,3.295877487704521,0.0
2026-12-15 07:00:00,2.996176220190632,155.29142706151245
2026-12-15 08:00:00,2.893953699057837,299.99999999999994
2026-12-15 09:00:00,2.996176220190632,424.2640687119285
2026-12-15 10:00:00,3.295877487704521,519.6152422706632
2026-12-15 11:00:00,3.772633355498195,579.555495773441
2026-12-15 12:00:00,4.393953699057837,600.0
2026-12-15 13:00:00,5.117496563750275,579.555495773441
2026-12-15 14:00:00,5.893953699057837,519.6152422706632
2026-12-15 15:00:00,6.670410834365399,424.26406871192853
2026-12-15 16:00:00,7.393953699057837,299.99999999999994
2026-12-15 17:00:00,8.015274042617479,155.29142706151262
2026-12-15 18:00:00,8.492029910411153,7.347880794884119e-14
2026-12-15 19:00:00,8.791731177925042,0.0
2026-12-15 20:00:00,8.893953699057837,0.0
2026-12-15 21:00:00,8.791731177925042,0.0
2026-12-15 22:00:00,8.492029910411153,0.0
2026-12-15 23:00:00,8.01527404261748,0.0
2026-12-16 00:00:00,7.324163739406065,0.0
2026-12-16 01:00:00,6.600620874713628,0.0
2026-12-16 02:00:00,5.824163739406066,0.0
2026-12-16 03:00:00,5.047706604098503,0.0
2026-12-16 04:00:00,4.324163739406066,0.0
2026-12-16 05:00:00,3.702843395846423,0.0
2026-12-16 06:00:00,3.2260875280527497,0.0
2026-12-16 07:00:00,2.9263862605388606,155.29142706151245
2026-12-16 08:00:00,2.8241637394060657,299.99999999999994
2026-12-16 09:00:00,2.9263862605388606,424.2640687119285
2026-12-16 10:00:00,3.2260875280527497,519.6152422706632
2026-12-16 11:00:00,3.7028433958464233,579.555495773441
2026-12-16 12:00:00,4.324163739406066,600.0
2026-12-16 13:00:00,5.0477066040985035,579.555495773441
2026-12-16 14:00:00,5.824163739406066,519.6152422706632
2026-12-16 15:00:00,6.600620874713628,424.26406871192853
2026-12-16 16:00:00,7.324163739406066,299.99999999999994
2026-12-16 17:00:00,7.945484082965708,155.29142706151262
2026-12-16 18:00:00,8.422239950759382,7.347880794884119e-14
2026-12-16 19:00:00,8.72194121827327,0.0
2026-12-16 20:00:00,8.824163739406066,0.0
2026-12-16 21:00:00,8.72194121827327,0.0
2026-12-16 22:00:00,8.422239950759382,0.0
2026-12-16 23:00:00,7.9454840829657085,0.0
2026-12-17 00:00:00,7.257092778069064,0.0
2026-12-17 01:00:00,6.5335499133766275,0.0
2026-12-17 02:00:00,5.757092778069065,0.0
2026-12-17 03:00:00,4.980635642761502,0.0
2026-12-17 04:00:00,4.257092778069065,0.0
2026-12-17 05:00:00,3.6357724345094224,0.0
2026-12-17 06:00:00,3.1590165667157493,0.0
2026-12-17 07:00:00,2.8593152992018602,155.29142706151245
2026-12-17 08:00:00,2.7570927780690653,299.99999999999994
2026-12-17 09:00:00,2.8593152992018602,424.2640687119285
2026-12-17 10:00:00,3.1590165667157493,519.6152422706632
2026-12-17 11:00:00,3.635772434509423,579.555495773441
2026-12-17 12:00:00,4.257092778069065,600.0
2026-12-17 13:00:00,4.980635642761503,579.555495773441
2026-12-17 14:00:00,5.757092778069065,519.6152422706632
2026-12-17 15:00:00,6.5335499133766275,424.26406871192853
2026-12-17 16:00:00,7.257092778069065,299.99999999999994
2026-12-17 17:00:00,7.878413121628707,155.29142706151262
2026-12-17 18:00:00,8.355168989422381,7.347880794884119e-14
2026-12-17 19:00:00,8.65487025693627,0.0
2026-12-17 20:00:00,8.757092778069065,0.0
2026-12-17 21:00:00,8.65487025693627,0.0
2026-12-17 22:00:00,8.355168989422381,0.0
2026-12-17 23:00:00,7.878413121628708,0.0
2026-12-18 00:00:00,7.192760689620205,0.0
2026-12-18 01:00:00,6.469217824927768,0.0
2026-12-18 02:00:00,5.692760689620206,0.0
2026-12-18 03:00:00,4.916303554312643,0.0
2026-12-18 04:00:00,4.192760689620206,0.0
2026-12-18 05:00:00,3.5714403460605633,0.0
2026-12-18 06:00:00,3.09468447826689,0.0
2026-12-18 07:00:00,2.794983210753001,155.29142706151245
2026-12-18 08:00:00,2.692760689620206,299.99999999999994
2026-12-18 09:00:00,2.794983210753001,424.2640687119285
2026-12-18 10:00:00,3.09468447826689,519.6152422706632
2026-12-18 11:00:00,3.5714403460605637,579.555495773441
2026-12-18 12:00:00,4.192760689620206,600.0
2026-12-18 13:00:00,4.916303554312644,579.555495773441
2026-12-18 14:00:00,5.692760689620206,519.6152422706632
2026-12-18 15:00:00,6.469217824927768,424.26406871192853
2026-12-18 16:00:00,7.192760689620206,299.99999999999994
2026-12-18 17:00:00,7.814081033179848,155.29142706151262
2026-12-18 18:00:00,8.290836900973522,7.347880794884119e-14
2026-12-18 19:00:00,8.590538168487411,0.0
2026-12-18 20:00:00,8.692760689620206,0.0
2026-12-18 21:00:00,8.590538168487411,0.0
2026-12-18 22:00:00,8.290836900973522,0.0
2026-12-18 23:00:00,7.814081033179849,0.0
2026-12-19 00:00:00,7.131186537045685,0.0
2026-12-19 01:00:00,6.407643672353248,0.0
2026-12-19 02:00:00,5.631186537045686,0.0
2026-12-19 03:00:00,4.854729401738123,0.0
2026-12-19 04:00:00,4.131186537045686,0.0
2026-12-19 05:00:00,3.509866193486043,0.0
2026-12-19 06:00:00,3.0331103256923697,0.0
2026-12-19 07:00:00,2.7334090581784807,155.29142706151245
2026-12-19 08:00:00,2.6311865370456857,299.99999999999994
2026-12-19 09:00:00,2.7334090581784807,424.2640687119285
2026-12-19 10:00:00,3.0331103256923697,519.6152422706632
2026-12-19 11:00:00,3.5098661934860433,579.555495773441
2026-12-19 12:00:00,4.131186537045686,600.0
2026-12-19 13:00:00,4.8547294017381235,579.555495773441
2026-12-19 14:00:00,5.631186537045686,519.6152422706632
2026-12-19 15:00:00,6.407643672353248,424.26406871192853
2026-12-19 16:00:00,7.131186537045686,299.99999999999994
2026-12-19 17:00:00,7.752506880605328,155.29142706151262
2026-12-19 18:00:00,8.229262748399002,7.347880794884119e-14
2026-12-19 19:00:00,8.52896401591289,0.0
2026-12-19 20:00:00,8.631186537045686,0.0
2026-12-19 21:00:00,8.52896401591289,0.0
2026-12-19 22:00:00,8.229262748399002,0.0
2026-12-19 23:00:00,7.7525068806053286,0.0
2026-12-20 00:00:00,7.0723885660957935,0.0
2026-12-20 01:00:00,6.348845701403357,0.0
2026-12-20 02:00:00,5.572388566095794,0.0
2026-12-20 03:00:00,4.795931430788231,0.0
2026-12-20 04:00:00,4.072388566095794,0.0
2026-12-20 05:00:00,3.4510682225361515,0.0
2026-12-20 06:00:00,2.9743123547424783,0.0
2026-12-20 07:00:00,2.6746110872285893,155.29142706151245
2026-12-20 08:00:00,2.5723885660957944,299.99999999999994
2026-12-20 09:00:00,2.6746110872285893,424.2640687119285
2026-12-20 10:00:00,2.9743123547424783,519.6152422706632
2026-12-20 11:00:00,3.451068222536152,579.555495773441
2026-12-20 12:00:00,4.072388566095794,600.0
2026-12-20 13:00:00,4.795931430788232,579.555495773441
2026-12-20 14:00:00,5.572388566095794,519.6152422706632
2026-12-20 15:00:00,6.348845701403357,424.26406871192853
2026-12-20 16:00:00,7.072388566095794,299.99999999999994
2026-12-20 17:00:00,7.693708909655436,155.29142706151262
2026-12-20 18:00:00,8.17046477744911,7.347880794884119e-14
2026-12-20 19:00:00,8.470166044963,0.0
2026-12-20 20:00:00,8.572388566095794,0.0
2026-12-20 21:00:00,8.470166044963,0.0
2026-12-20 22:00:00,8.17046477744911,0.0
2026-12-20 23:00:00,7.693708909655437,0.0
2026-12-21 00:00:00,7.016384199878282,0.0
2026-12-21 01:00:00,6.292841335185845,0.0
2026-12-21 02:00:00,5.516384199878283,0.0
2026-12-21 03:00:00,4.73992706457072,0.0
2026-12-21 04:00:00,4.016384199878283,0.0
2026-12-21 05:00:00,3.3950638563186404,0.0
2026-12-21 06:00:00,2.918307988524967,0.0
2026-12-21 07:00:00,2.618606721011078,155.29142706151245
2026-12-21 08:00:00,2.516384199878283,299.99999999999994
2026-12-21 09:00:00,2.618606721011078,424.2640687119285
2026-12-21 10:00:00,2.918307988524967,519.6152422706632
2026-12-21 11:00:00,3.395063856318641,579.555495773441
2026-12-21 12:00:00,4.016384199878283,600.0
2026-12-21 13:00:00,4.739927064570721,579.555495773441
2026-12-21 14:00:00,5.516384199878283,519.6152422706632
2026-12-21 15:00:00,6.292841335185845,424.26406871192853
2026-12-21 16:00:00,7.016384199878283,299.99999999999994
2026-12-21 17:00:00,7.637704543437925,155.29142706151262
2026-12-21 18:00:00,8.1144604112316,7.347880794884119e-14
2026-12-21 19:00:00,8.414161678745488,0.0
2026-12-21 20:00:00,8.516384199878283,0.0
2026-12-21 21:00:00,8.414161678745488,0.0
2026-12-21 22:00:00,8.1144604112316,0.0
2026-12-21 23:00:00,7.637704543437926,0.0
2026-12-22 00:00:00,6.963190033695544,0.0
2026-12-22 01:00:00,6.239647169003107,0.0
2026-12-22 02:00:00,5.463190033695545,0.0
2026-12-22 03:00:00,4.686732898387982,0.0
2026-12-22 04:00:00,3.963190033695545,0.0
2026-12-22 05:00:00,3.341869690135902,0.0
2026-12-22 06:00:00,2.865113822342229,0.0
2026-12-22 07:00:00,2.56541255482834,155.29142706151245
2026-12-22 08:00:00,2.463190033695545,299.99999999999994
2026-12-22 09:00:00,2.56541255482834,424.2640687119285
2026-12-22 10:00:00,2.865113822342229,519.6152422706632
2026-12-22 11:00:00,3.3418696901359026,579.555495773441
2026-12-22 12:00:00,3.963190033695545,600.0
2026-12-22 13:00:00,4.686732898387983,579.555495773441
2026-12-22 14:00:00,5.463190033695545,519.6152422706632
2026-12-22 15:00:00,6.239647169003107,424.26406871192853
2026-12-22 16:00:00,6.963190033695545,299.99999999999994
2026-12-22 17:00:00,7.584510377255187,155.29142706151262
2026-12-22 18:00:00,8.061266245048861,7.347880794884119e-14
2026-12-22 19:00:00,8.36096751256275,0.0
2026-12-22 20:00:00,8.463190033695545,0.0
2026-12-22 21:00:00,8.36096751256275,0.0
2026-12-22 22:00:00,8.061266245048861,0.0
2026-12-22 23:00:00,7.584510377255188,0.0
2026-12-23 00:00:00,6.912821830127036,0.0
2026-12-23 01:00:00,6.189278965434599,0.0
2026-12-23 02:00:00,5.4128218301270365,0.0
2026-12-23 03:00:00,4.636364694819473,0.0
2026-12-23 04:00:00,3.9128218301270365,0.0
2026-12-23 05:00:00,3.2915014865673937,0.0
2026-12-23 06:00:00,2.8147456187737205,0.0
2026-12-23 07:00:00,2.5150443512598315,155.29142706151245
2026-12-23 08:00:00,2.4128218301270365,299.99999999999994
2026-12-23 09:00:00,2.5150443512598315,424.2640687119285
2026-12-23 10:00:00,2.8147456187737205,519.6152422706632
2026-12-23 11:00:00,3.291501486567394,579.555495773441
2026-12-23 12:00:00,3.9128218301270365,600.0
2026-12-23 13:00:00,4.636364694819474,579.555495773441
2026-12-23 14:00:00,5.4128218301270365,519.6152422706632
2026-12-23 15:00:00,6.189278965434599,424.26406871192853
2026-12-23 16:00:00,6.9128218301270365,299.99999999999994
2026-12-23 17:00:00,7.5341421736866785,155.29142706151262
2026-12-23 18:00:00,8.010898041480353,7.347880794884119e-14
2026-12-23 19:00:00,8.310599308994242,0.0
2026-12-23 20:00:00,8.412821830127037,0.0
2026-12-23 21:00:00,8.310599308994242,0.0
2026-12-23 22:00:00,8.010898041480353,0.0
2026-12-23 23:00:00,7.534142173686679,0.0
2026-12-24 00:00:00,6.865294514358513,0.0
2026-12-24 01:00:00,6.141751649666076,0.0
2026-12-24 02:00:00,5.365294514358514,0.0
2026-12-24 03:00:00,4.5888373790509505,0.0
2026-12-24 04:00:00,3.8652945143585136,0.0
2026-12-24 05:00:00,3.2439741707988707,0.0
2026-12-24 06:00:00,2.7672183030051976,0.0
2026-12-24 07:00:00,2.4675170354913085,155.29142706151245
2026-12-24 08:00:00,2.3652945143585136,299.99999999999994
2026-12-24 09:00:00,2.4675170354913085,424.2640687119285
2026-12-24 10:00:00,2.7672183030051976,519.6152422706632
2026-12-24 11:00:00,3.243974170798871,579.555495773441
2026-12-24 12:00:00,3.8652945143585136,600.0
2026-12-24 13:00:00,4.588837379050951,579.555495773441
2026-12-24 14:00:00,5.365294514358514,519.6152422706632
2026-12-24 15:00:00,6.141751649666076,424.26406871192853
2026-12-24 16:00:00,6.865294514358514,299.99999999999994
2026-12-24 17:00:00,7.4866148579181555,155.29142706151262
2026-12-24 18:00:00,7.96337072571183,7.347880794884119e-14
2026-12-24 19:00:00,8.263071993225719,0.0
2026-12-24 20:00:00,8.365294514358514,0.0
2026-12-24 21:00:00,8.263071993225719,0.0
2026-12-24 22:00:00,7.96337072571183,0.0
2026-12-24 23:00:00,7.486614857918156,0.0
2026-12-25 00:00:00,6.820622169759358,0.0
2026-12-25 01:00:00,6.097079305066921,0.0
2026-12-25 02:00:00,5.320622169759359,0.0
2026-12-25 03:00:00,4.544165034451796,0.0
2026-12-25 04:00:00,3.8206221697593588,0.0
2026-12-25 05:00:00,3.199301826199716,0.0
2026-12-25 06:00:00,2.7225459584060427,0.0
2026-12-25 07:00:00,2.4228446908921537,155.29142706151245
2026-12-25 08:00:00,2.3206221697593588,299.99999999999994
2026-12-25 09:00:00,2.4228446908921537,424.2640687119285
2026-12-25 10:00:00,2.7225459584060427,519.6152422706632
2026-12-25 11:00:00,3.1993018261997164,579.555495773441
2026-12-25 12:00:00,3.8206221697593588,600.0
2026-12-25 13:00:00,4.5441650344517965,579.555495773441
2026-12-25 14:00:00,5.320622169759359,519.6152422706632
2026-12-25 15:00:00,6.097079305066921,424.26406871192853
2026-12-25 16:00:00,6.820622169759359,299.99999999999994
2026-12-25 17:00:00,7.441942513319001,155.29142706151262
2026-12-25 18:00:00,7.918698381112675,7.347880794884119e-14
2026-12-25 19:00:00,8.218399648626564,0.0
2026-12-25 20:00:00,8.320622169759359,0.0
2026-12-25 21:00:00,8.218399648626564,0.0
2026-12-25 22:00:00,7.918698381112675,0.0
2026-12-25 23:00:00,7.441942513319002,0.0
2026-12-26 00:00:00,6.7788180337093875,0.0
2026-12-26 01:00:00,6.055275169016951,0.0
2026-12-26 02:00:00,5.278818033709388,0.0
2026-12-26 03:00:00,4.502360898401825,0.0
2026-12-26 04:00:00,3.7788180337093884,0.0
2026-12-26 05:00:00,3.1574976901497456,0.0
2026-12-26 06:00:00,2.6807418223560724,0.0
2026-12-26 07:00:00,2.3810405548421834,155.29142706151245
2026-12-26 08:00:00,2.2788180337093884,299.99999999999994
2026-12-26 09:00:00,2.3810405548421834,424.2640687119285
2026-12-26 10:00:00,2.6807418223560724,519.6152422706632
2026-12-26 11:00:00,3.157497690149746,579.555495773441
2026-12-26 12:00:00,3.7788180337093884,600.0
2026-12-26 13:00:00,4.502360898401826,579.555495773441
2026-12-26 14:00:00,5.278818033709388,519.6152422706632
2026-12-26 15:00:00,6.055275169016951,424.26406871192853
2026-12-26 16:00:00,6.778818033709388,299.99999999999994
2026-12-26 17:00:00,7.40013837726903,155.29142706151262
2026-12-26 18:00:00,7.876894245062704,7.347880794884119e-14
2026-12-26 19:00:00,8.176595512576593,0.0
2026-12-26 20:00:00,8.278818033709388,0.0
2026-12-26 21:00:00,8.176595512576593,0.0
2026-12-26 22:00:00,7.876894245062704,0.0
2026-12-26 23:00:00,7.400138377269031,0.0
2026-12-27 00:00:00,6.739894493676316,0.0
2026-12-27 01:00:00,6.016351628983879,0.0
2026-12-27 02:00:00,5.239894493676317,0.0
2026-12-27 03:00:00,4.463437358368754,0.0
2026-12-27 04:00:00,3.739894493676317,0.0
2026-12-27 05:00:00,3.1185741501166744,0.0
2026-12-27 06:00:00,2.641818282323001,0.0
2026-12-27 07:00:00,2.342117014809112,155.29142706151245
2026-12-27 08:00:00,2.239894493676317,299.99999999999994
2026-12-27 09:00:00,2.342117014809112,424.2640687119285
2026-12-27 10:00:00,2.641818282323001,519.6152422706632
2026-12-27 11:00:00,3.118574150116675,579.555495773441
2026-12-27 12:00:00,3.739894493676317,600.0
2026-12-27 13:00:00,4.463437358368755,579.555495773441
2026-12-27 14:00:00,5.239894493676317,519.6152422706632
2026-12-27 15:00:00,6.016351628983879,424.26406871192853
2026-12-27 16:00:00,6.739894493676317,299.99999999999994
2026-12-27 17:00:00,7.361214837235959,155.29142706151262
2026-12-27 18:00:00,7.837970705029633,7.347880794884119e-14
2026-12-27 19:00:00,8.137671972543522,0.0
2026-12-27 20:00:00,8.239894493676317,0.0
2026-12-27 21:00:00,8.137671972543522,0.0
2026-12-27 22:00:00,7.837970705029633,0.0
2026-12-27 23:00:00,7.36121483723596,0.0
2026-12-28 00:00:00,6.703863083545099,0.0
2026-12-28 01:00:00,5.980320218852662,0.0
2026-12-28 02:00:00,5.2038630835451,0.0
2026-12-28 03:00:00,4.427405948237537,0.0
2026-12-28 04:00:00,3.7038630835451,0.0
2026-12-28 05:00:00,3.082542739985457,0.0
2026-12-28 06:00:00,2.605786872191784,0.0
2026-12-28 07:00:00,2.306085604677895,155.29142706151245
2026-12-28 08:00:00,2.2038630835451,299.99999999999994
2026-12-28 09:00:00,2.306085604677895,424.2640687119285
2026-12-28 10:00:00,2.605786872191784,519.6152422706632
2026-12-28 11:00:00,3.0825427399854575,579.555495773441
2026-12-28 12:00:00,3.7038630835451,600.0
2026-12-28 13:00:00,4.427405948237538,579.555495773441
2026-12-28 14:00:00,5.2038630835451,519.6152422706632
2026-12-28 15:00:00,5.980320218852662,424.26406871192853
2026-12-28 16:00:00,6.7038630835451,299.99999999999994
2026-12-28 17:00:00,7.325183427104742,155.29142706151262
2026-12-28 18:00:00,7.801939294898416,7.347880794884119e-14
2026-12-28 19:00:00,8.101640562412305,0.0
2026-12-28 20:00:00,8.2038630835451,0.0
2026-12-28 21:00:00,8.101640562412305,0.0
2026-12-28 22:00:00,7.801939294898416,0.0
2026-12-28 23:00:00,7.325183427104743,0.0
2026-12-29 00:00:00,6.670734480200177,0.0
2026-12-29 01:00:00,5.94719161550774,0.0
2026-12-29 02:00:00,5.170734480200178,0.0
2026-12-29 03:00:00,4.394277344892615,0.0
2026-12-29 04:00:00,3.670734480200178,0.0
2026-12-29 05:00:00,3.049414136640535,0.0
2026-12-29 06:00:00,2.5726582688468618,0.0
2026-12-29 07:00:00,2.2729570013329727,155.29142706151245
2026-12-29 08:00:00,2.170734480200178,299.99999999999994
2026-12-29 09:00:00,2.2729570013329727,424.2640687119285
2026-12-29 10:00:00,2.5726582688468618,519.6152422706632
2026-12-29 11:00:00,3.0494141366405354,579.555495773441
2026-12-29 12:00:00,3.670734480200178,600.0
2026-12-29 13:00:00,4.394277344892616,579.555495773441
2026-12-29 14:00:00,5.170734480200178,519.6152422706632
2026-12-29 15:00:00,5.94719161550774,424.26406871192853
2026-12-29 16:00:00,6.670734480200178,299.99999999999994
2026-12-29 17:00:00,7.29205482375982,155.29142706151262
2026-12-29 18:00:00,7.768810691553494,7.347880794884119e-14
2026-12-29 19:00:00,8.068511959067383,0.0
2026-12-29 20:00:00,8.170734480200178,0.0
2026-12-29 21:00:00,8.068511959067383,0.0
2026-12-29 22:00:00,7.768810691553494,0.0
2026-12-29 23:00:00,7.292054823759821,0.0
2026-12-30 00:00:00,6.640518500361696,0.0
2026-12-30 01:00:00,5.916975635669259,0.0
2026-12-30 02:00:00,5.140518500361697,0.0
2026-12-30 03:00:00,4.364061365054134,0.0
2026-12-30 04:00:00,3.640518500361697,0.0
2026-12-30 05:00:00,3.0191981568020543,0.0
2026-12-30 06:00:00,2.542442289008381,0.0
2026-12-30 07:00:00,2.242741021494492,155.29142706151245
2026-12-30 08:00:00,2.140518500361697,299.99999999999994
2026-12-30 09:00:00,2.242741021494492,424.2640687119285
2026-12-30 10:00:00,2.542442289008381,519.6152422706632
2026-12-30 11:00:00,3.0191981568020547,579.555495773441
2026-12-30 12:00:00,3.640518500361697,600.0
2026-12-30 13:00:00,4.364061365054135,579.555495773441
2026-12-30 14:00:00,5.140518500361697,519.6152422706632
2026-12-30 15:00:00,5.916975635669259,424.26406871192853
2026-12-30 16:00:00,6.640518500361697,299.99999999999994
2026-12-30 17:00:00,7.261838843921339,155.29142706151262
2026-12-30 18:00:00,7.738594711715013,7.347880794884119e-14
2026-12-30 19:00:00,8.038295979228902,0.0
2026-12-30 20:00:00,8.140518500361697,0.0
2026-12-30 21:00:00,8.038295979228902,0.0
2026-12-30 22:00:00,7.738594711715013,0.0
2026-12-30 23:00:00,7.26183884392134,0.0
2026-12-31 00:00:00,6.6132240976765955,0.0
2026-12-31 01:00:00,5.889681232984159,0.0
2026-12-31 02:00:00,5.113224097676596,0.0
2026-12-31 03:00:00,4.336766962369033,0.0
2026-12-31 04:00:00,3.6132240976765964,0.0
2026-12-31 05:00:00,2.9919037541169535,0.0
2026-12-31 06:00:00,2.5151478863232803,0.0
2026-12-31 07:00:00,2.2154466188093913,155.29142706151245
2026-12-31 08:00:00,2.1132240976765964,299.99999999999994
2026-12-31 09:00:00,2.2154466188093913,424.2640687119285
2026-12-31 10:00:00,2.5151478863232803,519.6152422706632
2026-12-31 11:00:00,2.991903754116954,579.555495773441
2026-12-31 12:00:00,3.6132240976765964,600.0
2026-12-31 13:00:00,4.336766962369034,579.555495773441
2026-12-31 14:00:00,5.113224097676596,519.6152422706632
2026-12-31 15:00:00,5.889681232984159,424.26406871192853
2026-12-31 16:00:00,6.613224097676596,299.99999999999994
2026-12-31 17:00:00,7.234544441236238,155.29142706151262
2026-12-31 18:00:00,7.711300309029912,7.347880794884119e-14
2026-12-31 19:00:00,8.011001576543801,0.0
2026-12-31 20:00:00,8.113224097676596,0.0
2026-12-31 21:00:00,8.011001576543801,0.0
2026-12-31 22:00:00,7.711300309029912,0.0
2026-12-31 23:00:00,7.234544441236239,0.0
